Date,Open,High,Low,Close,Volume,EMA20,EMA50,EMA200,RSI,MACD,MACD_Signal,ROC,ATR,BB_Width,Vol_MA,Vol_Ratio,Return_1D,Return_5D,Return_10D,Target,Probability,Signal,Position_Change
2024-05-15,1403.57,1412.94,1396.19,1399.4,5046534,-0.0119,-0.0156,0.0595,43.1133,-0.0102,-0.0078,-3.4577,0.0182,0.0787,11445440.2,0.4409,-0.0027,-0.0016,-0.0346,1,0.5093,-1,0
2024-05-16,1401.65,1410.49,1381.37,1408.37,14711774,-0.0051,-0.0089,0.0656,46.1353,-0.0093,-0.0081,-2.8094,0.0182,0.0769,11712719.7,1.2561,0.0064,0.0224,-0.0281,1,0.4729,-1,0
2024-05-17,1406.09,1420.07,1396.41,1418.59,10916476,0.0019,-0.0017,0.0725,49.4314,-0.0079,-0.008,0.1186,0.0185,0.0745,11308258.9,0.9654,0.0073,0.0201,0.0012,1,0.4869,-1,0
2024-05-21,1408.61,1424.64,1408.61,1419.01,11176128,0.002,-0.0013,0.0721,49.568,-0.0067,-0.0077,1.1692,0.0185,0.0713,11079976.4,1.0087,0.0003,0.0238,0.0117,1,0.4904,-1,0
2024-05-22,1419.16,1451.27,1419.16,1443.25,10281604,0.0173,0.0151,0.0894,56.8172,-0.0043,-0.0069,4.2223,0.0188,0.0662,11076538.5,0.9282,0.0171,0.0286,0.0422,1,0.5425,1,2
2024-05-23,1441.17,1474.44,1437.66,1468.34,14608260,0.0315,0.0314,0.1072,62.7807,-0.001,-0.0057,4.758,0.0196,0.0707,11076673.8,1.3188,0.0174,0.0493,0.0476,0,0.5541,1,0
2024-05-24,1465.95,1470.76,1458.51,1462.61,7094776,0.0248,0.0263,0.1017,60.7184,0.0012,-0.0043,6.1778,0.0174,0.0755,10908273.8,0.6504,-0.0039,0.0385,0.0618,0,0.5185,-1,-2
2024-05-27,1462.59,1467.21,1444.13,1448.78,6629010,0.0137,0.0159,0.0903,55.9419,0.0022,-0.003,4.1801,0.0177,0.077,10442528.0,0.6348,-0.0095,0.0213,0.0418,0,0.5046,-1,0
2024-05-28,1450.51,1460.88,1435.44,1438.85,7820162,0.0061,0.0086,0.0819,52.7341,0.0024,-0.002,3.8139,0.0176,0.0778,10362843.7,0.7546,-0.0069,0.014,0.0381,0,0.5069,-1,0
2024-05-29,1429.26,1440.63,1421.31,1423.61,7383556,-0.0041,-0.002,0.0697,48.1691,0.0017,-0.0013,1.4581,0.017,0.0767,10369622.8,0.712,-0.0106,-0.0136,0.0146,0,0.4758,-1,0
2024-05-30,1418.4,1423.24,1403.18,1407.87,13206858,-0.0137,-0.0125,0.0573,43.9384,0.0002,-0.001,0.6053,0.0166,0.0752,10456252.6,1.2631,-0.0111,-0.0412,0.0061,1,0.4571,-1,0
2024-05-31,1414.25,1425.06,1405.3,1413.36,31069832,-0.0089,-0.0083,0.0608,45.7288,-0.0007,-0.0009,0.3543,0.0164,0.072,11284111.9,2.7534,0.0039,-0.0337,0.0035,1,0.4901,-1,0
2024-06-03,1465.33,1496.45,1441.62,1492.33,21527942,0.0418,0.0452,0.1187,63.6917,0.003,-0.0001,5.1981,0.0184,0.0822,11499161.1,1.8721,0.0559,0.0301,0.052,0,0.549,1,2
2024-06-04,1480.2,1480.2,1343.1,1380.63,36709098,-0.0328,-0.0318,0.0346,42.3433,-0.0002,-0.0001,-2.7047,0.0262,0.0918,12964905.6,2.8314,-0.0748,-0.0405,-0.027,1,0.5096,-1,-2
2024-06-05,1405.06,1414.1,1367.61,1403.82,17464890,-0.015,-0.015,0.0514,46.3628,-0.0016,-0.0004,-2.732,0.0273,0.088,13112276.5,1.3319,0.0168,-0.0139,-0.0273,1,0.5165,-1,0
2024-06-06,1417.9,1426.5,1404.41,1414.54,17855722,-0.0068,-0.0071,0.0588,48.162,-0.002,-0.0007,-3.664,0.0268,0.0866,13533112.5,1.3194,0.0076,0.0047,-0.0366,1,0.5016,-1,0
2024-06-07,1411.48,1454.46,1409.5,1452.43,18558696,0.0179,0.0187,0.0863,54.0311,-0.0001,-0.0006,-0.696,0.0271,0.0819,13910566.7,1.3341,0.0268,0.0276,-0.007,1,0.563,1,2
2024-06-10,1452.43,1475.56,1450.58,1453.87,9251760,0.0171,0.0189,0.0864,54.2431,0.0013,-0.0002,0.3513,0.0275,0.0808,13847899.9,0.6681,0.001,-0.0258,0.0035,0,0.536,1,0
2024-06-11,1451.5,1456.12,1437.34,1439.32,11774902,0.0062,0.0084,0.0747,51.6507,0.0017,0.0002,0.0327,0.0272,0.0774,14013814.0,0.8402,-0.01,0.0425,0.0003,1,0.4874,-1,-2
2024-06-12,1440.13,1458.41,1437.84,1445.89,10081742,0.0098,0.0124,0.0788,52.7488,0.0023,0.0006,1.565,0.0262,0.0756,14158486.1,0.7121,0.0046,0.03,0.0157,1,0.5251,1,2
2024-06-13,1454.46,1454.71,1442.7,1447.79,9181160,0.01,0.0132,0.0793,53.0807,0.0029,0.0011,2.8355,0.0262,0.0731,14365217.4,0.6391,0.0013,0.0235,0.0284,1,0.5258,1,0
2024-06-14,1452.48,1462.04,1439.86,1459.94,8157998,0.0167,0.0209,0.0874,55.2455,0.0039,0.0016,3.2957,0.0259,0.0721,14037528.6,0.5812,0.0084,0.0052,0.033,1,0.5363,1,0
2024-06-18,1469.63,1469.68,1453.82,1463.38,7196766,0.0173,0.0223,0.089,55.8664,0.0049,0.0023,-1.9399,0.0254,0.0727,13851543.1,0.5196,0.0024,0.0065,-0.0194,0,0.5472,1,0
2024-06-19,1469.78,1469.78,1438.65,1441.27,8725874,0.0017,0.0066,0.0718,50.9719,0.0045,0.0027,4.3922,0.0264,0.0727,13729030.4,0.6356,-0.0151,0.0014,0.0439,1,0.4979,-1,-2
2024-06-20,1441.62,1465.18,1432.82,1456.14,16113776,0.0109,0.0163,0.0819,53.8973,0.0048,0.0031,3.727,0.0267,0.0726,14020639.0,1.1493,0.0103,0.0071,0.0373,0,0.561,1,2
2024-06-21,1456.07,1457.13,1423.41,1436.87,31170360,-0.0023,0.0028,0.0669,49.7541,0.004,0.0033,1.5786,0.0277,0.0713,14848744.0,2.0992,-0.0132,-0.0075,0.0158,0,0.4918,-1,-2
2024-06-24,1428.3,1432.23,1420.37,1424.3,8878386,-0.0099,-0.0058,0.057,47.205,0.0026,0.0032,-1.9368,0.0246,0.0708,14937924.5,0.5944,-0.0087,-0.0244,-0.0194,1,0.4816,-1,0
2024-06-25,1425.81,1438.58,1423.83,1436.82,7045386,-0.0011,0.0028,0.0656,49.9553,0.0022,0.003,-1.1727,0.0177,0.0697,14958743.3,0.471,0.0088,-0.0181,-0.0117,1,0.5139,-1,0
2024-06-26,1428.82,1500.88,1427.91,1495.98,22014882,0.0361,0.0423,0.1082,60.4417,0.0049,0.0033,3.9366,0.0183,0.0758,15668479.3,1.405,0.0412,0.038,0.0394,1,0.5688,1,2
2024-06-27,1495.71,1519.18,1488.06,1512.31,28383030,0.0427,0.0515,0.119,62.7613,0.0079,0.0042,4.5937,0.0185,0.0857,16718453.0,1.6977,0.0109,0.0386,0.0459,1,0.5473,1,0
2024-06-28,1512.78,1562.16,1512.78,1546.75,28957336,0.0597,0.0723,0.1428,67.1378,0.0117,0.0056,6.8352,0.0183,0.0997,17505976.9,1.6541,0.0228,0.0765,0.0684,0,0.5505,1,0
2024-07-01,1543.91,1560.58,1537.14,1541.56,7724306,0.0505,0.0658,0.1374,65.8813,0.0144,0.0074,5.5906,0.0183,0.1101,16338700.6,0.4728,-0.0034,0.0823,0.0559,1,0.5482,1,0
2024-07-02,1550.8,1554.75,1538.45,1546.53,7749246,0.0485,0.0663,0.1395,66.5273,0.0166,0.0092,5.6821,0.0181,0.1199,15649765.8,0.4952,0.0032,0.0764,0.0568,0,0.5432,1,0
2024-07-03,1547.66,1556.23,1524.39,1533.93,9049620,0.036,0.0553,0.1287,63.257,0.0176,0.0109,6.4291,0.0188,0.1178,14266791.9,0.6343,-0.0081,0.0254,0.0643,1,0.5122,-1,-2
2024-07-04,1538.45,1548.82,1532.32,1535.51,6837176,0.0335,0.054,0.1284,63.4993,0.0182,0.0124,5.4507,0.019,0.1172,13735406.2,0.4978,0.001,0.0153,0.0545,1,0.5245,1,2
2024-07-05,1535.31,1579.45,1529.55,1569.7,12269710,0.0508,0.0742,0.1518,68.3615,0.0198,0.0137,9.2444,0.0199,0.1209,13456105.6,0.9118,0.0223,0.0148,0.0924,1,0.5389,1,0
2024-07-08,1570.07,1589.63,1563.67,1581.82,9500806,0.053,0.079,0.1588,69.8926,0.0216,0.0152,11.0595,0.0202,0.1311,13003211.1,0.7307,0.0077,0.0261,0.1106,0,0.529,1,0
2024-07-09,1578.56,1581.43,1561.67,1571.33,6960002,0.0415,0.0689,0.1494,66.8761,0.0225,0.0167,9.3616,0.0198,0.1382,12888623.2,0.54,-0.0066,0.016,0.0936,0,0.5383,1,0
2024-07-10,1575.99,1578.46,1544.52,1565.35,7134578,0.0338,0.0621,0.1434,65.1498,0.0226,0.0179,4.6371,0.0199,0.1403,12656607.0,0.5637,-0.0038,0.0205,0.0464,0,0.5308,1,0
2024-07-11,1568.58,1585.13,1551.79,1561.82,11940946,0.0284,0.0572,0.1392,64.098,0.0222,0.0188,3.2738,0.02,0.1407,12749567.2,0.9366,-0.0023,0.0171,0.0327,1,0.5119,-1,-2
2024-07-12,1565.62,1586.02,1555.74,1577.7,12924784,0.035,0.0651,0.1491,66.7023,0.0222,0.0193,2.001,0.0204,0.1402,12936748.4,0.9991,0.0102,0.0051,0.02,1,0.5389,1,2
2024-07-15,1585.33,1586.72,1566.61,1578.19,5329688,0.0319,0.0627,0.1477,66.7824,0.0221,0.0199,2.3762,0.0206,0.1411,12795332.9,0.4165,0.0003,-0.0023,0.0238,0,0.536,1,0
2024-07-16,1574.51,1580.94,1550.43,1557.47,9386838,0.0166,0.0468,0.1312,60.1911,0.0211,0.0203,0.7074,0.019,0.1404,12904836.5,0.7274,-0.0131,-0.0088,0.0071,1,0.4854,-1,-2
2024-07-18,1557.22,1574.91,1539.26,1567.77,12298374,0.021,0.0515,0.1371,62.1889,0.0202,0.0202,2.2061,0.019,0.1324,13083461.5,0.94,0.0066,0.0015,0.0221,0,0.5077,-1,0
2024-07-19,1567.1,1571.03,1534.3,1536.62,13140390,0.0007,0.0294,0.1132,53.4522,0.0181,0.0201,0.0723,0.0188,0.1274,12934792.2,1.0159,-0.0199,-0.0161,0.0007,0,0.4887,-1,0
2024-07-22,1518.93,1519.18,1481.41,1482.79,19674376,-0.0312,-0.0064,0.0734,42.3736,0.0137,0.0194,-5.5367,0.021,0.1215,12359993.0,1.5918,-0.035,-0.0602,-0.0554,0,0.4726,-1,0
2024-07-23,1483.11,1487.81,1445.57,1470.17,18052044,-0.0358,-0.0143,0.0636,40.2665,0.0089,0.0174,-7.0583,0.0225,0.1087,12818675.9,1.4083,-0.0085,-0.0684,-0.0706,1,0.4973,-1,0
2024-07-24,1467.31,1491.51,1458.81,1477.88,11913362,-0.0279,-0.0088,0.0685,42.1589,0.0054,0.015,-5.9472,0.0224,0.0953,13062074.7,0.9121,0.0052,-0.0511,-0.0595,0,0.5081,-1,0
2024-07-25,1463.35,1482.6,1459.47,1474.62,12519876,-0.0273,-0.0106,0.0654,41.5593,0.0024,0.0125,-5.7961,0.0228,0.1001,12587324.4,0.9946,-0.0022,-0.0594,-0.058,1,0.5075,-1,0
2024-07-26,1474.62,1494.4,1472.59,1491.04,9859940,-0.0149,0.0004,0.0764,45.7444,0.0009,0.01,-4.5319,0.0212,0.102,11661169.9,0.8455,0.0111,-0.0297,-0.0453,1,0.4764,-1,0
2024-07-29,1493.93,1509.3,1493.76,1501.99,7538550,-0.007,0.0075,0.0834,48.3982,0.0003,0.008,-4.7988,0.0206,0.1034,10590230.6,0.7118,0.0073,0.0129,-0.048,0,0.4914,-1,0
2024-07-30,1498.95,1506.83,1492.01,1495.12,8228208,-0.0104,0.0028,0.0776,46.8499,-0.0005,0.0064,-5.2636,0.0205,0.1066,10615425.7,0.7751,-0.0046,0.017,-0.0526,0,0.4714,-1,0
2024-07-31,1486.08,1492.45,1483.26,1487.49,10057346,-0.014,-0.0023,0.0714,45.1233,-0.0015,0.0048,-4.4932,0.0195,0.1104,10730830.7,0.9372,-0.0051,0.0065,-0.0449,1,0.4711,-1,0
2024-08-01,1493.98,1499.91,1486.38,1497.24,10764222,-0.0068,0.0041,0.0776,47.7721,-0.0018,0.0035,-4.4987,0.0185,0.1114,10816560.8,0.9952,0.0066,0.0153,-0.045,0,0.4921,-1,0
2024-08-02,1487.07,1491.34,1475.48,1481.46,10268248,-0.0157,-0.0062,0.0655,44.0649,-0.0028,0.0022,-3.5897,0.0182,0.1161,10988114.4,0.9345,-0.0105,-0.0064,-0.0359,0,0.445,-1,0
2024-08-05,1462.37,1466.22,1416.17,1430.08,17046704,-0.0453,-0.0392,0.0283,34.6394,-0.0066,0.0005,-3.5548,0.0212,0.1308,11226964.1,1.5184,-0.0347,-0.0479,-0.0355,1,0.49,-1,0
2024-08-06,1437.81,1459.89,1434.03,1438.7,10236186,-0.0359,-0.0321,0.0341,37.0713,-0.0089,-0.0014,-2.1406,0.021,0.1325,11263733.1,0.9088,0.006,-0.0377,-0.0214,1,0.5179,-1,0
2024-08-07,1451.5,1454.95,1444.09,1447.37,8174568,-0.0273,-0.0253,0.0399,39.5093,-0.0101,-0.0031,-2.0644,0.0199,0.1316,11324461.4,0.7219,0.006,-0.027,-0.0206,0,0.489,-1,0
2024-08-08,1440.16,1447.54,1428.7,1431.86,12387192,-0.0343,-0.0344,0.0285,36.7653,-0.0119,-0.0049,-2.8997,0.0192,0.1347,11587092.1,1.0691,-0.0107,-0.0437,-0.029,1,0.5088,-1,0
2024-08-09,1442.6,1458.91,1438.65,1456.73,6249776,-0.0158,-0.0169,0.0459,43.5371,-0.0115,-0.0061,-2.3011,0.0175,0.1284,11302533.6,0.553,0.0174,-0.0167,-0.023,0,0.5222,1,2
2024-08-12,1452.48,1455.45,1440.38,1443.22,8184584,-0.0227,-0.025,0.0358,40.9703,-0.0121,-0.0074,-3.9128,0.0164,0.1211,11065523.6,0.7396,-0.0093,0.0092,-0.0391,1,0.511,-1,-2
2024-08-13,1443.34,1452.56,1440.63,1446.19,6265064,-0.0187,-0.0221,0.0375,41.7829,-0.0122,-0.0083,-3.2726,0.0153,0.1078,11112292.4,0.5638,0.0021,0.0052,-0.0327,0,0.5312,1,2
2024-08-14,1446.11,1454.46,1436.38,1444.43,6267466,-0.018,-0.0224,0.0359,41.4191,-0.0122,-0.0091,-2.8948,0.0151,0.0977,10956323.8,0.572,-0.0012,-0.002,-0.0289,1,0.537,1,0
2024-08-16,1451.15,1462.76,1440.68,1460.59,9416902,-0.0064,-0.011,0.047,46.0635,-0.011,-0.0094,-2.4478,0.015,0.0762,10812250.2,0.8709,0.0112,0.0201,-0.0245,1,0.5035,-1,-2
2024-08-19,1469.81,1485.47,1467.82,1475.66,13797742,0.0035,-0.0008,0.0572,50.0413,-0.0092,-0.0093,-0.3915,0.0151,0.0624,10845117.8,1.2723,0.0103,0.013,-0.0039,1,0.5415,1,2
2024-08-20,1484.41,1491.05,1477.27,1483.14,8411808,0.0078,0.0041,0.0619,51.936,-0.0073,-0.0089,3.7103,0.0151,0.0622,10281989.4,0.8181,0.0051,0.0277,0.0371,1,0.521,1,0
2024-08-21,1480.46,1494.96,1477.24,1485.84,7769996,0.0087,0.0057,0.0631,52.6343,-0.0056,-0.0082,3.2766,0.0153,0.0631,9767887.0,0.7955,0.0018,0.0274,0.0328,0,0.5174,-1,-2
2024-08-22,1490.13,1493.6,1477.89,1485.3,10445782,0.0075,0.0051,0.0621,52.4701,-0.0043,-0.0074,2.6206,0.0154,0.0637,9694508.0,1.0775,-0.0004,0.0283,0.0262,1,0.5413,1,2
2024-08-23,1490.87,1498.38,1485.6,1487.13,9249654,0.0079,0.0061,0.0627,53.0052,-0.0031,-0.0065,3.86,0.015,0.0646,9530996.9,0.9705,0.0012,0.0182,0.0386,1,0.539,1,0
2024-08-26,1494.07,1509.96,1490.13,1499.65,8816114,0.0148,0.014,0.0709,56.6043,-0.0014,-0.0055,2.9463,0.0129,0.0654,9478805.6,0.9301,0.0084,0.0163,0.0295,0,0.5458,1,0
2024-08-27,1497.57,1500.52,1486.61,1487.6,6251156,0.006,0.0056,0.0616,52.4415,-0.0008,-0.0046,3.0751,0.0122,0.0637,9414435.9,0.664,-0.008,0.003,0.0308,0,0.5312,1,0
2024-08-28,1492.11,1494.57,1480.22,1485.47,9610286,0.0041,0.004,0.0595,51.7174,-0.0004,-0.0037,2.7161,0.0121,0.0625,9483539.8,1.0134,-0.0014,-0.0002,0.0272,1,0.5362,1,0
2024-08-29,1490.23,1523.84,1481.21,1507.9,38335358,0.0174,0.0184,0.0747,58.2538,0.0012,-0.0027,4.3941,0.0131,0.0651,10897440.4,3.5178,0.0151,0.0152,0.0439,0,0.5816,1,0
2024-08-30,1520.87,1526.54,1490.45,1496.7,41620730,0.0089,0.0104,0.066,54.3008,0.0017,-0.0018,2.4723,0.0136,0.0655,12440265.8,3.3456,-0.0074,0.0064,0.0247,1,0.5468,1,0
2024-09-02,1497.94,1513.73,1493.73,1503.27,11240852,0.0121,0.0142,0.0699,56.1793,0.0025,-0.001,1.871,0.0137,0.068,12488896.0,0.9001,0.0044,0.0024,0.0187,0,0.5445,1,0
2024-09-03,1508.23,1509.96,1494.59,1496.2,10923800,0.0066,0.0091,0.0642,53.6248,0.0027,-0.0002,0.8806,0.0139,0.0652,12182750.8,0.8967,-0.0047,0.0058,0.0088,1,0.5402,1,0
2024-09-04,1487.85,1504.51,1486.66,1501.58,11983304,0.0092,0.0122,0.0673,55.2908,0.0032,0.0005,1.0593,0.0139,0.0633,12270106.7,0.9766,0.0036,0.0108,0.0106,0,0.5453,1,0
2024-09-05,1506.04,1512.71,1474.32,1480.19,16264168,-0.0046,-0.0021,0.0515,47.9199,0.0023,0.0008,-0.344,0.0149,0.0615,12674586.7,1.2832,-0.0142,-0.0184,-0.0034,0,0.5092,-1,-2
2024-09-06,1479.72,1484.18,1449.11,1452.28,19394228,-0.0212,-0.0201,0.0314,40.3595,0.0001,0.0007,-2.3434,0.0157,0.0578,13024938.5,1.489,-0.0189,-0.0297,-0.0234,0,0.4928,-1,0
2024-09-09,1453.94,1457.34,1443.14,1449.93,9010298,-0.0207,-0.0209,0.0294,39.7903,-0.0018,0.0002,-3.3154,0.0156,0.0591,13162964.6,0.6845,-0.0016,-0.0355,-0.0332,0,0.5265,1,2
2024-09-10,1448.0,1459.45,1445.1,1449.01,10768260,-0.0193,-0.0207,0.0285,39.5551,-0.0033,-0.0005,-2.5941,0.0155,0.0578,13292148.4,0.8101,-0.0006,-0.0315,-0.0259,0,0.5079,-1,-2
2024-09-11,1450.52,1456.17,1435.16,1439.07,9760202,-0.0236,-0.0263,0.0212,37.0095,-0.005,-0.0014,-3.1236,0.0158,0.06,13466905.3,0.7248,-0.0069,-0.0416,-0.0312,1,0.5151,-1,0
2024-09-12,1444.53,1473.28,1433.5,1467.13,22349376,-0.0042,-0.0071,0.0407,47.3166,-0.0046,-0.002,-2.7038,0.0168,0.0552,14271000.8,1.5661,0.0195,-0.0088,-0.027,0,0.5139,-1,0
2024-09-13,1463.76,1470.45,1456.92,1460.02,8711328,-0.0081,-0.0114,0.0353,45.2942,-0.0048,-0.0026,-2.4507,0.0165,0.0556,14235722.1,0.6119,-0.0048,0.0053,-0.0245,0,0.4928,-1,0
2024-09-16,1464.9,1468.22,1452.21,1458.75,5481774,-0.0081,-0.0118,0.034,44.9249,-0.0049,-0.003,-2.9615,0.0166,0.057,13819923.7,0.3967,-0.0009,0.0061,-0.0296,1,0.4998,-1,0
2024-09-17,1461.38,1464.82,1454.07,1459.69,5935328,-0.0068,-0.0107,0.0343,45.2805,-0.0049,-0.0034,-2.4402,0.0164,0.0581,13696099.7,0.4334,0.0006,0.0074,-0.0244,0,0.5062,-1,0
2024-09-18,1457.41,1469.31,1448.04,1450.92,8574714,-0.0116,-0.016,0.0278,42.5214,-0.0053,-0.0038,-3.3738,0.0154,0.0604,13736335.6,0.6242,-0.006,0.0082,-0.0337,1,0.5234,1,2
2024-09-19,1453.7,1463.86,1443.09,1457.09,16955902,-0.0067,-0.0114,0.0319,45.0579,-0.0052,-0.0041,-1.5606,0.0146,0.0609,14061841.6,1.2058,0.0043,-0.0068,-0.0156,1,0.5138,-1,-2
2024-09-20,1461.38,1482.2,1458.78,1473.2,30897320,0.0039,-0.0004,0.0428,51.123,-0.0042,-0.0041,1.4405,0.0147,0.0597,15144224.9,2.0402,0.0111,0.009,0.0144,1,0.5318,1,2
2024-09-23,1478.23,1488.64,1476.2,1480.59,8832314,0.0081,0.0044,0.0476,53.6506,-0.0029,-0.0038,2.1146,0.0146,0.0573,15145034.9,0.5832,0.005,0.015,0.0211,0,0.5402,1,0
2024-09-24,1475.76,1487.65,1475.14,1476.62,17137444,0.0049,0.0016,0.0443,52.0921,-0.0022,-0.0035,1.9054,0.0144,0.0567,15689349.3,1.0923,-0.0027,0.0116,0.0191,1,0.5419,1,0
2024-09-25,1471.19,1483.69,1467.53,1481.16,7069002,0.0072,0.0045,0.047,53.7468,-0.0013,-0.003,2.9248,0.0133,0.0562,15562285.1,0.4542,0.0031,0.0208,0.0292,1,0.5487,1,0
2024-09-26,1477.89,1491.12,1475.31,1485.12,18818998,0.0089,0.0069,0.0493,55.2003,-0.0004,-0.0025,1.2262,0.0123,0.052,14586467.1,1.2902,0.0027,0.0192,0.0123,1,0.5525,1,0
2024-09-27,1486.17,1520.35,1479.23,1513.11,20597478,0.0252,0.0249,0.0683,63.848,0.0018,-0.0016,3.6363,0.0134,0.0549,13535304.5,1.5218,0.0188,0.0271,0.0364,0,0.5847,1,0
2024-09-30,1506.39,1511.92,1461.78,1463.93,27008814,-0.0073,-0.0081,0.0333,46.7664,0.001,-0.0011,0.3551,0.0156,0.0531,14323702.6,1.8856,-0.0325,-0.0113,0.0036,0,0.4826,-1,-2
2024-10-01,1467.97,1475.21,1450.3,1452.28,16431642,-0.0138,-0.0154,0.0248,43.7785,-0.0004,-0.001,-0.5076,0.016,0.0517,14599094.7,1.1255,-0.008,-0.0165,-0.0051,0,0.5048,-1,0
2024-10-03,1424.28,1436.99,1390.07,1394.93,37757294,-0.048,-0.0523,-0.0155,32.7021,-0.0049,-0.0018,-3.8589,0.0178,0.0666,15887794.2,2.3765,-0.0395,-0.0582,-0.0386,0,0.4776,-1,0
2024-10-04,1391.9,1405.21,1369.94,1374.65,37072876,-0.0563,-0.0636,-0.0296,29.8282,-0.0096,-0.0034,-5.6579,0.0192,0.0872,16928229.6,2.19,-0.0145,-0.0744,-0.0566,0,0.4879,-1,0
2024-10-07,1381.57,1384.54,1349.72,1358.99,22181340,-0.061,-0.0716,-0.0402,27.7967,-0.0141,-0.0056,-7.7525,0.0204,0.1093,17067585.2,1.2996,-0.0114,-0.1019,-0.0775,1,0.5175,-1,0
2024-10-08,1361.22,1389.0,1353.41,1385.39,17020808,-0.0389,-0.0515,-0.0214,35.7419,-0.0156,-0.0075,-6.4299,0.0213,0.1156,17468110.7,0.9744,0.0194,-0.0537,-0.0643,0,0.5541,1,2
2024-10-09,1385.56,1388.98,1360.75,1362.83,14310610,-0.0496,-0.0645,-0.037,32.4553,-0.0184,-0.0098,-7.7061,0.022,0.1304,17645228.2,0.811,-0.0163,-0.0616,-0.0771,0,0.5233,1,0
2024-10-10,1368.21,1374.13,1357.7,1359.31,22358646,-0.0473,-0.0645,-0.0391,31.9614,-0.0205,-0.0119,-8.2267,0.0218,0.1424,18275150.4,1.2234,-0.0026,-0.0255,-0.0823,1,0.5434,1,0
2024-10-11,1358.27,1371.43,1357.11,1360.35,7980122,-0.0423,-0.0614,-0.038,32.2892,-0.0217,-0.0139,-8.4013,0.0212,0.1504,17556687.7,0.4545,0.0008,-0.0104,-0.084,1,0.5469,1,0
2024-10-14,1367.64,1368.26,1356.54,1360.77,12221432,-0.0382,-0.0589,-0.0373,32.4308,-0.0224,-0.0156,-10.068,0.021,0.1569,17732192.9,0.6892,0.0003,0.0013,-0.1007,0,0.5428,1,0
2024-10-15,1346.89,1359.96,1329.22,1332.52,33762794,-0.0529,-0.0756,-0.0568,28.1647,-0.0249,-0.0177,-8.9765,0.0225,0.1717,19146243.9,1.7634,-0.0208,-0.0382,-0.0898,1,0.5161,-1,-2
2024-10-16,1328.53,1352.32,1326.17,1342.48,20034438,-0.0416,-0.0662,-0.0492,31.5819,-0.0254,-0.0192,-7.5605,0.0229,0.1768,19851199.4,1.0092,0.0075,-0.0149,-0.0756,1,0.5525,1,2
2024-10-17,1354.01,1356.73,1340.47,1344.81,15543660,-0.0363,-0.0622,-0.0471,32.3922,-0.0255,-0.0204,-3.593,0.0228,0.1814,20199646.7,0.7695,0.0017,-0.0107,-0.0359,1,0.5355,1,0
2024-10-18,1340.6,1356.71,1329.84,1347.66,12082452,-0.0311,-0.058,-0.0447,33.4306,-0.0251,-0.0213,-1.9634,0.022,0.1832,19955974.2,0.6055,0.0021,-0.0093,-0.0196,1,0.5388,1,0
2024-10-21,1355.42,1362.24,1346.1,1357.48,14067408,-0.0218,-0.0492,-0.0374,37.0202,-0.0237,-0.0217,-0.1111,0.02,0.1787,19114478.6,0.736,0.0073,-0.0024,-0.0011,0,0.532,1,0
2024-10-22,1357.48,1364.22,1328.75,1331.85,15831960,-0.0366,-0.0647,-0.055,32.1478,-0.0245,-0.0226,-3.8646,0.021,0.179,19464460.9,0.8134,-0.0189,-0.0005,-0.0386,0,0.5162,-1,-2
2024-10-23,1326.05,1345.85,1323.57,1327.06,17214742,-0.0364,-0.0655,-0.0579,31.3182,-0.0249,-0.0231,-2.6247,0.0189,0.1751,19468325.8,0.8842,-0.0036,-0.0115,-0.0262,1,0.5275,1,2
2024-10-24,1323.84,1332.2,1311.8,1328.33,22155934,-0.0322,-0.0623,-0.0564,31.8206,-0.0247,-0.0234,-2.2791,0.0181,0.1656,20222672.4,1.0956,0.001,-0.0123,-0.0228,0,0.5323,1,0
2024-10-25,1332.0,1332.84,1310.68,1316.48,18597496,-0.0371,-0.0681,-0.0642,29.6419,-0.0253,-0.0239,-3.2249,0.0176,0.1539,20211597.3,0.9201,-0.0089,-0.0231,-0.0322,1,0.5257,1,0
2024-10-28,1325.55,1341.42,1310.78,1322.93,10824350,-0.0294,-0.0612,-0.0591,32.3567,-0.0247,-0.024,-2.7808,0.0172,0.1181,19722940.9,0.5488,0.0049,-0.0255,-0.0278,1,0.539,1,0
2024-10-29,1316.73,1331.7,1309.0,1328.53,12008361,-0.0229,-0.0551,-0.0546,34.7121,-0.0237,-0.0239,-0.2994,0.0168,0.0942,18972918.25,0.6329,0.0042,-0.0025,-0.003,1,0.5342,1,0
2024-10-30,1323.57,1338.44,1314.0,1332.39,11984423,-0.0182,-0.0504,-0.0514,36.3571,-0.0223,-0.0235,-0.7516,0.0172,0.0646,18750557.3,0.6392,0.0029,0.004,-0.0075,0,0.5306,1,0
2024-10-31,1328.53,1331.5,1314.8,1320.65,9331650,-0.0243,-0.0566,-0.0592,33.5853,-0.022,-0.0234,-1.7965,0.0175,0.0587,17329275.1,0.5385,-0.0088,-0.0058,-0.018,1,0.5429,1,0
2024-11-01,1321.64,1330.46,1321.59,1327.19,2127335,-0.0177,-0.05,-0.054,36.4901,-0.0209,-0.0228,-1.5189,0.0174,0.0555,15581998.05,0.1365,0.005,0.0081,-0.0152,0,0.5389,1,0
2024-11-04,1326.4,1328.53,1274.1,1291.0,19796890,-0.0404,-0.0731,-0.0791,28.9457,-0.0226,-0.0232,-4.8973,0.0191,0.0658,15462775.55,1.2803,-0.0273,-0.0241,-0.049,1,0.5108,-1,-2
2024-11-05,1281.93,1298.34,1275.14,1294.12,16267479,-0.0346,-0.0683,-0.0761,30.284,-0.023,-0.0231,-2.8329,0.0189,0.0635,15425109.1,1.0546,0.0024,-0.0259,-0.0283,1,0.5303,1,2
2024-11-06,1298.78,1316.93,1289.07,1314.0,21625209,-0.0179,-0.052,-0.0613,38.2627,-0.0215,-0.0225,-0.9841,0.0192,0.0605,15790839.05,1.3695,0.0154,-0.0138,-0.0098,0,0.5516,1,0
2024-11-07,1312.66,1312.66,1291.45,1294.47,9611974,-0.0295,-0.0636,-0.0746,34.1302,-0.0219,-0.0227,-2.5491,0.0193,0.0633,15153505.45,0.6343,-0.0149,-0.0198,-0.0255,0,0.5201,1,0
2024-11-08,1286.54,1290.51,1264.08,1272.76,19814406,-0.0416,-0.0765,-0.0893,30.2226,-0.0234,-0.0231,-3.321,0.0204,0.0711,15745219.65,1.2584,-0.0168,-0.041,-0.0332,0,0.5229,1,0
2024-11-11,1268.0,1274.99,1256.15,1261.8,9056552,-0.0453,-0.0814,-0.0963,28.4516,-0.025,-0.0237,-4.6208,0.0197,0.0791,15586975.65,0.581,-0.0086,-0.0226,-0.0462,1,0.534,1,0
2024-11-12,1264.63,1278.26,1256.65,1263.34,10671091,-0.0401,-0.0773,-0.0943,29.0805,-0.0256,-0.024,-4.9069,0.0196,0.0876,14432390.5,0.7394,0.0012,-0.0238,-0.0491,0,0.531,1,0
2024-11-13,1259.37,1264.53,1238.8,1241.33,14633633,-0.0517,-0.0901,-0.1091,25.6153,-0.0277,-0.0251,-6.8343,0.0203,0.1017,14162350.25,1.0333,-0.0174,-0.0553,-0.0683,1,0.5215,1,0
2024-11-14,1242.87,1261.7,1240.39,1256.75,12612633,-0.0363,-0.0759,-0.0972,31.7511,-0.0273,-0.0253,-4.8385,0.02,0.104,14015798.9,0.8999,0.0124,-0.0291,-0.0484,0,0.5351,1,0
2024-11-18,1256.75,1262.0,1233.25,1249.96,13620611,-0.0377,-0.078,-0.1011,30.5558,-0.0276,-0.0259,-5.8191,0.02,0.1072,14092706.85,0.9665,-0.0054,-0.0179,-0.0582,0,0.5339,1,0
2024-11-19,1249.96,1270.53,1224.57,1231.02,14183746,-0.0475,-0.0887,-0.1137,27.4516,-0.029,-0.0268,-4.646,0.0216,0.1116,14098523.75,1.006,-0.0152,-0.0244,-0.0465,0,0.5275,1,0
2024-11-21,1231.02,1233.3,1206.83,1212.53,19433843,-0.0563,-0.0987,-0.126,24.8025,-0.0311,-0.028,-6.3047,0.0221,0.1248,14278617.9,1.361,-0.015,-0.0402,-0.063,1,0.5235,1,0
2024-11-22,1218.87,1257.99,1211.98,1254.57,20471957,-0.0213,-0.065,-0.0948,39.1747,-0.0283,-0.0273,-4.5228,0.0229,0.1196,14441478.65,1.4176,0.0347,0.0107,-0.0452,1,0.5617,1,0
2024-11-25,1278.95,1293.28,1271.47,1275.98,28923341,-0.0042,-0.0472,-0.0786,44.9457,-0.0249,-0.0265,-1.4284,0.0242,0.1134,14779849.0,1.9569,0.0171,0.0153,-0.0143,1,0.5532,1,0
2024-11-26,1283.86,1286.74,1273.2,1284.61,9247557,0.0023,-0.0393,-0.0717,47.1235,-0.0215,-0.0253,0.931,0.0217,0.11,14312352.05,0.6461,0.0068,0.0277,0.0093,0,0.5295,1,0
2024-11-27,1282.43,1292.69,1274.99,1282.13,9572746,0.0003,-0.0396,-0.0728,46.5536,-0.019,-0.0241,1.6112,0.0215,0.1059,14249771.85,0.6718,-0.0019,0.0415,0.0161,0,0.538,1,0
2024-11-28,1278.91,1285.5,1258.18,1259.92,15027412,-0.0154,-0.0541,-0.0881,41.6908,-0.0185,-0.0233,-0.2707,0.0218,0.1021,14400724.4,1.0435,-0.0173,0.0391,-0.0027,1,0.5397,1,0
2024-11-29,1269.04,1288.37,1264.33,1281.14,13202307,0.0011,-0.0367,-0.072,47.3495,-0.016,-0.0215,3.207,0.0218,0.0916,14461618.6,0.9129,0.0168,0.0212,0.0321,1,0.548,1,0
2024-12-02,1276.97,1300.12,1266.12,1297.94,11024152,0.0128,-0.0232,-0.0593,51.373,-0.0129,-0.0196,3.2775,0.0217,0.0857,14546243.7,0.7579,0.0131,0.0172,0.0328,1,0.5183,-1,-2
2024-12-03,1305.72,1315.44,1295.81,1311.97,16869482,0.0215,-0.0121,-0.0487,54.5001,-0.0095,-0.0174,4.961,0.0215,0.0805,15283351.05,1.1038,0.0108,0.0213,0.0496,0,0.5244,1,2
2024-12-04,1314.65,1317.03,1292.88,1297.74,19608540,0.0094,-0.022,-0.0585,50.9231,-0.0078,-0.0156,5.4199,0.0219,0.0823,15273933.55,1.2838,-0.0108,0.0122,0.0542,1,0.4861,-1,-2
2024-12-05,1303.1,1318.56,1294.97,1310.73,16858723,0.0176,-0.0117,-0.0486,53.8977,-0.0054,-0.0135,8.0988,0.0216,0.0845,15303495.75,1.1016,0.01,0.0403,0.081,0,0.5248,1,2
2024-12-06,1312.56,1312.56,1298.78,1300.32,9037514,0.0086,-0.0188,-0.0556,51.2185,-0.0042,-0.0117,3.6467,0.0213,0.0823,14674111.0,0.6159,-0.0079,0.015,0.0365,0,0.4855,-1,-2
2024-12-09,1291.84,1303.74,1282.03,1284.06,14650002,-0.0036,-0.0299,-0.0668,47.2663,-0.0043,-0.0103,0.6332,0.0212,0.0822,14926012.4,0.9815,-0.0125,-0.0107,0.0063,0,0.4839,-1,0
2024-12-10,1278.21,1283.81,1269.24,1273.85,16043729,-0.0105,-0.0362,-0.0735,44.9223,-0.0049,-0.0093,-0.8376,0.0196,0.0829,14737478.55,1.0886,-0.008,-0.0291,-0.0084,0,0.5047,-1,0
2024-12-11,1274.0,1278.95,1265.12,1267.26,11724373,-0.0141,-0.0396,-0.0776,43.4254,-0.0057,-0.0086,-1.1598,0.019,0.0831,14870869.6,0.7884,-0.0052,-0.0235,-0.0116,0,0.5072,-1,0
2024-12-12,1259.13,1267.26,1249.81,1252.09,20906813,-0.0235,-0.0492,-0.0878,40.1118,-0.0073,-0.0085,-0.6215,0.0176,0.0851,15382655.7,1.3591,-0.012,-0.0447,-0.0062,1,0.5027,-1,0
2024-12-13,1249.21,1264.28,1228.99,1261.95,28630222,-0.0143,-0.0402,-0.0799,43.1483,-0.0078,-0.0083,-1.4979,0.0173,0.0818,16082485.15,1.7802,0.0079,-0.0295,-0.015,0,0.5109,-1,0
2024-12-16,1264.08,1270.03,1255.71,1257.44,9486781,-0.0162,-0.0419,-0.0824,42.0969,-0.0084,-0.0083,-3.1203,0.0174,0.082,15926192.55,0.5957,-0.0036,-0.0207,-0.0312,0,0.5332,1,2
2024-12-17,1250.25,1253.08,1232.16,1234.64,17462791,-0.0309,-0.0571,-0.0982,37.1664,-0.0104,-0.0089,-5.8942,0.0181,0.0865,16118301.55,1.0834,-0.0181,-0.0308,-0.0589,1,0.5015,-1,-2
2024-12-18,1230.03,1249.16,1230.03,1242.52,12670179,-0.0224,-0.0492,-0.0916,39.7911,-0.0111,-0.0093,-4.2551,0.0176,0.0833,16042623.2,0.7898,0.0064,-0.0195,-0.0426,0,0.5078,-1,0
2024-12-19,1228.39,1234.24,1218.48,1219.91,14244653,-0.0365,-0.0641,-0.1072,35.2421,-0.0134,-0.0102,-6.929,0.0176,0.0821,15783163.7,0.9025,-0.0182,-0.0257,-0.0693,0,0.495,-1,0
2024-12-20,1213.52,1228.89,1191.21,1194.98,20312896,-0.0511,-0.0802,-0.1243,31.0299,-0.0167,-0.0117,-8.1011,0.0182,0.1013,15775210.65,1.2876,-0.0204,-0.0531,-0.081,1,0.5057,-1,0
2024-12-23,1204.6,1216.69,1202.81,1211.83,10052824,-0.0343,-0.0648,-0.111,36.55,-0.0176,-0.0127,-5.6251,0.0181,0.1084,14831684.8,0.6778,0.0141,-0.0363,-0.0563,1,0.5422,1,2
2024-12-24,1211.83,1222.99,1210.55,1212.28,6734917,-0.0308,-0.062,-0.1097,36.6957,-0.0182,-0.0138,-4.8334,0.0174,0.1144,14706052.8,0.458,0.0004,-0.0181,-0.0483,0,0.5435,1,0
2024-12-26,1213.77,1217.19,1203.85,1206.13,10016178,-0.0324,-0.0643,-0.1132,35.4959,-0.019,-0.0149,-4.8238,0.0169,0.1212,14728224.4,0.6801,-0.0051,-0.0293,-0.0482,1,0.544,1,0
2024-12-27,1207.87,1217.39,1206.58,1210.6,7000397,-0.0261,-0.0586,-0.1089,37.1055,-0.019,-0.0157,-3.3137,0.0167,0.1259,14326873.65,0.4886,0.0037,-0.0076,-0.0331,0,0.5475,1,0
2024-12-30,1205.99,1212.73,1197.76,1200.33,8818766,-0.0312,-0.0642,-0.1154,34.9478,-0.0196,-0.0166,-4.8829,0.0164,0.132,14107696.6,0.6251,-0.0085,0.0045,-0.0488,1,0.5432,1,0
2024-12-31,1197.66,1208.66,1195.82,1205.04,6405475,-0.0249,-0.0583,-0.111,36.764,-0.0194,-0.0171,-4.1672,0.0162,0.1309,13876762.75,0.4616,0.0039,-0.0056,-0.0417,1,0.5541,1,0
2025-01-01,1204.45,1215.8,1201.23,1210.79,5892590,-0.0183,-0.0518,-0.1058,39.0029,-0.0186,-0.0173,-1.9317,0.0162,0.1229,13327918.15,0.4421,0.0048,-0.0012,-0.0193,1,0.5606,1,0
2025-01-02,1210.79,1233.79,1209.55,1231.17,15486276,-0.0016,-0.0345,-0.0899,46.2649,-0.0162,-0.0169,-0.9135,0.0163,0.1134,13121804.95,1.1802,0.0168,0.0208,-0.0091,1,0.5696,1,0
2025-01-03,1233.25,1251.24,1224.92,1240.44,15521102,0.0053,-0.0261,-0.0823,49.2259,-0.0137,-0.0161,1.6829,0.0157,0.0988,13054923.9,1.1889,0.0075,0.0246,0.0168,0,0.5353,1,0
2025-01-06,1243.21,1251.19,1204.6,1207.57,14816766,-0.0193,-0.05,-0.1057,40.6684,-0.0141,-0.0161,1.0536,0.018,0.0901,13343886.5,1.1104,-0.0265,0.006,0.0105,1,0.5184,-1,-2
2025-01-07,1211.54,1233.84,1210.79,1230.23,10070505,-0.0008,-0.031,-0.0881,47.4505,-0.0123,-0.0151,1.5184,0.0177,0.0786,13114911.65,0.7679,0.0188,0.0209,0.0152,1,0.5257,1,2
2025-01-08,1238.31,1260.17,1234.69,1254.66,19346579,0.0172,-0.0113,-0.0693,53.6077,-0.0092,-0.0137,3.4959,0.018,0.0721,13280054.15,1.4568,0.0199,0.0362,0.035,0,0.5414,1,0
2025-01-09,1256.15,1258.88,1237.36,1244.01,12794704,0.0077,-0.0189,-0.0765,50.8126,-0.0076,-0.0126,3.1406,0.018,0.0676,13333570.7,0.9596,-0.0085,0.0104,0.0314,0,0.4732,-1,-2
2025-01-10,1243.11,1245.99,1225.42,1231.27,8120332,-0.0024,-0.0278,-0.0852,47.6144,-0.007,-0.0116,1.7074,0.0172,0.0656,12694246.65,0.6397,-0.0102,-0.0074,0.0171,0,0.4743,-1,0
2025-01-13,1219.47,1234.59,1215.9,1229.23,13764861,-0.0036,-0.0283,-0.0859,47.1031,-0.0066,-0.0106,2.4077,0.0171,0.0595,11950978.6,1.1518,-0.0017,0.0179,0.0241,0,0.4949,-1,0
2025-01-14,1233.45,1242.62,1216.74,1228.14,13095266,-0.0041,-0.0281,-0.0859,46.8139,-0.0063,-0.0097,1.9169,0.0179,0.0539,12131402.85,1.0795,-0.0009,-0.0017,0.0192,1,0.4877,-1,0
2025-01-15,1234.29,1246.24,1231.22,1241.48,9578856,0.0061,-0.0169,-0.0753,50.796,-0.005,-0.0087,2.5347,0.0179,0.0544,11737206.1,0.8161,0.0109,-0.0105,0.0253,1,0.4753,-1,0
2025-01-16,1248.12,1264.08,1240.59,1255.61,14117603,0.0158,-0.0054,-0.0642,54.6677,-0.0031,-0.0075,1.9851,0.0184,0.0571,11809577.3,1.1954,0.0114,0.0093,0.0199,1,0.5251,1,2
2025-01-17,1310.93,1314.65,1274.0,1291.2,29366277,0.0402,0.0218,-0.0373,62.6413,0.0007,-0.0057,4.0921,0.0204,0.0726,12565658.5,2.337,0.0283,0.0487,0.0409,1,0.5581,1,0
2025-01-20,1304.73,1304.73,1289.12,1294.27,14040244,0.0385,0.0233,-0.0347,63.2419,0.0037,-0.0038,7.1797,0.0205,0.0823,12252025.9,1.146,0.0024,0.0529,0.0718,0,0.5297,1,0
2025-01-21,1299.28,1301.76,1259.32,1262.79,14562976,0.0119,-0.0015,-0.0576,53.707,0.0042,-0.0023,2.6467,0.0226,0.0857,12477533.5,1.1671,-0.0243,0.0282,0.0265,1,0.512,-1,-2
2025-01-22,1267.36,1271.92,1257.84,1266.17,10273590,0.0132,0.0011,-0.0546,54.5002,0.0047,-0.0009,0.9174,0.0219,0.0866,12654467.15,0.8119,0.0027,0.0199,0.0092,0,0.5114,-1,0
2025-01-23,1259.13,1266.41,1250.8,1252.83,8720682,0.0023,-0.0091,-0.0639,50.8005,0.0042,0.0001,0.709,0.0215,0.085,12589692.35,0.6927,-0.0105,-0.0022,0.0071,0,0.4815,-1,0
2025-01-24,1255.16,1262.1,1232.85,1235.63,14235970,-0.0104,-0.0218,-0.0761,46.4246,0.0027,0.0007,0.3541,0.0208,0.0835,12951471.0,1.0992,-0.0137,-0.043,0.0035,0,0.459,-1,0
2025-01-27,1228.49,1229.83,1209.55,1218.82,9536019,-0.0216,-0.0338,-0.0878,42.5655,0.0004,0.0006,-0.8469,0.0211,0.0806,12987333.65,0.7343,-0.0136,-0.0583,-0.0085,1,0.4982,-1,0
2025-01-28,1227.4,1234.09,1208.07,1223.83,10568025,-0.0159,-0.0287,-0.0833,44.058,-0.0012,0.0003,-0.3509,0.0208,0.0766,13195461.15,0.8009,0.0041,-0.0309,-0.0035,1,0.4724,-1,0
2025-01-29,1225.42,1232.11,1217.54,1224.92,5928156,-0.0137,-0.0268,-0.0818,44.3966,-0.0023,-0.0002,-1.3339,0.0204,0.0739,13197239.45,0.4492,0.0009,-0.0326,-0.0133,1,0.5027,-1,0
2025-01-30,1224.97,1246.24,1221.85,1242.32,9269259,0.0003,-0.0124,-0.0681,49.6364,-0.002,-0.0006,-1.0584,0.0203,0.0723,12886388.6,0.7193,0.0142,-0.0084,-0.0106,1,0.5116,-1,0
2025-01-31,1245.1,1256.15,1238.31,1254.27,6584612,0.009,-0.0028,-0.0586,52.918,-0.0009,-0.0007,-2.8601,0.0201,0.0719,12439564.1,0.5293,0.0096,0.0151,-0.0286,0,0.5204,1,2
2025-02-01,1254.27,1259.67,1230.37,1253.77,7118453,0.0078,-0.0031,-0.0584,52.763,-0.0002,-0.0006,-3.1292,0.0203,0.0666,12054648.45,0.5905,-0.0004,0.0287,-0.0313,0,0.5106,-1,-2
2025-02-03,1240.29,1245.25,1226.95,1235.23,9252345,-0.0065,-0.0171,-0.0716,47.2408,-0.0008,-0.0006,-2.1825,0.0211,0.067,12013740.45,0.7701,-0.0148,0.0093,-0.0218,1,0.4405,-1,0
2025-02-04,1237.36,1277.77,1235.93,1274.2,16691069,0.0225,0.0133,-0.0419,57.3461,0.0013,-0.0002,0.6342,0.0215,0.0676,11880964.95,1.4049,0.0315,0.0402,0.0063,0,0.5591,1,2
2025-02-05,1271.67,1279.45,1265.77,1267.26,10112028,0.0153,0.0075,-0.0467,55.3142,0.0024,0.0003,1.1518,0.0191,0.0692,11746831.15,0.8608,-0.0054,0.0201,0.0115,1,0.5107,-1,-2
2025-02-06,1262.79,1276.97,1259.47,1270.58,9956001,0.0162,0.0097,-0.0438,56.1153,0.0034,0.0009,2.8285,0.0191,0.0692,11838614.6,0.841,0.0026,0.013,0.0283,0,0.5014,-1,0
2025-02-07,1265.22,1272.71,1251.19,1255.85,8764283,0.004,-0.0019,-0.0544,51.6879,0.0033,0.0014,3.0382,0.0182,0.0681,11588585.7,0.7563,-0.0116,0.0017,0.0304,0,0.4781,-1,0
2025-02-10,1253.67,1255.66,1234.89,1242.92,6970972,-0.0058,-0.0117,-0.0635,48.1005,0.0024,0.0016,1.5599,0.0187,0.0668,11282371.0,0.6179,-0.0103,0.0062,0.0156,0,0.4656,-1,0
2025-02-11,1253.72,1253.72,1219.57,1224.28,8859714,-0.0187,-0.0255,-0.0768,43.4216,0.0004,0.0014,-0.0522,0.0201,0.0706,11246413.9,0.7878,-0.015,-0.0392,-0.0005,0,0.4452,-1,0
2025-02-12,1209.01,1216.4,1183.13,1206.13,21131654,-0.0302,-0.0385,-0.0897,39.4025,-0.0024,0.0007,-2.9131,0.0211,0.0793,11597116.45,1.8221,-0.0148,-0.0482,-0.0291,0,0.4972,-1,0
2025-02-13,1206.63,1217.49,1201.62,1205.69,8511216,-0.0277,-0.0373,-0.0892,39.3075,-0.0046,-0.0004,-3.8732,0.0205,0.0789,10554363.4,0.8064,-0.0004,-0.0511,-0.0387,1,0.5152,-1,0
2025-02-14,1208.56,1213.52,1195.13,1206.83,10298145,-0.0243,-0.0351,-0.0876,39.713,-0.0062,-0.0015,-3.7439,0.02,0.0741,10367258.45,0.9933,0.0009,-0.039,-0.0374,1,0.518,-1,0
2025-02-17,1200.73,1216.99,1194.19,1214.41,8166683,-0.0165,-0.0279,-0.0811,42.4656,-0.0068,-0.0026,-1.6855,0.0204,0.0742,10047443.8,0.8128,0.0063,-0.0229,-0.0169,1,0.4947,-1,0
2025-02-18,1214.36,1219.37,1205.69,1214.91,6673250,-0.0146,-0.0264,-0.08,42.6516,-0.0072,-0.0035,-4.6531,0.0198,0.0729,9867426.8,0.6763,0.0004,-0.0077,-0.0465,1,0.5021,-1,0
2025-02-19,1209.06,1222.2,1207.13,1216.94,6217338,-0.0117,-0.0239,-0.0777,43.4509,-0.0073,-0.0043,-3.9708,0.0196,0.0729,9742259.6,0.6382,0.0017,0.009,-0.0397,1,0.4884,-1,0
2025-02-20,1213.47,1228.74,1211.54,1222.44,7795582,-0.0066,-0.0187,-0.0729,45.6608,-0.0069,-0.0048,-3.7888,0.0188,0.0731,9420240.2,0.8275,0.0045,0.0139,-0.0379,0,0.4581,-1,0
2025-02-21,1218.18,1229.38,1211.69,1217.63,6904025,-0.0095,-0.0217,-0.0758,44.0399,-0.0069,-0.0052,-3.0434,0.0183,0.0736,9288640.5,0.7433,-0.0039,0.0089,-0.0304,0,0.4832,-1,0
2025-02-24,1206.13,1212.78,1200.14,1204.15,7172498,-0.0185,-0.0313,-0.0852,39.7781,-0.0078,-0.0058,-3.1193,0.017,0.0773,9118864.15,0.7866,-0.0111,-0.0084,-0.0312,0,0.497,-1,0
2025-02-25,1200.63,1210.55,1191.21,1193.69,11552182,-0.0245,-0.0382,-0.0924,36.8021,-0.0091,-0.0065,-2.4986,0.0175,0.0831,9400065.45,1.2289,-0.0087,-0.0175,-0.025,1,0.5195,-1,0
2025-02-27,1202.42,1204.6,1190.37,1196.76,11509215,-0.02,-0.0344,-0.0892,38.262,-0.0097,-0.0071,-0.7769,0.0173,0.0863,9512063.25,1.21,0.0026,-0.0166,-0.0078,0,0.5171,-1,0
2025-02-28,1191.71,1206.93,1183.08,1189.82,23007298,-0.0233,-0.0385,-0.0936,36.2247,-0.0106,-0.0079,-1.3163,0.0175,0.089,10333197.55,2.2265,-0.0058,-0.0267,-0.0132,0,0.5048,-1,0
2025-03-03,1193.69,1196.12,1146.1,1161.22,17944938,-0.0425,-0.0593,-0.1144,29.3008,-0.0134,-0.0091,-3.7793,0.0197,0.1008,10874521.8,1.6502,-0.024,-0.0463,-0.0378,0,0.4904,-1,0
2025-03-04,1152.25,1163.95,1149.62,1151.95,11377373,-0.0456,-0.0644,-0.1204,27.4682,-0.016,-0.0106,-5.1432,0.0187,0.114,10980773.2,1.0361,-0.008,-0.0434,-0.0514,1,0.5266,1,2
2025-03-05,1151.06,1172.87,1147.09,1165.53,8664095,-0.0312,-0.0514,-0.1091,33.9824,-0.0167,-0.0117,-4.0645,0.0175,0.1093,10579424.5,0.819,0.0118,-0.0236,-0.0406,1,0.5187,-1,-2
2025-03-06,1186.75,1203.56,1175.0,1199.24,14468014,-0.0028,-0.023,-0.0825,46.7639,-0.0144,-0.012,-1.4545,0.0183,0.097,10797223.8,1.34,0.0289,0.0021,-0.0145,1,0.5178,-1,0
2025-03-07,1205.59,1244.06,1201.62,1239.1,16474965,0.0273,0.0091,-0.0515,57.2929,-0.0098,-0.0112,1.3628,0.0193,0.0846,11123172.0,1.4811,0.0332,0.0414,0.0136,0,0.549,1,2
2025-03-10,1234.34,1247.23,1224.82,1227.8,11931051,0.0162,-0.0001,-0.0596,54.0304,-0.0073,-0.0105,0.8352,0.0194,0.0785,11281510.4,1.0576,-0.0091,0.0573,0.0084,1,0.5101,-1,-2
2025-03-11,1229.38,1238.8,1219.22,1236.62,10089838,0.0212,0.0068,-0.0524,56.1303,-0.0046,-0.0093,2.6965,0.0196,0.0764,11437453.7,0.8822,0.0072,0.0735,0.027,1,0.5035,-1,0
2025-03-12,1247.23,1252.19,1233.35,1246.29,11977555,0.0264,0.0141,-0.0445,58.3752,-0.0018,-0.0077,4.4065,0.0197,0.0804,11593345.75,1.0331,0.0078,0.0693,0.0441,0,0.5251,1,2
2025-03-13,1249.26,1253.33,1233.2,1237.22,9505270,0.0171,0.0064,-0.051,55.5061,-0.0002,-0.0063,3.3808,0.02,0.0841,11012026.55,0.8632,-0.0073,0.0317,0.0338,0,0.5011,-1,-2
2025-03-17,1231.51,1246.63,1222.54,1228.24,16640917,0.0088,-0.0008,-0.0574,52.7421,0.0005,-0.0049,3.2291,0.0205,0.086,11418511.6,1.4574,-0.0073,-0.0088,0.0323,0,0.5129,-1,0
2025-03-18,1228.24,1228.24,1228.24,1228.24,0,0.0079,-0.0008,-0.0568,52.7421,0.0011,-0.0037,5.7715,0.0195,0.0872,10903604.35,0.0,0.0,0.0004,0.0577,1,0.5197,-1,0
2025-03-19,1230.42,1242.52,1228.19,1236.47,16162399,0.0133,0.0057,-0.05,55.1177,0.002,-0.0026,7.3371,0.0191,0.0887,11303390.15,1.4299,0.0067,-0.0001,0.0734,1,0.5199,-1,0
2025-03-20,1241.13,1262.1,1239.35,1258.28,15971477,0.0281,0.0225,-0.0329,60.7486,0.004,-0.0012,7.9578,0.0194,0.0935,11768301.5,1.3572,0.0176,0.0096,0.0796,1,0.5655,1,2
2025-03-21,1264.08,1270.03,1259.23,1265.42,21780769,0.0306,0.0271,-0.0272,62.4112,0.006,0.0002,5.5185,0.0186,0.1002,12546473.05,1.736,0.0057,0.0228,0.0552,1,0.537,1,0
2025-03-24,1279.95,1294.82,1273.25,1290.95,20299319,0.0463,0.0459,-0.0075,67.6824,0.009,0.002,4.1845,0.0171,0.1113,13171659.9,1.5411,0.0202,0.0511,0.0418,0,0.5647,1,0
2025-03-25,1296.5,1296.5,1271.62,1274.44,13713899,0.0297,0.0312,-0.02,61.6604,0.0104,0.0037,3.7987,0.0179,0.1193,13512153.6,1.0149,-0.0128,0.0376,0.038,0,0.4937,-1,-2
2025-03-26,1279.95,1282.72,1257.89,1262.15,12074747,0.0178,0.0204,-0.0292,57.5552,0.0106,0.0051,2.0645,0.018,0.123,13757266.05,0.8777,-0.0096,0.0208,0.0206,1,0.5127,-1,0
2025-03-27,1267.21,1274.0,1260.42,1267.26,15028056,0.0198,0.0236,-0.025,58.7839,0.0109,0.0062,1.6826,0.0166,0.1238,13931059.75,1.0787,0.004,0.0071,0.0168,0,0.5399,1,2
2025-03-28,1269.04,1284.66,1258.13,1264.18,18147129,0.0156,0.0202,-0.0271,57.6997,0.0108,0.0072,2.1791,0.0156,0.1243,14262955.45,1.2723,-0.0024,-0.001,0.0218,0,0.5723,1,0
2025-04-01,1253.77,1266.96,1238.6,1241.88,12099648,-0.0021,0.0021,-0.0438,50.4451,0.0094,0.0077,1.1105,0.0162,0.1227,13717572.95,0.8821,-0.0176,-0.038,0.0111,0,0.5058,-1,-2
2025-04-02,1236.87,1244.8,1233.25,1240.44,10142590,-0.0029,0.0009,-0.0445,50.0078,0.0079,0.0078,0.9933,0.0158,0.1096,13327455.55,0.761,-0.0012,-0.0267,0.0099,0,0.5475,1,2
2025-04-03,1222.49,1241.08,1222.49,1238.01,7434366,-0.0044,-0.001,-0.0459,49.2323,0.0065,0.0075,0.1245,0.0158,0.0883,13130305.2,0.5662,-0.002,-0.0191,0.0012,0,0.5545,1,0
2025-04-04,1230.47,1234.79,1182.93,1194.39,17908652,-0.0359,-0.0348,-0.0788,37.8773,0.0027,0.0068,-5.0776,0.0185,0.0789,13592533.05,1.3175,-0.0352,-0.0575,-0.0508,0,0.4872,-1,-2
2025-04-07,1122.51,1161.22,1105.3,1155.72,22156106,-0.0611,-0.0636,-0.1077,31.042,-0.0033,0.0049,-8.6691,0.0231,0.1011,13976937.65,1.5852,-0.0324,-0.0858,-0.0867,1,0.4928,-1,0
2025-04-08,1161.97,1186.35,1153.34,1172.08,19555040,-0.0434,-0.0485,-0.0942,36.2809,-0.0068,0.0025,-9.2079,0.0248,0.113,14130941.4,1.3838,0.0142,-0.0562,-0.0921,1,0.5324,1,2
2025-04-09,1159.49,1179.61,1158.0,1175.2,10223104,-0.0371,-0.0442,-0.091,37.2599,-0.0092,0.0002,-7.7869,0.0252,0.1224,14045544.05,0.7279,0.0027,-0.0526,-0.0779,1,0.537,1,0
2025-04-11,1184.92,1212.18,1184.92,1208.51,11224242,-0.0089,-0.0165,-0.0646,46.6787,-0.0085,-0.0016,-4.2499,0.0251,0.1207,14102264.25,0.7959,0.0283,-0.0238,-0.0425,1,0.5089,-1,-2
2025-04-15,1240.29,1240.29,1226.51,1229.48,13378535,0.0075,0.0005,-0.0479,51.6044,-0.0066,-0.0025,-2.9812,0.0259,0.1183,14172313.25,0.944,0.0174,0.0294,-0.0298,0,0.5469,1,2
2025-04-16,1223.53,1230.28,1218.48,1228.69,8248464,0.0062,-0.0001,-0.048,51.4117,-0.0052,-0.0031,-2.8074,0.0249,0.1184,14109472.95,0.5846,-0.0006,0.0631,-0.0281,1,0.5102,-1,-2
2025-04-17,1229.58,1269.24,1217.09,1263.59,15398401,0.0314,0.0272,-0.0208,58.7409,-0.0017,-0.0027,1.7482,0.0257,0.117,14047347.15,1.0962,0.0284,0.0781,0.0175,1,0.5697,1,2
2025-04-21,1259.13,1289.76,1256.15,1284.41,10429964,0.0435,0.0423,-0.0046,62.386,0.0022,-0.0017,3.5447,0.0258,0.1201,14568845.35,0.7159,0.0165,0.0929,0.0354,0,0.5482,1,0
2025-04-22,1288.87,1292.74,1275.29,1280.14,13051707,0.0361,0.0372,-0.0078,61.192,0.005,-0.0004,3.403,0.0261,0.1241,14413310.75,0.9055,-0.0033,0.0593,0.034,1,0.5364,1,0
2025-04-23,1285.9,1294.82,1274.39,1288.87,10480888,0.0389,0.0425,-0.0011,62.7613,0.0076,0.0012,7.9103,0.0256,0.1273,14138781.3,0.7413,0.0068,0.0483,0.0791,1,0.5427,1,0
2025-04-24,1281.33,1293.33,1279.25,1290.46,10468940,0.0362,0.042,0.0002,63.0543,0.0097,0.0029,11.6585,0.0248,0.1307,13573189.85,0.7713,0.0012,0.0503,0.1166,0,0.5216,1,0
2025-04-25,1292.34,1313.85,1277.07,1289.27,14431012,0.0318,0.0394,-0.0008,62.6569,0.0111,0.0046,9.9985,0.0262,0.1305,13279774.5,1.0867,-0.0009,0.0203,0.1,1,0.5293,1,0
2025-04-28,1328.53,1362.83,1308.9,1357.08,31104496,0.0772,0.09,0.0513,73.0716,0.0155,0.0066,15.4765,0.0278,0.1441,14149304.35,2.1983,0.0526,0.0566,0.1548,1,0.5209,1,0
2025-04-29,1359.26,1398.82,1358.27,1387.72,32538970,0.091,0.1096,0.0742,76.2894,0.0205,0.0092,14.829,0.0265,0.1677,15172515.5,2.1446,0.0226,0.084,0.1483,1,0.5117,-1,-2
2025-04-30,1390.0,1400.31,1357.28,1392.97,25480745,0.0853,0.1089,0.0774,76.8009,0.0247,0.0123,13.2975,0.024,0.1897,15695149.95,1.6235,0.0038,0.0808,0.133,1,0.4974,-1,0
2025-05-02,1401.89,1414.48,1397.04,1407.64,13007841,0.0867,0.1153,0.0878,78.2152,0.0283,0.0154,14.5643,0.0232,0.2101,15438185.55,0.8426,0.0105,0.0908,0.1456,1,0.4956,-1,0
2025-05-05,1418.75,1427.18,1414.68,1419.05,12685649,0.0857,0.1189,0.0956,79.2735,0.0314,0.0185,12.303,0.0229,0.2287,15467485.6,0.8201,0.0081,0.1007,0.123,0,0.4981,-1,0
2025-05-06,1418.75,1419.74,1398.52,1408.73,14084117,0.0698,0.1059,0.0867,75.6917,0.0333,0.0216,9.6792,0.0222,0.244,15664561.95,0.8991,-0.0073,0.0381,0.0968,0,0.4916,-1,0
2025-05-07,1408.73,1412.2,1390.69,1393.96,13440169,0.0527,0.0903,0.0745,70.7637,0.0338,0.0242,8.8912,0.022,0.2542,15964852.1,0.8419,-0.0105,0.0045,0.0889,1,0.4931,-1,0
2025-05-08,1392.08,1408.64,1386.03,1394.95,16106175,0.0482,0.0872,0.0744,70.9004,0.0335,0.026,8.2305,0.0225,0.2535,15874728.25,1.0146,0.0007,0.0014,0.0823,0,0.5177,-1,0
2025-05-09,1373.64,1382.86,1362.73,1365.41,13668904,0.0234,0.0615,0.0511,61.6359,0.0319,0.0277,5.808,0.0219,0.2415,15450368.15,0.8847,-0.0212,-0.03,0.0581,1,0.4899,-1,0
2025-05-12,1388.01,1426.68,1388.01,1424.2,10674081,0.0607,0.1026,0.0953,70.0295,0.0318,0.0276,10.4656,0.0224,0.2223,15006320.2,0.7113,0.0431,0.0036,0.1047,0,0.5305,1,2
2025-05-13,1421.23,1435.3,1400.31,1403.58,11407896,0.0408,0.0829,0.0786,64.684,0.0317,0.0287,3.4265,0.0236,0.2071,15065559.8,0.7572,-0.0145,-0.0037,0.0343,1,0.5093,-1,-2
2025-05-14,1407.84,1417.66,1403.38,1412.2,5570160,0.0425,0.0858,0.0843,65.8573,0.0311,0.0291,1.764,0.0232,0.1926,14782855.7,0.3768,0.0061,0.0131,0.0176,1,0.5397,1,2
2025-05-15,1412.8,1448.89,1400.6,1441.75,20177211,0.0579,0.1038,0.1058,69.5874,0.0315,0.0291,3.5019,0.0244,0.1813,15122789.5,1.3342,0.0209,0.0335,0.035,1,0.5279,1,0
2025-05-16,1440.76,1448.49,1434.91,1443.93,9036695,0.0535,0.1009,0.1063,69.8491,0.0321,0.0296,2.5781,0.0232,0.1682,15162201.05,0.596,0.0015,0.0575,0.0258,0,0.5236,1,0
2025-05-19,1439.67,1442.15,1425.89,1428.46,6195791,0.038,0.0853,0.0934,65.5391,0.0316,0.0303,0.6631,0.0207,0.1594,14702070.55,0.4214,-0.0107,0.003,0.0066,0,0.5062,-1,-2
2025-05-20,1425.89,1432.63,1409.63,1412.4,11270560,0.0238,0.0701,0.0803,61.3097,0.0301,0.0305,0.2605,0.02,0.1507,14744100.35,0.7644,-0.0112,0.0063,0.0026,1,0.4928,-1,0
2025-05-21,1411.71,1423.9,1405.96,1416.96,6136364,0.0245,0.0704,0.0829,62.0584,0.0284,0.03,1.65,0.0187,0.1353,14398333.2,0.4262,0.0032,0.0034,0.0165,0,0.5241,1,2
2025-05-22,1409.03,1411.61,1384.94,1397.33,12134466,0.0093,0.0533,0.0671,56.9494,0.0262,0.0296,0.1706,0.0195,0.1195,14481012.1,0.838,-0.0139,-0.0308,0.0017,1,0.4846,-1,-2
2025-05-23,1394.56,1421.52,1394.56,1414.58,6474883,0.0196,0.0635,0.0794,60.061,0.0244,0.0283,3.6011,0.0196,0.0961,14281309.25,0.4534,0.0123,-0.0203,0.036,1,0.5308,1,2
2025-05-26,1419.74,1428.66,1412.9,1422.52,4842944,0.0229,0.0666,0.0846,61.4424,0.0234,0.0272,-0.118,0.0192,0.0617,13801905.85,0.3509,0.0056,-0.0042,-0.0012,0,0.5294,1,0
2025-05-27,1413.89,1424.7,1401.79,1409.92,12640414,0.0125,0.0548,0.0742,58.0132,0.0219,0.0263,0.4517,0.0194,0.0524,12878701.75,0.9815,-0.0089,-0.0018,0.0045,0,0.5106,-1,-2
2025-05-28,1407.94,1410.42,1398.62,1400.8,5944611,0.0054,0.046,0.0665,55.5946,0.0199,0.0252,-0.8073,0.019,0.051,11548983.8,0.5147,-0.0065,-0.0114,-0.0081,1,0.5192,-1,0
2025-05-29,1400.01,1407.84,1396.54,1405.66,13771917,0.008,0.0476,0.0695,56.6322,0.0182,0.0237,-2.5032,0.0179,0.0496,10963542.4,1.2562,0.0035,0.006,-0.025,1,0.5191,-1,0
2025-05-30,1405.86,1418.35,1397.63,1408.73,13788484,0.0092,0.0478,0.071,57.3108,0.0169,0.0223,-2.4378,0.0158,0.0495,11002574.55,1.2532,0.0022,-0.0041,-0.0244,0,0.5559,1,2
2025-06-02,1400.01,1405.36,1383.65,1401.6,8098668,0.0037,0.0408,0.0649,55.1524,0.0154,0.021,-1.8803,0.0154,0.0498,10773225.5,0.7517,-0.0051,-0.0147,-0.0188,0,0.5463,1,0
2025-06-03,1410.12,1414.29,1391.38,1393.47,11252626,-0.0019,0.0333,0.0581,52.7145,0.0135,0.0196,-1.3403,0.0159,0.0513,10631650.95,1.0584,-0.0058,-0.0117,-0.0134,1,0.5585,1,0
2025-06-04,1402.59,1413.49,1394.06,1411.31,8126827,0.0098,0.0447,0.0709,57.1867,0.0127,0.018,-0.3987,0.0143,0.0495,10365983.85,0.784,0.0128,0.0075,-0.004,1,0.5474,1,0
2025-06-05,1415.77,1442.24,1411.41,1430.05,13716817,0.021,0.0561,0.0842,61.3246,0.013,0.0168,2.3416,0.015,0.0492,10246515.95,1.3387,0.0133,0.0174,0.0234,1,0.5773,1,0
2025-06-06,1428.66,1439.07,1424.7,1431.14,8182161,0.0196,0.0546,0.0841,61.5573,0.0132,0.0161,1.1707,0.0148,0.0397,9972178.8,0.8205,0.0008,0.0159,0.0117,1,0.5536,1,0
2025-06-09,1444.53,1445.02,1432.93,1436.4,7885125,0.0211,0.056,0.0872,62.7231,0.0135,0.0155,0.9757,0.0143,0.0413,9832731.0,0.8019,0.0037,0.0248,0.0098,0,0.5505,1,0
2025-06-10,1437.59,1441.45,1423.7,1426.18,7913181,0.0125,0.0465,0.0786,58.9807,0.0131,0.0151,1.1533,0.0143,0.0412,9657995.25,0.8193,-0.0071,0.0235,0.0115,1,0.5451,1,0
2025-06-11,1433.42,1456.03,1430.74,1436.49,8195700,0.0179,0.0518,0.0854,61.4777,0.0131,0.0147,2.5478,0.0141,0.0424,9789272.25,0.8372,0.0072,0.0178,0.0255,0,0.5487,1,0
2025-06-12,1441.06,1444.53,1422.12,1429.26,8828114,0.0116,0.0446,0.0791,58.7756,0.0127,0.0143,1.6789,0.014,0.0405,9221817.4,0.9573,-0.005,-0.0006,0.0168,0,0.5573,1,0
2025-06-13,1411.81,1423.21,1402.19,1415.67,9757276,0.0018,0.0333,0.0681,53.9735,0.0115,0.0139,0.4926,0.0147,0.037,9257846.45,1.0539,-0.0095,-0.0108,0.0049,1,0.5543,1,0
2025-06-16,1414.68,1430.05,1412.2,1425.49,8458093,0.0079,0.0388,0.0747,56.7249,0.0108,0.0132,1.7045,0.0143,0.0364,9370961.55,0.9026,0.0069,-0.0076,0.017,0,0.5489,1,0
2025-06-17,1435.6,1435.6,1413.59,1418.95,10366599,0.0029,0.0327,0.069,54.3928,0.0099,0.0126,1.8285,0.0149,0.0365,9325763.5,1.1116,-0.0046,-0.0051,0.0183,0,0.5703,1,0
2025-06-18,1417.76,1430.45,1413.49,1417.86,6681735,0.002,0.0306,0.0675,53.9944,0.009,0.0118,0.4641,0.0152,0.0366,9353032.05,0.7144,-0.0008,-0.013,0.0046,1,0.5644,1,0
2025-06-19,1417.86,1427.57,1413.49,1421.03,10007230,0.0038,0.0316,0.0691,55.0262,0.0083,0.0111,-0.6307,0.0148,0.0342,9246670.25,1.0823,0.0022,-0.0058,-0.0063,1,0.574,1,0
2025-06-20,1418.75,1458.41,1415.87,1453.65,29010635,0.0242,0.053,0.0927,63.9786,0.0093,0.0106,1.5729,0.0154,0.0399,10373457.85,2.7966,0.023,0.0268,0.0157,0,0.5829,1,0
2025-06-23,1440.56,1451.27,1429.65,1444.33,5989078,0.0159,0.0443,0.0847,60.2861,0.0097,0.0104,0.5521,0.0155,0.043,10430764.55,0.5742,-0.0064,0.0132,0.0055,0,0.5571,1,0
2025-06-24,1452.46,1462.37,1430.74,1438.38,16402744,0.0106,0.0384,0.0794,57.9853,0.0095,0.0103,0.8554,0.0162,0.0438,10618881.05,1.5447,-0.0041,0.0137,0.0086,1,0.563,1,0
2025-06-25,1451.47,1459.79,1448.0,1454.74,7525851,0.02,0.0481,0.0907,62.2513,0.0101,0.0102,1.2705,0.0155,0.0453,10697943.05,0.7035,0.0114,0.026,0.0127,1,0.5581,1,0
2025-06-26,1456.52,1485.97,1452.56,1482.5,14657893,0.0355,0.0653,0.1103,68.1591,0.0118,0.0103,3.725,0.0161,0.0547,10742241.85,1.3645,0.0191,0.0433,0.0373,1,0.5847,1,0
2025-06-27,1486.56,1508.97,1484.08,1502.43,11117052,0.0445,0.0763,0.1238,71.596,0.014,0.0109,6.1285,0.0165,0.0679,10608670.25,1.0479,0.0134,0.0336,0.0613,0,0.54,1,0
2025-06-30,1500.84,1511.74,1483.19,1487.75,8409527,0.031,0.063,0.1116,65.9492,0.0151,0.0119,4.3676,0.0172,0.0727,10624213.2,0.7915,-0.0098,0.0301,0.0437,1,0.5139,-1,-2
2025-07-01,1487.75,1518.29,1487.26,1515.31,10368523,0.0451,0.0792,0.1307,70.6322,0.0168,0.0127,6.7909,0.0169,0.0794,10580008.05,0.98,0.0185,0.0535,0.0679,0,0.5422,1,2
2025-07-02,1515.31,1516.9,1495.78,1505.8,6361002,0.0347,0.0694,0.1222,67.1979,0.0178,0.0138,6.2023,0.017,0.0851,10491716.8,0.6063,-0.0063,0.0351,0.062,0,0.5411,1,0
2025-07-03,1507.78,1518.78,1500.05,1504.8,11283291,0.0307,0.0658,0.1201,66.83,0.0182,0.0147,5.895,0.0166,0.0905,10370040.5,1.0881,-0.0007,0.015,0.059,1,0.5462,1,0
2025-07-04,1510.95,1516.9,1504.21,1514.22,6603501,0.0335,0.0694,0.1257,68.5756,0.0187,0.0154,4.1668,0.0163,0.0959,10291107.5,0.6417,0.0063,0.0078,0.0417,1,0.5613,1,0
2025-07-07,1513.53,1531.57,1511.94,1528.3,7251074,0.0388,0.076,0.1346,71.0297,0.0196,0.0161,5.8138,0.016,0.1029,10259404.95,0.7068,0.0093,0.0273,0.0581,0,0.5611,1,0
2025-07-08,1522.85,1531.67,1517.1,1524.43,7171261,0.0326,0.0702,0.1303,69.4249,0.02,0.0169,5.9824,0.0159,0.1071,10222308.95,0.7015,-0.0025,0.006,0.0598,0,0.5708,1,0
2025-07-09,1523.54,1537.72,1497.17,1505.99,8870660,0.0182,0.0549,0.1153,62.212,0.0193,0.0176,3.523,0.0174,0.1093,10256056.95,0.8649,-0.0121,0.0001,0.0352,0,0.4993,-1,-2
2025-07-10,1506.69,1511.65,1494.59,1504.21,10047129,0.0154,0.0515,0.1127,61.5473,0.0183,0.0177,1.4644,0.0162,0.1082,10317007.7,0.9738,-0.0012,-0.0004,0.0146,0,0.5448,1,2
2025-07-11,1499.05,1502.03,1477.54,1482.4,7234991,0.0006,0.0347,0.0955,53.9419,0.0164,0.0177,-1.3332,0.0166,0.1036,10190893.45,0.7099,-0.0145,-0.021,-0.0133,0,0.4958,-1,-2
2025-07-14,1479.42,1487.16,1466.44,1471.0,10311846,-0.0064,0.0257,0.0862,50.4339,0.014,0.017,-1.1259,0.0162,0.0992,10283581.1,1.0027,-0.0077,-0.0375,-0.0113,1,0.5329,1,2
2025-07-15,1473.48,1483.69,1469.71,1472.68,8132454,-0.0048,0.0258,0.0865,50.9402,0.0119,0.016,-2.8133,0.0158,0.0916,10171873.85,0.7995,0.0011,-0.0339,-0.0281,1,0.5278,1,0
2025-07-16,1460.39,1478.23,1458.9,1472.88,10409983,-0.0042,0.0249,0.0857,51.0044,0.0101,0.0148,-2.1862,0.0151,0.0823,10358286.25,1.005,0.0001,-0.022,-0.0219,0,0.5476,1,0
2025-07-17,1474.66,1476.85,1461.28,1463.76,11854613,-0.0094,0.0178,0.0781,47.926,0.0082,0.0136,-2.7273,0.0146,0.0736,10450655.4,1.1343,-0.0062,-0.0269,-0.0273,0,0.5575,1,0
2025-07-18,1472.09,1472.09,1456.52,1463.36,10296318,-0.0088,0.0168,0.077,47.7898,0.0065,0.0122,-3.3588,0.014,0.0722,9514939.55,1.0821,-0.0003,-0.0128,-0.0336,0,0.5606,1,0
2025-07-21,1452.46,1463.36,1410.92,1416.37,22442744,-0.0369,-0.0152,0.0419,35.1489,0.0027,0.0106,-7.3238,0.0156,0.0829,10337622.85,2.171,-0.0321,-0.0371,-0.0732,0,0.4847,-1,-2
2025-07-22,1415.18,1419.64,1398.62,1400.7,20396320,-0.0432,-0.0251,0.0301,32.0997,-0.0014,0.0083,-8.1165,0.0157,0.0956,10537301.65,1.9356,-0.0111,-0.0489,-0.0812,1,0.4946,-1,0
2025-07-23,1413.79,1413.79,1402.29,1412.4,8354596,-0.032,-0.0163,0.0383,36.5273,-0.004,0.0058,-6.2145,0.0153,0.1036,10578738.9,0.7898,0.0084,-0.0411,-0.0621,0,0.4974,-1,0
2025-07-24,1407.05,1410.82,1384.05,1390.89,14740507,-0.0424,-0.0301,0.0223,32.3507,-0.0073,0.0032,-7.5335,0.0164,0.1203,10582869.6,1.3929,-0.0152,-0.0498,-0.0753,0,0.4994,-1,0
2025-07-25,1386.92,1389.0,1372.25,1379.78,11854722,-0.0455,-0.0364,0.014,30.4163,-0.0104,0.0005,-6.9226,0.0164,0.1351,10619753.1,1.1163,-0.008,-0.0571,-0.0692,0,0.5294,1,2
2025-07-28,1380.38,1395.75,1373.14,1375.72,7748361,-0.0439,-0.0378,0.0109,29.7169,-0.013,-0.0022,-6.4772,0.0169,0.1483,10586694.8,0.7319,-0.0029,-0.0287,-0.0648,1,0.5258,1,0
2025-07-29,1371.16,1408.04,1371.16,1404.97,10750072,-0.0214,-0.0166,0.032,40.3565,-0.0129,-0.0043,-4.5977,0.0164,0.146,10605772.25,1.0136,0.0213,0.003,-0.046,0,0.5405,1,0
2025-07-30,1405.96,1411.11,1389.3,1398.03,7209849,-0.0238,-0.0207,0.0267,38.8536,-0.0133,-0.0061,-5.0819,0.0167,0.1483,10648214.6,0.6771,-0.0049,-0.0102,-0.0508,0,0.5127,-1,-2
2025-07-31,1376.22,1390.59,1370.37,1378.3,17065827,-0.0341,-0.0332,0.012,34.8771,-0.0148,-0.0079,-5.8384,0.017,0.154,10937341.4,1.5603,-0.0141,-0.0091,-0.0584,1,0.5058,-1,0
2025-08-01,1375.03,1393.86,1372.45,1381.77,10321171,-0.0288,-0.0296,0.0144,36.1155,-0.0154,-0.0094,-5.5755,0.017,0.1523,11123224.9,0.9279,0.0025,0.0014,-0.0558,1,0.5057,-1,0
2025-08-04,1383.16,1403.98,1379.78,1399.41,6312820,-0.0148,-0.0165,0.0271,42.1391,-0.0145,-0.0103,-1.1974,0.0173,0.1406,11076312.2,0.5699,0.0128,0.0172,-0.012,0,0.5239,1,2
2025-08-05,1398.92,1398.92,1376.22,1379.78,9315972,-0.026,-0.0292,0.0126,37.8609,-0.0151,-0.0114,-1.4935,0.0177,0.133,11183547.75,0.833,-0.014,-0.0179,-0.0149,1,0.4931,-1,-2
2025-08-06,1379.98,1383.95,1371.46,1380.87,5834312,-0.0229,-0.0273,0.0132,38.2359,-0.0152,-0.0121,-2.2324,0.0176,0.1248,11031730.35,0.5289,0.0008,-0.0123,-0.0223,0,0.5241,1,2
2025-08-07,1375.82,1381.77,1354.3,1377.5,9976705,-0.0229,-0.0286,0.0107,37.4828,-0.0153,-0.0128,-0.9627,0.0182,0.1145,11028209.15,0.9047,-0.0024,-0.0006,-0.0096,0,0.5091,-1,-2
2025-08-08,1373.14,1385.24,1353.31,1356.09,8793606,-0.0346,-0.042,-0.005,33.0315,-0.0167,-0.0138,-1.7169,0.0174,0.1126,11106139.9,0.7918,-0.0155,-0.0186,-0.0172,1,0.5009,-1,0
2025-08-11,1358.27,1376.12,1349.55,1374.33,9997486,-0.0196,-0.028,0.0083,39.6112,-0.0162,-0.0141,-0.101,0.0175,0.1046,11090421.9,0.9015,0.0135,-0.0179,-0.001,0,0.52,-1,0
2025-08-12,1370.07,1389.9,1363.43,1368.58,12244664,-0.0215,-0.0309,0.004,38.3326,-0.0161,-0.0145,-2.5901,0.0183,0.0961,11296032.4,1.084,-0.0042,-0.0081,-0.0259,1,0.5379,1,2
2025-08-13,1376.12,1379.88,1365.71,1370.76,7457021,-0.0181,-0.0282,0.0056,39.1347,-0.0157,-0.0147,-1.9506,0.0175,0.0829,11148384.3,0.6689,0.0016,-0.0073,-0.0195,0,0.5185,-1,-2
2025-08-14,1370.96,1374.35,1363.79,1367.48,7126128,-0.0185,-0.0294,0.0032,38.3269,-0.0154,-0.0149,-0.785,0.0171,0.0692,10911960.05,0.6531,-0.0024,-0.0073,-0.0079,1,0.5331,1,2
2025-08-18,1383.6,1388.48,1370.66,1375.34,11785109,-0.0117,-0.0229,0.0088,41.446,-0.0144,-0.0147,-0.4653,0.0169,0.0466,10986399.6,1.0727,0.0057,0.0142,-0.0047,1,0.5148,-1,-2
2025-08-19,1383.6,1414.46,1382.71,1413.56,14384719,0.0143,0.0041,0.0365,53.7065,-0.0111,-0.0137,1.0111,0.0166,0.0445,10583498.35,1.3592,0.0278,0.0285,0.0101,0,0.5634,1,2
2025-08-20,1406.5,1418.34,1403.51,1406.5,8725641,0.0083,-0.0009,0.031,51.5589,-0.009,-0.0128,1.9365,0.0163,0.0458,9999964.4,0.8726,-0.005,0.0277,0.0194,1,0.5166,-1,-2
2025-08-21,1418.44,1425.31,1413.76,1418.24,11021323,0.0151,0.0072,0.0392,54.796,-0.0066,-0.0115,2.7063,0.0157,0.047,10133300.75,1.0876,0.0083,0.0346,0.0271,0,0.5585,1,2
2025-08-22,1413.46,1416.85,1401.42,1402.71,5818868,0.0036,-0.0037,0.0275,50.033,-0.0056,-0.0104,1.8301,0.0157,0.0488,9687218.8,0.6007,-0.011,0.0258,0.0183,1,0.5038,-1,-2
2025-08-25,1408.19,1412.97,1399.23,1406.1,5979407,0.0055,-0.0013,0.0297,51.0335,-0.0045,-0.0092,3.6878,0.0151,0.0502,9393453.05,0.6366,0.0024,0.0224,0.0369,0,0.5233,1,2
2025-08-26,1401.52,1403.51,1375.24,1378.53,12145259,-0.0129,-0.02,0.0094,43.4187,-0.0052,-0.0086,0.3056,0.0158,0.051,9613297.95,1.2634,-0.0196,-0.0248,0.0031,1,0.4876,-1,-2
2025-08-28,1383.5,1385.79,1360.21,1379.52,13161813,-0.011,-0.0186,0.01,43.7433,-0.0056,-0.008,0.7994,0.0165,0.0496,9733885.0,1.3522,0.0007,-0.0192,0.008,0,0.4818,-1,0
2025-08-29,1374.74,1397.04,1343.79,1350.95,18758842,-0.0286,-0.0374,-0.0108,37.1241,-0.0077,-0.0081,-1.4452,0.0182,0.0548,10311334.65,1.8192,-0.0207,-0.0474,-0.0145,0,0.4897,-1,0
2025-09-01,1349.76,1356.93,1334.43,1347.67,11232238,-0.0281,-0.0383,-0.0131,36.4423,-0.0094,-0.0083,-1.4487,0.0177,0.0598,10019655.2,1.121,-0.0024,-0.0392,-0.0145,1,0.518,-1,0
2025-09-02,1348.56,1378.13,1348.27,1360.21,11517006,-0.0173,-0.0282,-0.0038,40.9103,-0.0097,-0.0085,-1.1001,0.0178,0.0609,10079446.95,1.1426,0.0093,-0.0326,-0.011,1,0.5057,-1,0
2025-09-03,1363.4,1370.16,1354.24,1366.28,7847563,-0.0117,-0.023,0.0006,42.9991,-0.0095,-0.0087,-3.3447,0.0171,0.0599,10156184.1,0.7727,0.0045,-0.0089,-0.0334,0,0.4776,-1,0
2025-09-04,1365.49,1367.68,1350.85,1353.04,13223177,-0.0193,-0.0312,-0.009,39.7024,-0.0102,-0.0091,-3.8009,0.0174,0.0628,10351544.35,1.2774,-0.0097,-0.0192,-0.038,1,0.5166,-1,0
2025-09-05,1356.73,1374.64,1353.04,1368.67,5777575,-0.0072,-0.0192,0.0024,45.0578,-0.0095,-0.0091,-3.4952,0.0178,0.0624,10348707.5,0.5583,0.0116,0.0131,-0.035,1,0.4874,-1,0
2025-09-08,1373.65,1379.62,1366.08,1372.16,6986720,-0.0042,-0.0161,0.0049,46.2066,-0.0087,-0.009,-2.1779,0.0174,0.0623,10199208.25,0.685,0.0025,0.0182,-0.0218,0,0.4763,-1,0
2025-09-09,1370.26,1374.84,1362.4,1369.87,9754452,-0.0053,-0.0171,0.0032,45.5338,-0.0081,-0.0088,-2.5766,0.016,0.061,10247250.55,0.9519,-0.0017,0.0071,-0.0258,1,0.5033,-1,0
2025-09-10,1377.53,1382.11,1367.78,1370.66,7790815,-0.0043,-0.0158,0.0038,45.8269,-0.0076,-0.0086,-0.5709,0.016,0.0611,10136917.0,0.7686,0.0006,0.0032,-0.0057,1,0.4972,-1,0
2025-09-11,1369.67,1379.12,1368.67,1376.93,9766072,0.0002,-0.0109,0.0083,48.2087,-0.0066,-0.0081,-0.1877,0.0155,0.0605,10012987.4,0.9753,0.0046,0.0177,-0.0019,1,0.5141,-1,0
2025-09-12,1376.93,1389.87,1374.15,1388.58,7403368,0.0079,-0.0024,0.0166,52.3966,-0.0051,-0.0075,2.7854,0.0153,0.0602,10010304.75,0.7396,0.0085,0.0145,0.0279,1,0.5263,1,2
2025-09-15,1386.59,1394.35,1382.21,1392.86,5396697,0.0099,0.0006,0.0196,53.8724,-0.0037,-0.0067,3.3532,0.0152,0.0602,9923833.2,0.5438,0.0031,0.0151,0.0335,1,0.545,1,0
2025-09-16,1398.24,1401.52,1391.76,1398.83,8686961,0.0129,0.0047,0.0237,55.9249,-0.0021,-0.0058,2.8393,0.014,0.061,9768925.8,0.8892,0.0043,0.0211,0.0284,1,0.5367,1,0
2025-09-17,1400.52,1409.68,1400.43,1407.29,7519417,0.0172,0.0104,0.0296,58.7274,-0.0005,-0.0047,3.0016,0.0132,0.0593,9425660.7,0.7978,0.006,0.0267,0.03,1,0.5315,1,0
2025-09-18,1413.86,1415.46,1404.21,1408.49,9332642,0.0163,0.0108,0.0301,59.1245,0.0009,-0.0036,4.0982,0.011,0.0596,9456010.75,0.987,0.0009,0.0229,0.041,0,0.5495,1,0
2025-09-19,1408.39,1410.48,1397.14,1400.92,13461373,0.0098,0.0051,0.0244,55.4976,0.0016,-0.0025,2.3563,0.0106,0.0562,9578013.25,1.4054,-0.0054,0.0089,0.0236,0,0.558,1,0
2025-09-22,1397.44,1404.21,1381.61,1384.2,7757970,-0.0021,-0.0066,0.012,48.4308,0.0011,-0.0018,0.8774,0.0104,0.0549,9674968.35,0.8019,-0.0119,-0.0062,0.0088,0,0.4889,-1,-2
2025-09-23,1384.6,1388.58,1370.46,1383.4,14014702,-0.0024,-0.0069,0.0113,48.1152,0.0007,-0.0013,0.9877,0.0105,0.0519,10076733.1,1.3908,-0.0006,-0.011,0.0099,0,0.5233,1,2
2025-09-24,1378.92,1389.58,1374.05,1376.64,5922759,-0.0066,-0.0113,0.0063,45.4209,-0.0,-0.0011,0.4363,0.0105,0.0522,9765608.1,0.6065,-0.0049,-0.0218,0.0044,0,0.5169,-1,-2
2025-09-25,1374.94,1378.13,1362.7,1366.08,11411143,-0.0129,-0.0181,-0.0014,41.5105,-0.0012,-0.0011,-0.788,0.0102,0.0531,9678074.6,1.1791,-0.0077,-0.0301,-0.0079,1,0.522,1,2
2025-09-26,1365.69,1376.34,1359.71,1371.26,9879109,-0.0083,-0.0139,0.0024,44.0549,-0.0018,-0.0013,-1.2473,0.0103,0.05,9234087.95,1.0699,0.0038,-0.0212,-0.0125,0,0.5124,-1,-2
2025-09-29,1375.24,1382.61,1361.7,1366.48,14231999,-0.0106,-0.0166,-0.0011,42.2293,-0.0026,-0.0015,-1.8939,0.0108,0.0463,9384076.0,1.5166,-0.0035,-0.0128,-0.0189,0,0.5168,-1,0
2025-09-30,1370.76,1370.76,1356.53,1357.72,14604684,-0.0154,-0.0221,-0.0075,39.0368,-0.0037,-0.002,-2.9389,0.0109,0.0471,9538459.9,1.5311,-0.0064,-0.0186,-0.0294,1,0.5097,-1,0
2025-10-01,1360.71,1372.26,1356.43,1362.4,12045916,-0.0108,-0.018,-0.004,41.5779,-0.0042,-0.0024,-3.1898,0.0111,0.0475,9748377.55,1.2357,0.0034,-0.0103,-0.0319,0,0.5161,-1,0
2025-10-03,1356.93,1365.29,1350.66,1357.13,12842347,-0.0133,-0.0209,-0.0078,39.5773,-0.0049,-0.0029,-3.6465,0.0111,0.0468,9729336.05,1.32,-0.0039,-0.0066,-0.0365,1,0.5159,-1,0
2025-10-06,1353.74,1371.06,1352.75,1368.67,12396580,-0.0044,-0.0121,0.0007,45.7347,-0.0046,-0.0032,-2.3021,0.0113,0.0464,10060286.3,1.2322,0.0085,-0.0019,-0.023,1,0.5119,-1,0
2025-10-07,1369.67,1389.48,1369.57,1378.43,11244040,0.0024,-0.0049,0.0077,50.3436,-0.0038,-0.0033,-0.4168,0.0118,0.0458,10273152.3,1.0945,0.0071,0.0087,-0.0042,0,0.5323,1,2
2025-10-08,1378.43,1382.61,1358.22,1361.11,8525081,-0.0092,-0.0167,-0.0049,43.3132,-0.0042,-0.0035,-1.6112,0.0127,0.0475,10211683.75,0.8348,-0.0126,0.0025,-0.0161,1,0.4789,-1,-2
2025-10-09,1367.68,1373.65,1362.8,1371.46,8826633,-0.0015,-0.0089,0.0026,47.9875,-0.0038,-0.0036,-0.3763,0.0127,0.0471,10263474.65,0.86,0.0076,0.0067,-0.0038,1,0.509,-1,0
2025-10-10,1371.46,1381.61,1368.77,1375.34,6373084,0.0012,-0.0058,0.0054,49.6632,-0.0032,-0.0035,0.6779,0.0126,0.047,10093825.25,0.6314,0.0028,0.0134,0.0068,0,0.5216,1,2
2025-10-13,1370.56,1371.36,1361.51,1368.67,7600682,-0.0033,-0.0102,0.0005,46.8678,-0.0032,-0.0035,-0.1889,0.0122,0.0472,10103690.95,0.7523,-0.0048,0.0,-0.0019,1,0.51,-1,-2
2025-10-14,1373.65,1381.61,1363.79,1369.57,9768174,-0.0024,-0.0092,0.0012,47.2989,-0.003,-0.0034,0.2261,0.0122,0.0463,10322264.8,0.9463,0.0007,-0.0064,0.0023,0,0.5025,-1,0
2025-10-15,1376.64,1377.63,1366.38,1367.98,10882743,-0.0032,-0.01,0.0,46.5799,-0.0029,-0.0033,0.7557,0.012,0.0441,10432053.9,1.0432,-0.0012,0.005,0.0076,1,0.5128,-1,0
2025-10-16,1368.77,1394.05,1368.67,1391.86,12315932,0.0128,0.007,0.0173,57.1218,-0.0014,-0.0029,2.1624,0.0123,0.0393,10671879.65,1.1541,0.0175,0.0149,0.0216,1,0.5934,1,2
2025-10-17,1394.55,1416.75,1392.66,1410.28,19335561,0.0236,0.0195,0.0305,63.1608,0.0008,-0.0021,3.9164,0.0126,0.0394,11172025.6,1.7307,0.0132,0.0254,0.0392,1,0.5761,1,0
2025-10-20,1433.37,1467.02,1426.7,1460.05,24721978,0.0538,0.0532,0.0661,73.8695,0.0051,-0.0006,6.6766,0.0139,0.0632,11735055.85,2.1067,0.0353,0.0668,0.0668,0,0.5687,1,0
2025-10-21,1461.24,1467.22,1453.28,1458.46,2066169,0.0474,0.0499,0.0643,73.138,0.0084,0.0012,5.8059,0.0139,0.0805,11450465.8,0.1804,-0.0011,0.0649,0.0581,0,0.5639,1,0
2025-10-23,1468.21,1476.08,1437.95,1441.73,18707090,0.0319,0.0364,0.0515,65.7596,0.01,0.003,5.9231,0.0152,0.0897,11685085.2,1.6009,-0.0115,0.0539,0.0592,1,0.5506,1,0
2025-10-24,1443.33,1453.08,1434.37,1444.92,9700837,0.0308,0.0371,0.0533,66.4546,0.0113,0.0046,5.3563,0.0153,0.0969,11873989.1,0.817,0.0022,0.0381,0.0536,1,0.5496,1,0
2025-10-27,1456.27,1478.17,1451.29,1477.27,14113867,0.0485,0.0578,0.076,72.5408,0.0137,0.0064,7.4113,0.0157,0.1081,12009125.3,1.1753,0.0224,0.0475,0.0741,1,0.5672,1,0
2025-10-28,1477.27,1485.13,1470.8,1480.06,17631577,0.0455,0.0573,0.0772,72.9959,0.0157,0.0082,8.1386,0.0154,0.1189,12396748.7,1.4223,0.0019,0.0137,0.0814,1,0.5459,1,0
2025-10-29,1483.14,1501.36,1481.25,1497.28,11884745,0.0519,0.0667,0.0888,75.6752,0.0178,0.0101,9.3248,0.0151,0.1295,12279386.0,0.9679,0.0116,0.0266,0.0932,0,0.5463,1,0
2025-10-30,1493.1,1496.18,1477.17,1481.65,9318663,0.0368,0.0533,0.0766,68.9846,0.0188,0.0119,8.3093,0.0156,0.135,12015084.95,0.7756,-0.0104,0.0277,0.0831,0,0.5378,1,0
2025-10-31,1483.54,1490.61,1475.48,1479.56,8758053,0.0319,0.0497,0.0743,68.1174,0.0191,0.0134,6.3009,0.0157,0.1375,11850691.8,0.739,-0.0014,0.024,0.063,0,0.5625,1,0
2025-11-03,1479.16,1488.12,1472.49,1477.87,8452085,0.0277,0.0465,0.0723,67.3797,0.0191,0.0145,4.7927,0.0158,0.1367,11631178.7,0.7267,-0.0011,0.0004,0.0479,0,0.5625,1,0
2025-11-04,1477.07,1485.93,1463.33,1466.32,10007806,0.0178,0.0367,0.0632,62.4059,0.0183,0.0154,0.4294,0.0162,0.1356,11511740.0,0.8694,-0.0078,-0.0093,0.0043,1,0.5364,1,0
2025-11-06,1477.17,1494.69,1469.41,1489.21,16772678,0.0304,0.0507,0.079,67.5226,0.0183,0.0158,2.1084,0.0167,0.1344,11788171.9,1.4228,0.0156,-0.0054,0.0211,0,0.5542,1,0
2025-11-07,1487.72,1491.5,1469.11,1471.2,7821765,0.0162,0.0365,0.0652,60.5407,0.0176,0.0163,2.0441,0.0168,0.1296,11753006.1,0.6655,-0.0121,-0.0071,0.0204,1,0.4974,-1,-2
2025-11-10,1471.1,1494.09,1468.71,1482.45,7068438,0.0216,0.0426,0.0726,63.1069,0.0172,0.0164,2.5974,0.0167,0.1236,11665096.35,0.6059,0.0076,0.002,0.026,1,0.5168,-1,0
2025-11-11,1490.11,1491.9,1473.39,1486.53,7127506,0.022,0.0436,0.0747,64.0208,0.0169,0.0164,0.6268,0.0148,0.1175,11702817.45,0.609,0.0028,0.0059,0.0063,1,0.5428,1,2
2025-11-12,1498.07,1517.68,1493.1,1504.54,12384459,0.031,0.0539,0.0868,67.8112,0.0173,0.0164,1.654,0.0154,0.1084,11942006.3,1.0371,0.0121,0.0261,0.0165,0,0.5735,1,0
2025-11-13,1508.03,1515.09,1499.87,1503.95,7196443,0.0276,0.0513,0.0854,67.5601,0.0175,0.0167,0.4455,0.0143,0.097,11813419.75,0.6092,-0.0004,0.0099,0.0045,1,0.5608,1,0
2025-11-14,1498.57,1513.9,1498.57,1511.91,7682823,0.0298,0.0545,0.0902,69.2163,0.0178,0.0168,2.0423,0.0141,0.0801,11653423.75,0.6593,0.0053,0.0277,0.0204,0,0.5675,1,0
2025-11-17,1513.9,1516.69,1504.54,1511.31,5871416,0.0265,0.0519,0.0888,68.9306,0.0179,0.0171,2.1459,0.0131,0.0668,11331197.95,0.5182,-0.0004,0.0195,0.0215,1,0.5666,1,0
2025-11-18,1514.7,1520.77,1503.55,1512.41,11045042,0.0246,0.0505,0.0886,69.1818,0.0178,0.0172,2.3371,0.0132,0.0557,10916672.0,1.0118,0.0007,0.0174,0.0234,0,0.5589,1,0
2025-11-19,1510.42,1515.29,1505.04,1511.91,5692366,0.0219,0.0481,0.0873,68.9091,0.0175,0.0173,3.1091,0.0127,0.0566,9965191.4,0.5712,-0.0003,0.0049,0.0311,1,0.5613,1,0
2025-11-20,1522.96,1543.76,1519.67,1541.97,18171724,0.0381,0.066,0.1077,75.2295,0.0183,0.0172,3.5428,0.013,0.0623,10770469.15,1.6872,0.0199,0.0253,0.0354,0,0.5509,1,0
2025-11-21,1533.91,1550.63,1533.01,1539.48,9615271,0.0328,0.0616,0.1047,73.8896,0.0189,0.0176,4.6411,0.0132,0.0621,10315878.2,0.9321,-0.0016,0.0182,0.0464,0,0.5406,1,0
2025-11-24,1542.87,1542.87,1524.75,1528.83,18433951,0.0232,0.052,0.096,68.2871,0.0187,0.0179,3.1286,0.0134,0.0582,10752533.9,1.7144,-0.0069,0.0116,0.0313,1,0.5579,1,0
2025-11-25,1528.83,1552.42,1518.08,1532.61,15033482,0.0232,0.0524,0.0977,69.1803,0.0184,0.018,3.0998,0.0139,0.06,10798514.65,1.3922,0.0025,0.0134,0.031,1,0.5644,1,0
2025-11-26,1535.2,1564.37,1533.41,1562.67,14054299,0.039,0.07,0.1179,75.1697,0.0191,0.0179,3.8636,0.0138,0.0673,10619650.75,1.3234,0.0196,0.0336,0.0386,0,0.5544,1,0
2025-11-27,1567.75,1568.25,1548.84,1556.2,9794643,0.0313,0.0628,0.112,71.9296,0.0195,0.0183,3.4742,0.0137,0.0735,10515145.65,0.9315,-0.0041,0.0092,0.0347,1,0.541,1,0
2025-11-28,1560.78,1574.02,1555.81,1560.29,8959508,0.0306,0.0629,0.1136,72.7298,0.0197,0.0185,3.1999,0.0133,0.0774,10497187.9,0.8535,0.0026,0.0135,0.032,0,0.5402,1,0
2025-12-01,1567.75,1570.24,1556.4,1558.89,8920233,0.0268,0.0593,0.1114,71.9734,0.0196,0.0188,3.1483,0.0131,0.0795,10505296.9,0.8491,-0.0009,0.0197,0.0315,0,0.5413,1,0
2025-12-02,1553.92,1560.29,1534.9,1539.18,11389150,0.0125,0.0441,0.0963,62.1709,0.0186,0.0189,1.77,0.013,0.0782,10652150.15,1.0692,-0.0126,0.0043,0.0177,0,0.5329,1,0
2025-12-03,1538.09,1545.26,1525.94,1531.72,6090883,0.0069,0.0374,0.09,58.9011,0.017,0.0186,1.3103,0.0133,0.0719,10456304.0,0.5825,-0.0048,-0.0198,0.0131,0,0.5495,1,0
2025-12-04,1528.93,1553.32,1510.62,1528.53,11867930,0.0043,0.0338,0.0868,57.5082,0.0154,0.018,-0.8716,0.0146,0.0693,10211066.6,1.1623,-0.0021,-0.0178,-0.0087,1,0.5633,1,0
2025-12-05,1523.36,1538.69,1513.6,1533.51,10183266,0.0069,0.0357,0.0893,59.133,0.0141,0.0172,-0.3878,0.0151,0.0612,10329141.65,0.9859,0.0033,-0.0172,-0.0039,1,0.55,1,0
2025-12-08,1532.12,1543.86,1527.94,1535.9,11301491,0.0076,0.0358,0.09,59.9249,0.0131,0.0163,0.4624,0.0151,0.0548,10540794.3,1.0722,0.0016,-0.0147,0.0046,0,0.5603,1,0
2025-12-09,1533.21,1535.4,1513.1,1522.36,11503971,-0.0011,0.0256,0.0796,53.589,0.0116,0.0155,-0.6688,0.0158,0.0488,10759617.55,1.0692,-0.0088,-0.0109,-0.0067,1,0.557,1,0
2025-12-10,1526.94,1540.38,1524.35,1529.83,7991629,0.0034,0.0294,0.084,56.3322,0.0105,0.0145,-2.1015,0.0151,0.0456,10539976.05,0.7582,0.0049,-0.0012,-0.021,1,0.5524,1,0
2025-12-11,1529.83,1542.87,1516.99,1537.89,4706197,0.0079,0.0334,0.0887,59.1385,0.01,0.0135,-1.1766,0.0154,0.0419,10415463.75,0.4518,0.0053,0.0061,-0.0118,1,0.5617,1,0
2025-12-12,1543.66,1552.62,1538.98,1549.34,5106655,0.0139,0.0394,0.0957,62.7963,0.01,0.0127,-0.7018,0.0151,0.0401,10286655.35,0.4964,0.0074,0.0103,-0.007,0,0.5613,1,0
2025-12-15,1544.06,1551.43,1539.38,1549.04,5774543,0.0124,0.0376,0.0945,62.6381,0.0099,0.0122,-0.6319,0.0141,0.0377,10281811.7,0.5616,-0.0002,0.0086,-0.0063,0,0.5593,1,0
2025-12-16,1537.89,1544.56,1531.72,1535.2,11731856,0.003,0.0272,0.0838,55.6697,0.0091,0.0116,-0.2586,0.0135,0.0347,10316152.4,1.1372,-0.0089,0.0084,-0.0026,1,0.5698,1,0
2025-12-17,1542.87,1542.87,1532.22,1537.29,7116649,0.0039,0.0274,0.0844,56.4575,0.0084,0.011,0.3636,0.0131,0.0304,10387366.55,0.6851,0.0014,0.0049,0.0036,0,0.5691,1,0
2025-12-18,1528.13,1544.36,1528.13,1537.29,6580829,0.0036,0.0263,0.0834,56.4575,0.0078,0.0104,0.5731,0.013,0.0305,9807821.8,0.671,0.0,-0.0004,0.0057,1,0.5724,1,0
2025-12-19,1547.25,1566.95,1543.86,1557.9,13937275,0.0154,0.0385,0.0969,63.8122,0.0082,0.0098,1.5905,0.0136,0.0317,10023922.0,1.3904,0.0134,0.0055,0.0159,1,0.5936,1,0
2025-12-22,1566.26,1570.24,1558.1,1568.15,10184852,0.0199,0.0434,0.103,66.8143,0.0089,0.0096,2.0997,0.0129,0.0341,9611467.05,1.0597,0.0066,0.0123,0.021,0,0.5792,1,0
2025-12-23,1573.62,1573.62,1560.88,1563.47,7506564,0.0152,0.0387,0.0986,64.1957,0.0093,0.0095,2.7004,0.0126,0.0354,9235121.15,0.8128,-0.003,0.0184,0.027,0,0.5536,1,0
2025-12-24,1565.46,1568.45,1546.45,1551.03,8815745,0.0065,0.0292,0.0889,57.7198,0.0088,0.0095,1.3858,0.0118,0.0343,8973193.45,0.9825,-0.008,0.0089,0.0139,1,0.5664,1,0
2025-12-26,1547.54,1553.82,1547.15,1552.02,2311495,0.0064,0.0286,0.0886,58.0822,0.0084,0.0092,0.9188,0.0109,0.0338,8599036.05,0.2688,0.0006,0.0096,0.0092,0,0.5754,1,0
2025-12-29,1547.74,1550.93,1536.5,1538.49,5972105,-0.0021,0.0189,0.0783,51.5758,0.0073,0.0089,-0.7003,0.011,0.0327,8449665.9,0.7068,-0.0087,-0.0125,-0.007,0,0.5521,1,0
2025-12-30,1539.88,1546.45,1530.72,1532.71,8815884,-0.0053,0.0145,0.0734,49.048,0.006,0.0084,-1.0542,0.0107,0.0318,8444448.45,1.044,-0.0038,-0.0226,-0.0105,1,0.5577,1,0
2025-12-31,1533.91,1569.74,1533.91,1563.17,5771830,0.0131,0.0332,0.0937,60.1361,0.0064,0.0078,1.8219,0.0114,0.0335,8163582.45,0.707,0.0199,-0.0002,0.0182,1,0.5783,1,0
2026-01-01,1566.46,1585.17,1563.87,1568.35,6408128,0.0148,0.0352,0.0963,61.664,0.0069,0.0076,2.0204,0.0111,0.0357,8179444.7,0.7834,0.0033,0.0112,0.0202,1,0.5474,1,0
2026-01-02,1572.73,1587.26,1570.94,1584.97,6602230,0.0231,0.0442,0.1067,66.1472,0.0081,0.0077,3.1016,0.0112,0.0407,7916159.7,0.834,0.0106,0.0212,0.031,0,0.5685,1,0
2026-01-05,1585.67,1604.38,1568.05,1570.84,8704973,0.0126,0.0335,0.0958,59.7497,0.0083,0.0078,0.8306,0.0124,0.0422,7842245.05,1.11,-0.0089,0.021,0.0083,0,0.5738,1,0
2026-01-06,1561.78,1561.78,1489.41,1500.66,27417125,-0.0296,-0.0122,0.0463,39.3785,0.005,0.0075,-4.3038,0.0161,0.0524,8648026.75,3.1703,-0.0447,-0.0209,-0.043,0,0.4996,-1,-2
2026-01-07,1503.05,1513.0,1491.11,1497.28,11199340,-0.0288,-0.0138,0.0435,38.6942,0.0018,0.0064,-4.2335,0.0166,0.0588,8632795.2,1.2973,-0.0023,-0.0422,-0.0423,0,0.4864,-1,0
2026-01-08,1493.1,1496.98,1462.04,1463.83,16518684,-0.046,-0.0345,0.02,32.6481,-0.0025,0.0047,-5.6221,0.0179,0.0781,9059147.95,1.8234,-0.0223,-0.0666,-0.0562,1,0.4784,-1,0
2026-01-09,1458.26,1473.09,1458.26,1468.51,8335311,-0.039,-0.0302,0.023,34.1973,-0.0056,0.0027,-5.3807,0.0172,0.0901,9240603.65,0.902,0.0032,-0.0735,-0.0538,1,0.4978,-1,0
2026-01-12,1468.51,1478.46,1444.32,1476.37,8883745,-0.0307,-0.0241,0.0282,36.8255,-0.0076,0.0006,-4.0377,0.0181,0.0971,9429458.15,0.9421,0.0054,-0.0601,-0.0404,0,0.4826,-1,0
2026-01-13,1478.17,1478.96,1438.05,1446.11,13499760,-0.046,-0.0424,0.0071,31.5937,-0.0109,-0.0017,-5.6501,0.0199,0.1131,9815719.0,1.3753,-0.0205,-0.0364,-0.0565,1,0.4962,-1,0
2026-01-14,1437.35,1460.25,1433.57,1452.09,8321764,-0.0382,-0.037,0.0111,33.6013,-0.0128,-0.0039,-7.1061,0.02,0.1225,9645214.4,0.8628,0.0041,-0.0302,-0.0711,0,0.5099,-1,0
2026-01-15,1452.09,1452.09,1452.09,1452.09,0,-0.0347,-0.0356,0.011,33.6013,-0.0142,-0.006,-7.4129,0.0197,0.1305,9289381.95,0.0,0.0,-0.008,-0.0741,0,0.5368,1,2
2026-01-16,1452.09,1473.19,1448.4,1451.19,17167161,-0.032,-0.0348,0.0103,33.4301,-0.0152,-0.0078,-8.4405,0.0202,0.1372,9818698.55,1.7484,-0.0006,-0.0118,-0.0844,0,0.5161,-1,-2
2026-01-19,1443.92,1443.92,1396.84,1407.09,20392765,-0.0559,-0.0618,-0.0202,26.3449,-0.0188,-0.0102,-10.4244,0.0228,0.1552,10141473.05,2.0108,-0.0304,-0.0469,-0.1042,0,0.5165,-1,0
2026-01-20,1404.21,1409.48,1383.6,1387.58,13189498,-0.0628,-0.0721,-0.0335,23.9287,-0.0225,-0.0128,-7.5354,0.0225,0.1709,10291705.35,1.2816,-0.0139,-0.0405,-0.0754,1,0.5281,1,2
2026-01-21,1383.11,1406.4,1366.68,1398.14,17352720,-0.0507,-0.0626,-0.0259,27.7891,-0.0241,-0.015,-6.6213,0.0233,0.1764,10784013.15,1.6091,0.0076,-0.0372,-0.0662,0,0.5283,1,0
2026-01-22,1403.61,1412.97,1388.58,1396.05,15721693,-0.0474,-0.0617,-0.0271,27.4917,-0.0254,-0.0171,-4.6303,0.0236,0.1825,11129310.55,1.4126,-0.0015,-0.0386,-0.0463,0,0.5374,1,0
2026-01-23,1395.35,1400.52,1374.64,1379.72,9837802,-0.0532,-0.07,-0.0381,25.2209,-0.0273,-0.0193,-6.0463,0.0233,0.1908,11505625.9,0.855,-0.0117,-0.0492,-0.0605,0,0.5356,1,0
2026-01-27,1373.65,1385.2,1361.7,1374.15,26302396,-0.0519,-0.0711,-0.0416,24.4781,-0.0287,-0.0212,-6.9237,0.0204,0.1977,12522140.45,2.1005,-0.004,-0.0234,-0.0692,1,0.5231,1,0
2026-01-28,1378.63,1403.41,1378.53,1390.27,11121657,-0.037,-0.058,-0.03,30.827,-0.0282,-0.0224,-3.8614,0.0205,0.1966,12637429.1,0.8801,0.0117,0.0019,-0.0386,0,0.5327,1,0
2026-01-29,1396.44,1396.44,1377.63,1384.6,20846683,-0.0372,-0.0595,-0.0336,29.8756,-0.0281,-0.0236,-4.6478,0.0198,0.1905,13391171.75,1.5567,-0.0041,-0.0097,-0.0465,1,0.5205,1,0
2026-01-30,1376.24,1391.57,1372.16,1388.98,11239835,-0.031,-0.0545,-0.0303,31.6309,-0.0273,-0.0243,-4.3461,0.0199,0.1768,13632757.1,0.8245,0.0032,-0.0051,-0.0435,0,0.5211,1,0
2026-02-02,1333.83,1386.49,1329.35,1384.0,15711165,-0.0313,-0.0557,-0.0334,30.6903,-0.0268,-0.0249,-4.63,0.0213,0.1529,14088203.85,1.1152,-0.0036,0.0031,-0.0463,1,0.5456,1,0
2026-02-03,1467.12,1482.64,1423.62,1430.49,25456171,0.0011,-0.0231,-0.001,46.6423,-0.0226,-0.0238,1.663,0.0235,0.1171,14925763.75,1.7055,0.0336,0.041,0.0166,1,0.527,1,0
2026-02-04,1437.35,1457.26,1433.67,1450.1,8333387,0.0134,-0.0093,0.0126,51.6929,-0.0184,-0.0224,4.5057,0.0232,0.1063,13971576.85,0.5965,0.0137,0.043,0.0451,0,0.5329,1,0
2026-02-05,1450.29,1454.77,1432.88,1436.76,11763658,0.0037,-0.0177,0.0032,48.3408,-0.016,-0.0213,2.7622,0.0245,0.0965,13999792.75,0.8403,-0.0092,0.0377,0.0276,1,0.5015,-1,-2
2026-02-06,1434.87,1446.11,1426.9,1444.12,8277304,0.008,-0.0122,0.0083,50.2573,-0.0133,-0.0196,3.4433,0.0241,0.0932,13587723.75,0.6092,0.0051,0.0397,0.0344,1,0.5042,-1,0
2026-02-09,1451.29,1459.15,1446.31,1454.87,5775864,0.014,-0.0046,0.0156,53.0001,-0.0105,-0.0177,5.4468,0.022,0.09,13459751.4,0.4291,0.0074,0.0512,0.0545,0,0.5123,-1,0
2026-02-10,1464.23,1464.23,1445.52,1451.79,10259630,0.0107,-0.0065,0.0134,52.1135,-0.0084,-0.0158,5.65,0.0217,0.0851,13528545.65,0.7584,-0.0021,0.0149,0.0565,1,0.5006,-1,0
2026-02-11,1452.88,1463.23,1446.91,1461.94,7106877,0.0161,0.0004,0.0202,54.7971,-0.006,-0.0138,5.1551,0.0204,0.0871,13208901.5,0.538,0.007,0.0082,0.0516,0,0.5139,-1,0
2026-02-12,1463.23,1466.22,1438.85,1442.23,11135399,0.0021,-0.0125,0.0064,49.0487,-0.0053,-0.0122,4.1622,0.0208,0.087,13349583.25,0.8341,-0.0135,0.0038,0.0416,0,0.4561,-1,0
2026-02-13,1438.85,1444.02,1409.78,1413.07,10755693,-0.0164,-0.0313,-0.0138,42.0249,-0.0064,-0.0113,1.7344,0.0217,0.0859,13887367.9,0.7745,-0.0202,-0.0215,0.0173,1,0.5006,-1,0
2026-02-16,1413.56,1432.97,1402.81,1430.49,5896514,-0.0039,-0.0186,-0.0016,46.9155,-0.006,-0.0101,3.3591,0.0217,0.0823,13323835.55,0.4426,0.0123,-0.0168,0.0336,0,0.5003,-1,0
2026-02-17,1424.51,1425.21,1412.07,1416.45,10731630,-0.0124,-0.0271,-0.0113,43.7147,-0.0065,-0.0095,-0.9815,0.0214,0.083,12840778.8,0.8357,-0.0098,-0.0243,-0.0098,1,0.4672,-1,0
2026-02-18,1420.43,1435.46,1412.67,1434.67,5521096,0.0003,-0.0141,0.0014,48.6141,-0.0057,-0.0086,-1.0641,0.0213,0.0805,12457358.7,0.4432,0.0129,-0.0187,-0.0106,0,0.5117,-1,0
2026-02-19,1436.36,1436.36,1393.56,1403.01,11884664,-0.0198,-0.0345,-0.0205,41.8045,-0.007,-0.0084,-2.349,0.023,0.0819,12183955.9,0.9754,-0.0221,-0.0272,-0.0235,1,0.5194,-1,0
2026-02-20,1403.01,1420.83,1399.63,1412.87,8177670,-0.0117,-0.0266,-0.0135,44.4159,-0.0072,-0.0082,-2.1639,0.0209,0.0801,11806754.75,0.6926,0.007,-0.0001,-0.0216,1,0.4877,-1,0
2026-02-23,1418.44,1428.3,1411.77,1421.43,7758856,-0.0051,-0.0199,-0.0074,46.6538,-0.0068,-0.0078,-2.2985,0.0167,0.0751,11702807.45,0.663,0.0061,-0.0063,-0.023,1,0.482,-1,0
2026-02-24,1418.74,1426.7,1408.49,1422.22,12529409,-0.0041,-0.0186,-0.0068,46.8665,-0.0064,-0.0076,-2.0368,0.0162,0.0683,11014158.1,1.1376,0.0006,0.0041,-0.0204,0,0.512,-1,0
2026-02-25,1428.4,1433.87,1387.09,1392.06,10728792,-0.0229,-0.038,-0.0276,40.2678,-0.0079,-0.0078,-4.7799,0.0178,0.0694,10994514.85,0.9758,-0.0212,-0.0297,-0.0478,1,0.4941,-1,0
2026-02-26,1392.06,1406.4,1385.49,1400.33,16683858,-0.0155,-0.031,-0.0216,42.6522,-0.0083,-0.0078,-2.9052,0.0178,0.0658,10786373.6,1.5468,0.0059,-0.0019,-0.0291,0,0.509,-1,0
2026-02-27,1391.57,1403.91,1381.71,1387.48,12031440,-0.0223,-0.0384,-0.0303,39.9816,-0.0094,-0.0082,-1.811,0.0184,0.0668,10825953.85,1.1114,-0.0092,-0.018,-0.0181,0,0.5237,1,2
2026-03-02,1369.17,1372.26,1335.33,1351.75,23728722,-0.0431,-0.0608,-0.0547,33.669,-0.0125,-0.0092,-5.5044,0.0206,0.0798,11226831.7,2.1136,-0.0258,-0.049,-0.055,0,0.4938,-1,-2
2026-03-04,1323.88,1346.57,1300.98,1338.81,32495007,-0.0475,-0.0673,-0.0632,31.716,-0.0155,-0.0105,-5.4813,0.0226,0.0979,11578773.5,2.8064,-0.0096,-0.0586,-0.0548,1,0.5249,1,2
2026-03-05,1346.87,1392.56,1346.87,1383.01,25957532,-0.0146,-0.0351,-0.032,43.7241,-0.0144,-0.0111,-3.6008,0.0233,0.0948,12459980.75,2.0833,0.033,-0.0065,-0.036,1,0.5489,1,0
2026-03-06,1390.07,1417.74,1383.9,1398.33,19311971,-0.0033,-0.0235,-0.021,47.1906,-0.0128,-0.0113,-0.3336,0.0231,0.0931,12837396.4,1.5044,0.0111,-0.0014,-0.0033,1,0.4931,-1,-2
2026-03-09,1368.67,1422.82,1363.69,1417.45,24870822,0.0093,-0.0097,-0.0076,51.2284,-0.0103,-0.011,0.3242,0.0242,0.0896,13667072.3,1.8198,0.0137,0.0216,0.0032,0,0.5162,-1,0
2026-03-10,1424.02,1424.91,1394.15,1402.32,18071259,-0.0013,-0.0195,-0.018,48.0946,-0.0093,-0.0107,-1.3444,0.0251,0.0859,14281842.05,1.2653,-0.0107,0.0374,-0.0134,0,0.4881,-1,0
2026-03-11,1418.34,1427.4,1377.23,1383.8,21848087,-0.0131,-0.0312,-0.0307,44.5057,-0.0095,-0.0106,-2.7014,0.0268,0.0834,14861264.9,1.4701,-0.0132,0.0336,-0.027,1,0.5093,-1,0
2026-03-12,1383.6,1404.41,1374.74,1385.79,20939959,-0.0106,-0.0287,-0.029,44.9808,-0.0093,-0.0103,-0.4504,0.0261,0.0748,15552919.0,1.3464,0.0014,0.002,-0.0045,0,0.5006,-1,0
2026-03-13,1378.82,1394.35,1372.06,1374.35,17265090,-0.017,-0.0353,-0.0366,42.7168,-0.0098,-0.0103,-1.8553,0.0264,0.0721,15859403.55,1.0886,-0.0083,-0.0171,-0.0186,1,0.545,1,2
2026-03-16,1373.65,1390.87,1357.22,1388.68,22837802,-0.0061,-0.0243,-0.0263,46.3589,-0.0091,-0.0099,0.0865,0.027,0.0709,16463509.0,1.3872,0.0104,-0.0203,0.0009,1,0.4981,-1,-2
2026-03-17,1392.56,1399.43,1381.81,1391.17,19007744,-0.0039,-0.0217,-0.0244,46.9897,-0.0083,-0.0096,2.9162,0.0269,0.0672,17119070.5,1.1103,0.0018,-0.008,0.0292,1,0.5002,-1,0
2026-03-18,1390.77,1406.4,1390.77,1401.62,9559327,0.0032,-0.0138,-0.0169,49.6646,-0.007,-0.009,4.6915,0.0251,0.0653,17060455.35,0.5603,0.0075,0.0129,0.0469,0,0.5079,-1,0
2026-03-19,1381.61,1409.18,1369.77,1378.43,16498373,-0.0121,-0.029,-0.0328,44.32,-0.0074,-0.0088,-0.3312,0.0265,0.0612,17609319.2,0.9369,-0.0165,-0.0053,-0.0033,1,0.4973,-1,0
2026-03-20,1391.57,1423.42,1389.67,1407.89,22994918,0.0081,-0.0079,-0.012,51.4655,-0.0057,-0.0081,0.6837,0.0271,0.0604,18164831.9,1.2659,0.0214,0.0244,0.0068,0,0.5386,1,2
2026-03-23,1393.56,1409.08,1384.6,1401.32,18979554,0.0031,-0.012,-0.0165,49.9267,-0.0048,-0.0074,-1.138,0.0258,0.0594,18704926.1,1.0147,-0.0047,0.0091,-0.0114,1,0.5097,-1,-2
2026-03-24,1413.46,1415.85,1400.13,1405.3,18620893,0.0054,-0.0089,-0.0135,50.8847,-0.0038,-0.0067,0.2125,0.024,0.0566,19248027.95,0.9674,0.0028,0.0102,0.0021,1,0.4912,-1,0
2026-03-25,1413.46,1423.92,1401.92,1406.6,19041331,0.0057,-0.0076,-0.0125,51.2131,-0.0029,-0.0059,1.6476,0.0224,0.0536,19573624.05,0.9728,0.0009,0.0036,0.0165,0,0.4935,-1,0
2026-03-27,1394.55,1398.24,1338.81,1341.9,23266517,-0.0368,-0.0513,-0.0574,37.7035,-0.0061,-0.0062,-3.1671,0.0252,0.0646,20200510.3,1.1518,-0.046,-0.0265,-0.0317,0,0.5188,-1,0
2026-03-30,1328.86,1358.72,1327.96,1337.71,24393861,-0.0362,-0.0523,-0.0598,37.0224,-0.0088,-0.0067,-2.666,0.0238,0.072,20586010.45,1.185,-0.0031,-0.0498,-0.0267,1,0.5346,1,2
2026-04-01,1377.83,1378.03,1356.63,1362.9,14404619,-0.0164,-0.0331,-0.0417,43.617,-0.009,-0.0071,-1.8564,0.0238,0.072,20704669.4,0.6957,0.0188,-0.0274,-0.0186,0,0.5455,1,0
2026-04-02,1350.75,1351.95,1321.89,1344.28,21280051,-0.027,-0.0446,-0.0542,40.261,-0.0105,-0.0079,-3.3705,0.0237,0.0746,20582235.85,1.0339,-0.0137,-0.0434,-0.0337,0,0.5255,1,0
2026-04-06,1352.75,1352.75,1284.06,1298.7,29274881,-0.0546,-0.0742,-0.0855,33.4717,-0.0146,-0.0094,-7.3429,0.0266,0.0921,20421229.55,1.4336,-0.0339,-0.0767,-0.0734,0,0.5232,1,0
2026-04-07,1289.04,1302.28,1285.06,1298.6,28388922,-0.0497,-0.0715,-0.0848,33.4584,-0.0174,-0.011,-5.7914,0.0264,0.108,20542799.05,1.3819,-0.0001,-0.0323,-0.0579,1,0.5375,1,0
2026-04-08,1342.79,1344.38,1320.1,1341.6,21817543,-0.0166,-0.0393,-0.054,43.8196,-0.0162,-0.0118,-4.7085,0.0262,0.1058,20668077.65,1.0556,0.0331,0.0029,-0.0471,0,0.576,1,0
2026-04-09,1339.81,1343.79,1320.2,1323.88,20725390,-0.0268,-0.05,-0.0659,40.9873,-0.0168,-0.0129,-5.5262,0.0268,0.1074,20460806.05,1.0129,-0.0132,-0.0286,-0.0553,1,0.5511,1,0
2026-04-10,1330.85,1346.08,1325.37,1343.99,19364461,-0.0109,-0.0342,-0.0512,45.3078,-0.0155,-0.0133,-4.3628,0.0268,0.1043,20525466.15,0.9434,0.0152,-0.0002,-0.0436,0,0.5631,1,0
2026-04-13,1315.12,1321.49,1303.97,1309.05,28753269,-0.0332,-0.0572,-0.0752,39.8489,-0.0169,-0.0143,-6.9352,0.0275,0.113,20870725.25,1.3777,-0.026,0.008,-0.0694,1,0.5318,1,0
2026-04-15,1330.85,1340.8,1328.06,1337.91,15313779,-0.0108,-0.035,-0.0542,45.6715,-0.0155,-0.0143,-0.2973,0.0262,0.1104,20589416.25,0.7438,0.022,0.0303,-0.003,0,0.5563,1,0
2026-04-16,1345.78,1347.57,1323.88,1337.12,30211012,-0.0103,-0.0342,-0.0543,45.5416,-0.0145,-0.0143,-0.0441,0.0262,0.1109,21236712.35,1.4226,-0.0006,-0.0033,-0.0004,1,0.5315,1,0
2026-04-17,1333.83,1362.1,1333.83,1358.72,13869105,0.0051,-0.0179,-0.0386,49.7516,-0.0121,-0.0137,-0.3067,0.0264,0.1071,20788277.5,0.6672,0.0162,0.0263,-0.0031,0,0.543,1,0
2026-04-20,1356.93,1366.68,1346.57,1357.03,13614733,0.0035,-0.0184,-0.0395,49.4296,-0.0104,-0.0131,0.9485,0.0264,0.1045,20518626.95,0.6635,-0.0012,0.0097,0.0095,0,0.52,-1,-2
2026-04-21,1352.75,1363.5,1343.89,1347.07,27293629,-0.0035,-0.0246,-0.0461,47.4794,-0.0095,-0.0124,3.7245,0.024,0.1001,21405342.05,1.2751,-0.0073,0.029,0.0372,1,0.4927,-1,0
2026-04-22,1344.09,1359.71,1342.89,1355.83,9525953,0.0027,-0.0176,-0.0395,49.3714,-0.0081,-0.0115,4.4071,0.0231,0.0978,21056721.05,0.4524,0.0065,0.0134,0.0441,0,0.5105,-1,0
2026-04-23,1339.81,1349.26,1334.53,1337.22,16385079,-0.01,-0.0299,-0.0522,45.6122,-0.0082,-0.011,-0.3265,0.0224,0.0909,20726229.1,0.7905,-0.0137,0.0001,-0.0033,0,0.4805,-1,0
2026-04-24,1333.83,1339.71,1318.9,1321.69,11744802,-0.0195,-0.0396,-0.0626,42.691,-0.0091,-0.0107,-0.1654,0.0216,0.085,20364491.5,0.5767,-0.0116,-0.0273,-0.0017,1,0.5188,-1,0
2026-04-27,1306.96,1365.29,1304.97,1359.51,24673098,0.0077,-0.0116,-0.0354,50.9326,-0.0071,-0.0097,1.1548,0.0206,0.0717,20667101.75,1.1938,0.0286,0.0018,0.0115,1,0.5394,1,2
2026-04-28,1351.75,1388.78,1350.75,1382.51,41027699,0.0224,0.0049,-0.0189,55.1562,-0.0043,-0.0085,5.6117,0.0213,0.0619,21766420.15,1.8849,0.0169,0.0263,0.0561,1,0.5513,1,0
2026-04-29,1385.59,1427.2,1384.9,1418.84,30542143,0.0443,0.03,0.0068,60.8838,-0.0,-0.0066,6.049,0.0207,0.0782,22130201.45,1.3801,0.0263,0.0465,0.0605,1,0.5608,1,0
2026-04-30,1402.52,1430.39,1386.69,1424.22,30957881,0.0435,0.0326,0.0105,61.6646,0.0035,-0.0046,6.514,0.0216,0.0927,22458402.45,1.3785,0.0038,0.0651,0.0651,0,0.5292,1,0
2026-05-01,1424.22,1424.22,1424.22,1424.22,0,0.0392,0.0312,0.0104,61.6646,0.0063,-0.0024,4.8207,0.0205,0.1041,21738171.5,0.0,0.0,0.0776,0.0482,1,0.5324,1,0
2026-05-04,1426.8,1460.65,1426.8,1456.37,24035700,0.0563,0.0523,0.0329,66.3237,0.0099,0.0001,7.3204,0.0199,0.1204,21875953.95,1.0987,0.0226,0.0712,0.0732,1,0.5674,1,0
2026-05-05,1453.28,1466.62,1443.33,1456.86,23543341,0.051,0.0505,0.0329,66.3908,0.0128,0.0026,8.1503,0.0195,0.129,21589376.95,1.0905,0.0003,0.0538,0.0815,0,0.5275,1,0
2026-05-06,1456.27,1466.52,1420.93,1431.28,14221786,0.0294,0.0307,0.0146,59.708,0.0138,0.0049,5.5649,0.0209,0.13,20881020.15,0.6811,-0.0176,0.0088,0.0556,0,0.4913,-1,-2
2026-05-07,1432.18,1442.83,1423.72,1429.59,19816903,0.0254,0.0283,0.0133,59.2834,0.0141,0.0067,6.9076,0.0205,0.1335,20780988.15,0.9536,-0.0012,0.0038,0.0691,0,0.5189,-1,0
2026-05-08,1419.44,1436.16,1410.98,1428.59,8663105,0.0223,0.0265,0.0124,59.016,0.0141,0.0082,8.0881,0.0207,0.133,20177873.9,0.4293,-0.0007,0.0031,0.0809,0,0.5299,1,2
2026-05-11,1413.46,1421.43,1375.64,1381.81,15261787,-0.0101,-0.0068,-0.0205,48.088,0.0118,0.0092,1.6403,0.0232,0.1351,19972740.2,0.7641,-0.0327,-0.0512,0.0164,0,0.478,-1,-2
2026-05-12,1385.59,1387.09,1354.04,1357.72,24357500,-0.0248,-0.0232,-0.0372,43.6097,0.0082,0.0091,-1.7931,0.0244,0.1291,19752951.75,1.2331,-0.0174,-0.0681,-0.0179,0,0.4797,-1,0
2026-05-13,1355.13,1366.08,1346.18,1352.55,13797989,-0.0259,-0.0259,-0.0405,42.6908,0.0048,0.0083,-4.6721,0.0245,0.1275,19677162.25,0.7012,-0.0038,-0.055,-0.0467,1,0.5294,1,2
2026-05-14,1358.92,1371.66,1352.15,1355.53,17303059,-0.0215,-0.0229,-0.038,43.4307,0.0023,0.0071,-4.823,0.0243,0.1245,19031764.6,0.9092,0.0022,-0.0518,-0.0482,0,0.4981,-1,-2
2026-05-15,1350.56,1358.52,1323.08,1330.25,19976192,-0.0361,-0.0395,-0.0555,38.8487,-0.0013,0.0055,-6.598,0.0235,0.1312,19337118.95,1.033,-0.0186,-0.0688,-0.066,0,0.5128,-1,0
2026-05-18,1327.86,1335.82,1312.63,1329.75,13022473,-0.0331,-0.0384,-0.0553,38.7616,-0.0041,0.0036,-8.6942,0.0227,0.1353,19307505.95,0.6745,-0.0004,-0.0377,-0.0869,0,0.543,1,2
2026-05-19,1332.54,1337.81,1312.33,1316.61,21665501,-0.0388,-0.0461,-0.064,36.4487,-0.0071,0.0015,-9.6269,0.0219,0.1421,19026099.55,1.1387,-0.0099,-0.0303,-0.0963,1,0.5212,1,0
2026-05-20,1312.63,1356.63,1306.56,1353.44,13248515,-0.0108,-0.0187,-0.0375,46.1481,-0.0069,-0.0002,-5.4385,0.0216,0.1385,19212227.65,0.6896,0.028,0.0007,-0.0544,0,0.5114,-1,-2
2026-05-21,1360.91,1364.59,1339.01,1343.39,17150630,-0.0164,-0.025,-0.0442,44.1672,-0.0075,-0.0017,-6.0297,0.0231,0.1387,19250505.2,0.8909,-0.0074,-0.009,-0.0603,1,0.493,-1,0
2026-05-22,1343.79,1361.11,1342.89,1348.27,7105813,-0.0116,-0.0206,-0.0403,45.3929,-0.0075,-0.0028,-5.6223,0.0221,0.1338,19018555.75,0.3736,0.0036,0.0135,-0.0562,1,0.4946,-1,0
2026-05-25,1360.51,1364.79,1350.75,1360.71,6750071,-0.0023,-0.0111,-0.0312,48.497,-0.0067,-0.0036,-1.527,0.0215,0.1324,18122404.4,0.3725,0.0092,0.0233,-0.0153,0,0.4999,-1,0
2026-05-26,1353.84,1362.2,1346.18,1350.06,13769747,-0.0091,-0.0181,-0.0384,46.0819,-0.0067,-0.0042,-0.5642,0.0201,0.1354,16759506.8,0.8216,-0.0078,0.0254,-0.0056,0,0.4579,-1,0
2026-05-27,1346.77,1354.74,1342.39,1344.28,13215138,-0.0121,-0.0215,-0.0421,44.7786,-0.0069,-0.0048,-0.6114,0.0198,0.1357,15893156.55,0.8315,-0.0043,-0.0068,-0.0061,0,0.4718,-1,0
2026-05-28,1344.28,1344.28,1344.28,1344.28,0,-0.011,-0.0207,-0.0417,44.7786,-0.007,-0.0052,-0.8299,0.0185,0.1337,14345262.5,0.0,0.0,0.0007,-0.0083,0,0.4994,-1,0
2026-05-29,1357.72,1362.7,1310.94,1315.12,42634247,-0.0294,-0.0403,-0.0619,38.4208,-0.0089,-0.006,-1.1374,0.0189,0.1376,16476974.85,2.5875,-0.0217,-0.0246,-0.0114,0,0.4918,-1,0
2026-06-01,1326.37,1329.35,1312.43,1313.92,10700603,-0.0275,-0.0396,-0.0622,38.1805,-0.0103,-0.0069,-1.1904,0.018,0.1275,15810220.0,0.6768,-0.0009,-0.0344,-0.0119,0,0.5301,1,2
2026-06-02,1301.68,1321.69,1294.32,1308.55,23302785,-0.0286,-0.0419,-0.0654,37.0636,-0.0116,-0.0079,-0.6122,0.0185,0.1134,15798192.2,1.475,-0.0041,-0.0307,-0.0061,0,0.509,-1,-2
2026-06-03,1308.95,1317.91,1295.01,1307.16,20012293,-0.0269,-0.0413,-0.0658,36.7638,-0.0125,-0.0088,-3.4194,0.0187,0.1037,16087717.55,1.2439,-0.0011,-0.0276,-0.0342,0,0.511,-1,0
2026-06-04,1295.01,1305.17,1287.15,1297.7,23474327,-0.0308,-0.0465,-0.0719,34.7063,-0.0138,-0.0099,-3.4011,0.018,0.0921,16270588.75,1.4427,-0.0072,-0.0347,-0.034,0,0.5133,-1,0
2026-06-05,1304.5,1306.0,1288.0,1291.0,17785223,-0.0325,-0.0495,-0.0759,33.2855,-0.0151,-0.0109,-4.2477,0.0178,0.0749,16726694.65,1.0633,-0.0052,-0.0183,-0.0425,0,0.5317,1,2
