Date,Open,High,Low,Close,Volume,EMA20,EMA50,EMA200,RSI,MACD,MACD_Signal,ROC,ATR,BB_Width,Vol_MA,Vol_Ratio,Return_1D,Return_5D,Return_10D,HL_Spread,Close_Position,RSI_Lag_1,RSI_Lag_2,Return_1D_Lag_1,Return_1D_Lag_2,MACD_Lag_1,MACD_Lag_2,Vol_Ratio_Lag_1,Vol_Ratio_Lag_2,Target,Probability,Signal,Position_Change
2025-02-25,3457.03,3488.5,3453.46,3461.37,4101954,-0.0687,-0.0945,-0.0968,20.5726,-0.0284,-0.0193,-8.4269,0.0197,0.1648,2061931.75,1.9894,-0.0125,-0.0629,-0.0843,0.0101,0.2257,22.4105,27.9728,-0.0292,0.0017,-0.0248,-0.021,1.3081,0.9573,0,0.5344,1,0
2025-02-27,3444.35,3469.43,3433.86,3445.16,3823856,-0.0665,-0.0952,-0.1001,19.9232,-0.0312,-0.0218,-8.5466,0.0187,0.1795,2176562.0,1.7568,-0.0047,-0.0453,-0.0855,0.0103,0.3177,20.5726,22.4105,-0.0125,-0.0292,-0.0284,-0.0248,1.9894,1.3081,0,0.5283,1,0
2025-02-28,3418.84,3433.19,3296.82,3321.85,7085018,-0.0913,-0.1232,-0.1312,15.8296,-0.0371,-0.0255,-10.9178,0.021,0.2097,2456165.75,2.8846,-0.0358,-0.0784,-0.1092,0.0411,0.1835,19.9232,20.5726,-0.0047,-0.0125,-0.0312,-0.0284,1.7568,1.9894,1,0.5595,1,0
2025-03-03,3323.52,3360.0,3315.08,3331.2,4990439,-0.081,-0.1165,-0.1276,17.2185,-0.0401,-0.0284,-11.2279,0.0211,0.2259,2683829.1,1.8594,0.0028,-0.0774,-0.1123,0.0135,0.3589,15.8296,19.9232,-0.0358,-0.0047,-0.0371,-0.0312,2.8846,1.7568,1,0.5175,-1,-2
2025-03-04,3313.03,3386.46,3303.78,3368.39,2797737,-0.0644,-0.1029,-0.1168,22.6835,-0.0407,-0.0306,-9.5389,0.0209,0.2307,2760430.3,1.0135,0.0112,-0.0391,-0.0954,0.0245,0.7814,17.2185,15.8296,0.0028,-0.0358,-0.0401,-0.0371,1.8594,2.8846,1,0.532,1,2
2025-03-05,3357.71,3433.53,3357.71,3382.7,2501894,-0.055,-0.0956,-0.1121,24.7423,-0.0405,-0.0325,-8.4205,0.0208,0.2284,2758168.4,0.9071,0.0042,-0.0227,-0.0842,0.0224,0.3296,22.6835,17.2185,0.0112,0.0028,-0.0407,-0.0401,1.0135,1.8594,1,0.5038,-1,-2
2025-03-06,3392.18,3442.2,3372.25,3434.72,2786513,-0.0368,-0.0787,-0.0975,31.8468,-0.0383,-0.0332,-4.8227,0.0203,0.2173,2812798.45,0.9907,0.0154,-0.003,-0.0482,0.0204,0.8931,24.7423,22.6835,0.0042,0.0112,-0.0405,-0.0407,0.9071,1.0135,1,0.511,-1,0
2025-03-07,3433.19,3457.03,3408.78,3443.87,2051315,-0.031,-0.0735,-0.0943,33.0441,-0.0362,-0.0338,-4.4505,0.0203,0.2054,2801137.4,0.7323,0.0027,0.0367,-0.0445,0.014,0.7273,31.8468,24.7423,0.0154,0.0042,-0.0383,-0.0405,0.9907,0.9071,0,0.4677,-1,0
2025-03-10,3439.39,3454.27,3416.6,3423.32,1004626,-0.0334,-0.0762,-0.0988,31.6973,-0.035,-0.0342,-5.1862,0.0196,0.1976,2773921.7,0.3622,-0.006,0.0277,-0.0519,0.011,0.1784,33.0441,31.8468,0.0027,0.0154,-0.0362,-0.0383,0.7323,0.9907,0,0.4953,-1,0
2025-03-11,3393.14,3422.46,3373.73,3409.64,1995450,-0.0339,-0.077,-0.1015,30.7974,-0.0339,-0.0342,-2.7287,0.0195,0.1853,2806718.65,0.711,-0.004,0.0122,-0.0273,0.0143,0.7369,31.6973,33.0441,-0.006,0.0027,-0.035,-0.0362,0.3622,0.7323,0,0.5085,-1,0
2025-03-12,3399.81,3403.87,3325.29,3343.74,3174167,-0.0478,-0.0914,-0.1178,26.8437,-0.0347,-0.0349,-3.3984,0.0195,0.1831,2874881.6,1.1041,-0.0193,-0.0115,-0.034,0.0235,0.2348,30.7974,31.6973,-0.004,-0.006,-0.0339,-0.035,0.711,0.3622,1,0.5561,1,2
2025-03-13,3340.02,3361.0,3322.66,3348.36,1693004,-0.0422,-0.087,-0.1156,27.5459,-0.0343,-0.0347,-2.8097,0.0196,0.174,2875631.7,0.5887,0.0014,-0.0251,-0.0281,0.0115,0.6703,26.8437,30.7974,-0.0193,-0.004,-0.0347,-0.0339,1.1041,0.711,0,0.5119,-1,-2
2025-03-17,3327.34,3366.86,3316.23,3335.63,2690906,-0.0417,-0.0872,-0.1179,26.783,-0.0341,-0.0347,0.4148,0.0199,0.1668,2896311.5,0.9291,-0.0038,-0.0314,0.0041,0.0152,0.3832,27.5459,26.8437,0.0014,-0.0193,-0.0343,-0.0347,0.5887,1.1041,0,0.5107,-1,0
2025-03-18,3335.63,3335.63,3335.63,3335.63,0,-0.0379,-0.0841,-0.1168,26.783,-0.0334,-0.0344,0.133,0.0175,0.1516,2812212.75,0.0,0.0,-0.0256,0.0013,0.0,0.0,26.783,27.5459,-0.0038,0.0014,-0.0341,-0.0343,0.9291,0.5887,0,0.5095,-1,0
2025-03-19,3382.65,3382.65,3302.3,3335.06,3051244,-0.0345,-0.0812,-0.116,26.7446,-0.0325,-0.0341,-0.9895,0.0181,0.1346,2874784.65,1.0614,-0.0002,-0.0219,-0.0099,0.0241,0.4077,26.783,26.783,0.0,-0.0038,-0.0334,-0.0341,0.0,0.9291,1,0.5343,1,2
2025-03-20,3349.27,3413.12,3349.27,3398.05,2845192,-0.0148,-0.0615,-0.0984,37.4376,-0.0294,-0.0326,0.4538,0.0187,0.1116,2909550.3,0.9779,0.0189,0.0162,0.0045,0.0188,0.764,26.7446,26.783,-0.0002,0.0,-0.0325,-0.0334,1.0614,0.0,1,0.5435,1,0
2025-03-21,3313.98,3448.69,3304.45,3412.31,4161925,-0.0096,-0.0554,-0.0937,39.5875,-0.0266,-0.0313,-0.6525,0.0185,0.0985,2899312.95,1.4355,0.0042,0.0191,-0.0065,0.0423,0.7478,37.4376,26.7446,0.0189,-0.0002,-0.0294,-0.0325,0.9779,1.0614,1,0.5188,-1,-2
2025-03-24,3433.19,3480.64,3401.34,3460.8,1834751,0.004,-0.0404,-0.0801,46.3402,-0.0228,-0.0293,0.4916,0.019,0.0833,2846621.9,0.6445,0.0142,0.0375,0.0049,0.0229,0.7498,39.5875,37.4376,0.0042,0.0189,-0.0266,-0.0294,1.4355,0.9779,1,0.4976,-1,0
2025-03-25,3476.11,3538.1,3469.43,3488.27,3135390,0.0108,-0.0315,-0.0721,49.7658,-0.019,-0.027,1.8973,0.0187,0.0659,2911694.85,1.0768,0.0079,0.0458,0.019,0.0197,0.2744,46.3402,39.5875,0.0142,0.0042,-0.0228,-0.0266,0.6445,1.4355,0,0.4938,-1,0
2025-03-26,3478.73,3509.96,3457.84,3467.33,1734499,0.0043,-0.0359,-0.077,47.2876,-0.0166,-0.0251,1.692,0.0183,0.0627,2872994.0,0.6037,-0.006,0.0397,0.0169,0.015,0.1821,49.7658,46.3402,0.0079,0.0142,-0.019,-0.0228,1.0768,0.6445,1,0.4646,-1,0
2025-03-27,3447.35,3493.27,3443.21,3482.02,2528474,0.0077,-0.0307,-0.0724,49.1988,-0.014,-0.0228,4.1355,0.0179,0.0641,2794320.0,0.9049,0.0042,0.0247,0.0414,0.0144,0.7753,47.2876,49.7658,-0.006,0.0079,-0.0166,-0.019,0.6037,1.0768,0,0.5207,1,2
2025-03-28,3481.83,3491.32,3425.47,3439.06,2051919,-0.0042,-0.041,-0.0831,44.1566,-0.013,-0.0211,2.7088,0.0184,0.0646,2705723.15,0.7584,-0.0123,0.0078,0.0271,0.0191,0.2064,49.1988,47.2876,0.0042,-0.006,-0.014,-0.0166,0.9049,0.6037,0,0.4978,-1,-2
2025-04-01,3407.16,3417.93,3361.67,3386.27,2618493,-0.0177,-0.0537,-0.0963,38.8831,-0.0134,-0.0198,1.5182,0.0196,0.0622,2482396.9,1.0548,-0.0154,-0.0215,0.0152,0.0166,0.4373,44.1566,49.1988,-0.0123,0.0042,-0.013,-0.014,0.7584,0.9049,0,0.5345,1,2
2025-04-02,3379.79,3398.96,3366.48,3379.74,1764313,-0.0178,-0.0534,-0.0972,38.2742,-0.0136,-0.0186,1.3224,0.0192,0.0596,2321090.6,0.7601,-0.0019,-0.0311,0.0132,0.0096,0.4083,38.8831,44.1566,-0.0154,-0.0123,-0.0134,-0.013,1.0548,0.7584,0,0.5053,-1,-2
2025-04-03,3329.24,3339.73,3238.79,3245.46,4537821,-0.0517,-0.0878,-0.1319,28.4186,-0.0174,-0.019,-2.6866,0.0213,0.0754,2408094.8,1.8844,-0.0397,-0.064,-0.0269,0.0311,0.0661,38.2742,38.8831,-0.0019,-0.0154,-0.0136,-0.0134,0.7601,1.0548,0,0.5532,1,2
2025-04-04,3206.79,3242.13,3142.8,3146.52,5317367,-0.0735,-0.1116,-0.157,23.5971,-0.0228,-0.0202,-7.4022,0.0234,0.1056,2548868.45,2.0862,-0.0305,-0.0964,-0.074,0.0316,0.0375,28.4186,38.2742,-0.0397,-0.0019,-0.0174,-0.0136,1.8844,0.7601,0,0.5535,1,0
2025-04-07,2956.36,3138.89,2914.45,3122.35,6623955,-0.0735,-0.1143,-0.1621,22.5889,-0.0273,-0.0217,-8.4975,0.0277,0.1292,2740740.55,2.4168,-0.0077,-0.0921,-0.085,0.0719,0.9263,23.5971,28.4186,-0.0305,-0.0397,-0.0228,-0.0174,2.0862,1.8844,1,0.5656,1,0
2025-04-08,3149.05,3193.82,3104.46,3140.37,5557558,-0.062,-0.1053,-0.156,25.1565,-0.0297,-0.0232,-9.2588,0.0296,0.142,2916052.7,1.9058,0.0058,-0.0726,-0.0926,0.0285,0.4019,22.5889,23.5971,-0.0077,-0.0305,-0.0273,-0.0228,2.4168,2.0862,0,0.5609,1,0
2025-04-09,3109.47,3118.48,3063.22,3096.17,2990265,-0.0686,-0.1138,-0.1665,23.13,-0.0329,-0.0254,-11.2405,0.03,0.1605,3015334.65,0.9917,-0.0141,-0.0839,-0.1124,0.0178,0.5963,25.1565,22.5889,0.0058,-0.0077,-0.0297,-0.0273,1.9058,2.4168,0,0.5038,-1,-2
2025-04-11,3137.13,3146.09,3057.45,3081.77,7108961,-0.0664,-0.1138,-0.1689,22.4942,-0.0353,-0.0275,-11.1198,0.0304,0.1758,3271010.2,2.1733,-0.0047,-0.0504,-0.1112,0.0288,0.2744,23.13,25.1565,-0.0141,0.0058,-0.0329,-0.0297,0.9917,1.9058,1,0.5634,1,2
2025-04-15,3160.83,3160.83,3088.54,3097.69,3512160,-0.0561,-0.1054,-0.1633,24.9502,-0.036,-0.0291,-11.0376,0.0287,0.1863,3287909.85,1.0682,0.0052,-0.0155,-0.1104,0.0233,0.1266,22.4942,23.13,-0.0047,-0.0141,-0.0353,-0.0329,2.1733,0.9917,1,0.5511,1,0
2025-04-16,3097.69,3126.21,3079.38,3122.11,2384391,-0.0442,-0.0949,-0.1553,28.6834,-0.0354,-0.0302,-9.2162,0.0277,0.192,3322479.2,0.7177,0.0079,-0.0001,-0.0922,0.015,0.9124,24.9502,22.4942,0.0052,-0.0047,-0.036,-0.0353,1.0682,2.1733,1,0.4806,-1,-2
2025-04-17,3095.12,3150.53,3068.89,3146.04,2932346,-0.0335,-0.0848,-0.1476,32.2403,-0.0339,-0.0307,-7.0942,0.0276,0.195,3334551.2,0.8794,0.0077,0.0018,-0.0709,0.026,0.945,28.6834,24.9502,0.0079,0.0052,-0.0354,-0.036,0.7177,1.0682,1,0.51,-1,0
2025-04-21,3137.65,3198.59,3131.93,3167.69,2432946,-0.0243,-0.0757,-0.1405,35.3804,-0.0317,-0.0308,-6.2742,0.0278,0.1961,3456198.5,0.7039,0.0069,0.0231,-0.0627,0.021,0.5365,32.2403,28.6834,0.0077,0.0079,-0.0339,-0.0354,0.8794,0.7177,0,0.4914,-1,0
2025-04-22,3168.65,3179.42,3142.32,3160.83,2710498,-0.024,-0.0748,-0.1412,34.8297,-0.0301,-0.0307,-2.6076,0.0275,0.1986,3439161.2,0.7881,-0.0022,0.0257,-0.0261,0.0117,0.4989,35.3804,32.2403,0.0069,0.0077,-0.0317,-0.0339,0.7039,0.8794,1,0.4624,-1,0
2025-04-23,3209.08,3262.39,3182.66,3254.86,3543923,0.0046,-0.0455,-0.1146,47.0072,-0.0253,-0.0289,3.4432,0.0275,0.1894,3474097.75,1.0201,0.0297,0.0507,0.0344,0.0245,0.9056,34.8297,35.3804,-0.0022,0.0069,-0.0301,-0.0317,0.7881,0.7039,0,0.5443,1,2
2025-04-24,3243.51,3254.38,3230.73,3243.99,2252175,0.0011,-0.0469,-0.1165,45.9386,-0.0223,-0.0277,3.8958,0.0264,0.1852,3378610.25,0.6666,-0.0033,0.039,0.039,0.0073,0.5607,47.0072,34.8297,0.0297,-0.0022,-0.0253,-0.0301,1.0201,0.7881,1,0.462,-1,-2
2025-04-25,3261.53,3316.65,3247.23,3288.24,2742991,0.0133,-0.0326,-0.1036,50.8382,-0.0183,-0.0255,4.7087,0.0269,0.1735,3424022.25,0.8011,0.0136,0.0452,0.0471,0.0211,0.5908,45.9386,47.0072,-0.0033,0.0297,-0.0223,-0.0253,0.6666,1.0201,0,0.5342,1,2
2025-04-28,3275.84,3297.58,3247.23,3283.94,1593296,0.0109,-0.0326,-0.1038,50.3606,-0.0153,-0.0235,6.0646,0.025,0.16,3346917.55,0.476,-0.0013,0.0367,0.0606,0.0153,0.7291,50.8382,45.9386,0.0136,-0.0033,-0.0183,-0.0223,0.8011,0.6666,1,0.4477,-1,-2
2025-04-29,3294.91,3333.06,3271.45,3311.6,1578332,0.0175,-0.0235,-0.0954,53.394,-0.012,-0.021,7.4577,0.0239,0.1465,3339109.2,0.4727,0.0084,0.0477,0.0746,0.0186,0.6517,50.3606,50.8382,-0.0013,0.0136,-0.0153,-0.0183,0.476,0.8011,0,0.499,-1,0
2025-04-30,3311.12,3347.27,3210.03,3293.67,2809332,0.0108,-0.0277,-0.0994,51.2094,-0.0098,-0.0189,6.3266,0.022,0.1301,3353152.1,0.8378,-0.0054,0.0119,0.0633,0.0417,0.6094,53.394,50.3606,0.0084,-0.0013,-0.012,-0.0153,0.4727,0.476,0,0.4914,-1,0
2025-05-02,3311.12,3329.72,3261.53,3272.02,1721761,0.0038,-0.0328,-0.1044,48.6225,-0.0085,-0.0169,4.8016,0.0217,0.1162,3336644.2,0.516,-0.0066,0.0086,0.048,0.0208,0.1538,51.2094,53.394,-0.0054,0.0084,-0.0098,-0.012,0.8378,0.4727,1,0.5325,1,2
2025-05-05,3290.14,3342.12,3286.71,3294.24,1284443,0.0096,-0.0252,-0.0974,51.3394,-0.0068,-0.0148,4.7107,0.0214,0.107,3269941.7,0.3928,0.0068,0.0018,0.0471,0.0168,0.1359,48.6225,51.2094,-0.0066,-0.0054,-0.0085,-0.0098,0.516,0.8378,1,0.507,-1,-2
2025-05-06,3299.68,3312.08,3277.75,3299.68,1324763,0.0102,-0.0227,-0.095,52.0085,-0.0053,-0.0129,4.1668,0.0202,0.0987,3247964.2,0.4079,0.0017,0.0048,0.0417,0.0104,0.6388,51.3394,48.6225,0.0068,-0.0066,-0.0068,-0.0085,0.3928,0.516,0,0.456,-1,0
2025-05-07,3262.1,3299.2,3262.1,3285.47,1477128,0.0053,-0.0259,-0.098,50.0717,-0.0044,-0.0112,3.9433,0.0193,0.1011,3094929.55,0.4773,-0.0043,-0.0079,0.0394,0.0113,0.6299,52.0085,51.3394,0.0017,0.0068,-0.0053,-0.0068,0.4079,0.3928,1,0.4882,-1,0
2025-05-08,3288.24,3315.89,3269.83,3289.09,2543591,0.0058,-0.0239,-0.0962,50.5766,-0.0036,-0.0097,1.0517,0.0193,0.1019,2956240.75,0.8604,0.0011,-0.0014,0.0105,0.014,0.4182,50.0717,52.0085,-0.0043,0.0017,-0.0044,-0.0053,0.4773,0.4079,0,0.5074,-1,0
2025-05-09,3241.51,3286.52,3240.65,3280.89,2531757,0.0029,-0.0253,-0.0975,49.3589,-0.0031,-0.0084,1.1375,0.0186,0.1003,2751630.85,0.9201,-0.0025,0.0027,0.0114,0.014,0.8773,50.5766,50.0717,0.0011,-0.0043,-0.0036,-0.0044,0.8604,0.4773,1,0.5008,-1,0
2025-05-12,3342.59,3462.28,3339.92,3452.65,2228678,0.0499,0.0247,-0.0498,67.1829,0.0015,-0.0061,4.9999,0.0201,0.11,2585186.85,0.8621,0.0524,0.0481,0.05,0.0354,0.9213,49.3589,50.5766,-0.0025,0.0011,-0.0031,-0.0036,0.9201,0.8604,0,0.5501,1,2
2025-05-13,3452.65,3455.13,3347.84,3352.13,3062887,0.0175,-0.0049,-0.0768,54.9855,0.0026,-0.0045,2.0765,0.0222,0.1101,2588817.95,1.1831,-0.0291,0.0159,0.0208,0.032,0.04,67.1829,49.3589,0.0524,-0.0025,0.0015,-0.0031,0.8621,0.9201,1,0.5115,-1,-2
2025-05-14,3357.85,3396.0,3346.03,3384.27,2119499,0.0246,0.0044,-0.0673,57.634,0.0042,-0.0027,2.1944,0.0209,0.1042,2339344.85,0.906,0.0096,0.0301,0.0219,0.0148,0.7653,54.9855,67.1829,-0.0291,0.0524,0.0026,0.0015,1.1831,0.8621,1,0.5405,1,2
2025-05-15,3398.86,3433.19,3351.27,3414.02,3548330,0.0303,0.0127,-0.0585,59.9812,0.0061,-0.0009,3.654,0.0219,0.0997,2341153.35,1.5156,0.0088,0.038,0.0365,0.024,0.766,57.634,54.9855,0.0096,-0.0291,0.0042,0.0026,0.906,1.1831,0,0.5224,1,0
2025-05-16,3427.37,3427.37,3381.79,3396.29,1666727,0.0225,0.0072,-0.0628,57.9216,0.0071,0.0007,3.798,0.0215,0.0945,2305270.15,0.723,-0.0052,0.0352,0.038,0.0134,0.3181,59.9812,57.634,0.0088,0.0096,0.0061,0.0042,1.5156,0.906,0,0.4672,-1,-2
2025-05-19,3385.51,3385.51,3341.35,3355.75,2537377,0.0093,-0.0047,-0.0733,53.4061,0.0069,0.0019,1.8672,0.0218,0.0875,2285521.7,1.1102,-0.0119,-0.0281,0.0187,0.0132,0.3261,57.9216,59.9812,-0.0052,0.0088,0.0071,0.0061,0.723,1.5156,0,0.5302,1,2
2025-05-20,3368.15,3393.14,3332.1,3336.2,2038374,0.0031,-0.0101,-0.078,51.328,0.0062,0.0028,1.1068,0.0219,0.0794,2265793.1,0.8996,-0.0058,-0.0048,0.0111,0.0183,0.0672,53.4061,57.9216,-0.0119,-0.0052,0.0069,0.0071,1.1102,0.723,1,0.5483,1,0
2025-05-21,3345.45,3373.11,3336.2,3362.43,1440153,0.0099,-0.0022,-0.0701,53.9189,0.0062,0.0035,2.3424,0.0196,0.0673,2202275.85,0.6539,0.0079,-0.0065,0.0234,0.011,0.7106,51.328,53.4061,-0.0058,-0.0119,0.0062,0.0069,0.8996,1.1102,0,0.529,1,0
2025-05-22,3333.06,3335.73,3291.38,3315.89,2034383,-0.0037,-0.0154,-0.0822,48.941,0.005,0.0038,0.8148,0.02,0.0655,2126798.85,0.9565,-0.0138,-0.0287,0.0081,0.0134,0.5526,53.9189,51.328,0.0079,-0.0058,0.0062,0.0062,0.6539,0.8996,1,0.4954,-1,-2
2025-05-23,3315.89,3371.2,3305.02,3351.75,1274331,0.0064,-0.0045,-0.0716,52.5742,0.0048,0.004,2.1598,0.0197,0.0609,2077906.65,0.6133,0.0108,-0.0131,0.0216,0.0197,0.7061,48.941,53.9189,-0.0138,0.0079,0.005,0.0062,0.9565,0.6539,1,0.5435,1,2
2025-05-26,3357.85,3380.74,3347.46,3373.4,967470,0.0117,0.0018,-0.065,54.6713,0.0052,0.0042,-2.2953,0.0195,0.0603,1989130.6,0.4864,0.0065,0.0053,-0.023,0.0099,0.7794,52.5742,48.941,0.0108,-0.0138,0.0048,0.005,0.6133,0.9565,0,0.4733,-1,-2
2025-05-27,3368.34,3375.97,3321.71,3336.59,2467680,0.0006,-0.0088,-0.0745,50.5764,0.0046,0.0043,-0.4636,0.0201,0.0592,2032849.8,1.2139,-0.0109,0.0001,-0.0046,0.0163,0.2742,54.6713,52.5742,0.0065,0.0108,0.0052,0.0048,0.4864,0.6133,0,0.4992,-1,0
2025-05-28,3356.9,3365.48,3331.15,3335.63,1222933,0.0003,-0.0087,-0.0741,50.4702,0.004,0.0042,-1.4372,0.0198,0.0588,2015079.85,0.6069,-0.0003,-0.008,-0.0144,0.0103,0.1305,50.5764,54.6713,-0.0109,0.0065,0.0046,0.0052,1.2139,0.4864,1,0.5096,-1,0
2025-05-29,3342.31,3368.82,3324.95,3336.01,3188072,0.0003,-0.0083,-0.0733,50.5145,0.0035,0.0041,-2.285,0.0197,0.0573,2034016.85,1.5674,0.0001,0.0061,-0.0228,0.0132,0.2521,50.4702,50.5764,-0.0003,-0.0109,0.004,0.0046,0.6069,1.2139,0,0.5046,-1,0
2025-05-30,3328.29,3344.22,3293.1,3302.92,3404365,-0.0087,-0.0174,-0.0818,46.6068,0.0022,0.0037,-2.7492,0.0171,0.0556,2118147.05,1.6072,-0.0099,-0.0146,-0.0275,0.0155,0.1921,50.5145,50.4702,0.0001,-0.0003,0.0035,0.004,1.5674,0.6069,0,0.5229,1,2
2025-06-02,3290.14,3299.68,3260.2,3289.95,1877585,-0.0114,-0.0204,-0.0846,45.133,0.0009,0.0032,-1.9608,0.0158,0.0562,2147804.15,0.8742,-0.0039,-0.0247,-0.0196,0.012,0.7535,46.6068,50.5145,-0.0099,0.0001,0.0022,0.0035,1.6072,1.5674,0,0.5242,1,0
2025-06-03,3286.33,3312.55,3242.94,3247.42,2848125,-0.0219,-0.0318,-0.0956,40.5995,-0.0011,0.0024,-2.6611,0.0164,0.0617,2223972.25,1.2806,-0.0129,-0.0267,-0.0266,0.0214,0.0644,45.133,46.6068,-0.0039,-0.0099,0.0009,0.0022,0.8742,1.6072,1,0.5572,1,0
2025-06-04,3260.7,3266.28,3242.42,3252.9,2544807,-0.0184,-0.0291,-0.0932,41.4161,-0.0026,0.0014,-3.2575,0.0151,0.0644,2277356.2,1.1174,0.0017,-0.0248,-0.0326,0.0073,0.4392,40.5995,45.133,-0.0129,-0.0039,-0.0011,0.0009,1.2806,0.8742,0,0.526,1,0
2025-06-05,3279.94,3279.94,3236.35,3243.47,3584683,-0.0192,-0.0307,-0.095,40.3872,-0.004,0.0003,-2.184,0.0151,0.0685,2329410.8,1.5389,-0.0029,-0.0277,-0.0218,0.0134,0.1633,41.4161,40.5995,0.0017,-0.0129,-0.0026,-0.0011,1.1174,1.2806,1,0.5134,-1,-2
2025-06-06,3243.47,3262.52,3231.54,3256.08,2070390,-0.014,-0.0259,-0.0906,42.4462,-0.0047,-0.0007,-2.8543,0.0145,0.0701,2306342.45,0.8977,0.0039,-0.0142,-0.0285,0.0095,0.7921,40.3872,41.4161,-0.0029,0.0017,-0.004,-0.0026,1.5389,1.1174,1,0.5186,-1,0
2025-06-09,3271.28,3303.99,3262.52,3292.35,1718678,-0.0027,-0.0144,-0.0797,48.0086,-0.0043,-0.0014,-2.4026,0.0141,0.0614,2280842.45,0.7535,0.0111,0.0007,-0.024,0.0126,0.7193,42.4462,40.3872,0.0039,-0.0029,-0.0047,-0.004,0.8977,1.5389,1,0.4834,-1,0
2025-06-10,3309.77,3353.83,3293.6,3331.8,2419874,0.0084,-0.0025,-0.0681,53.2958,-0.003,-0.0017,-0.1436,0.0145,0.0603,2248691.8,1.0761,0.012,0.026,-0.0014,0.0181,0.6342,48.0086,42.4462,0.0111,0.0039,-0.0043,-0.0047,0.7535,0.8977,1,0.4864,-1,0
2025-06-11,3338.63,3356.91,3318.52,3340.46,2847013,0.0099,0.0001,-0.065,54.3923,-0.0017,-0.0017,0.1448,0.0137,0.058,2285067.5,1.2459,0.0026,0.0269,0.0014,0.0115,0.5715,53.2958,48.0086,0.012,0.0111,-0.003,-0.0043,1.0761,0.7535,0,0.4711,-1,0
2025-06-12,3340.46,3343.15,3293.6,3304.18,4060134,-0.0009,-0.0104,-0.0745,49.1829,-0.0016,-0.0017,-0.9541,0.0135,0.0529,2310657.7,1.7571,-0.0109,0.0187,-0.0095,0.015,0.2135,54.3923,53.2958,0.0026,0.012,-0.0017,-0.003,1.2459,1.0761,1,0.5234,1,2
2025-06-13,3264.74,3319.87,3264.74,3315.25,2178493,0.0022,-0.0068,-0.0707,50.7334,-0.0012,-0.0016,0.3733,0.0139,0.0478,2336246.0,0.9325,0.0034,0.0182,0.0037,0.0166,0.9162,49.1829,54.3923,-0.0109,0.0026,-0.0016,-0.0017,1.7571,1.2459,1,0.5381,1,0
2025-06-16,3309.77,3376.15,3296.49,3363.93,1934088,0.0153,0.0075,-0.0566,56.9533,0.0003,-0.0012,2.2487,0.0143,0.0477,2306081.55,0.8387,0.0147,0.0217,0.0225,0.0237,0.8466,50.7334,49.1829,0.0034,-0.0109,-0.0012,-0.0016,0.9325,1.7571,1,0.5177,-1,-2
2025-06-17,3377.11,3386.74,3356.04,3382.21,2111940,0.0188,0.0125,-0.051,59.0443,0.0018,-0.0006,4.1507,0.0141,0.0504,2309759.85,0.9144,0.0054,0.0151,0.0415,0.0091,0.8524,56.9533,50.7334,0.0147,0.0034,0.0003,-0.0012,0.8387,0.9325,0,0.4904,-1,0
2025-06-18,3385.87,3404.05,3312.75,3320.73,2696327,0.0002,-0.0057,-0.0676,50.2104,0.0016,-0.0002,2.0852,0.0154,0.0497,2372568.55,1.1365,-0.0182,-0.0059,0.0209,0.0275,0.0874,59.0443,56.9533,0.0054,0.0147,0.0018,0.0003,0.9144,0.8387,0,0.5393,1,2
2025-06-19,3319.39,3320.35,3283.79,3294.37,2672768,-0.007,-0.0131,-0.0743,46.9659,0.0008,0.0,1.5693,0.0152,0.0504,2404487.8,1.1116,-0.0079,-0.003,0.0157,0.0111,0.2894,50.2104,59.0443,-0.0182,0.0054,0.0016,0.0018,1.1365,0.9144,1,0.5432,1,0
2025-06-20,3295.33,3315.83,3281.77,3305.63,2351248,-0.0033,-0.0093,-0.0705,48.4969,0.0004,0.0001,1.5218,0.015,0.0491,2458333.65,0.9564,0.0034,-0.0029,0.0152,0.0103,0.7005,46.9659,50.2104,-0.0079,-0.0182,0.0008,0.0016,1.1116,1.1365,0,0.5374,1,0
2025-06-23,3285.71,3295.33,3242.42,3265.12,3123421,-0.014,-0.0207,-0.0811,43.6183,-0.0009,-0.0001,-0.8271,0.015,0.0478,2566131.2,1.2172,-0.0123,-0.0294,-0.0083,0.0162,0.429,48.4969,46.9659,0.0034,-0.0079,0.0004,0.0008,0.9564,1.1116,0,0.5103,-1,-2
2025-06-24,3304.57,3311.79,3253.96,3262.04,3403048,-0.0135,-0.0207,-0.0812,43.262,-0.002,-0.0005,-2.0938,0.0158,0.0484,2612899.6,1.3024,-0.0009,-0.0355,-0.0209,0.0177,0.1397,43.6183,48.4969,-0.0123,0.0034,-0.0009,0.0004,1.2172,0.9564,1,0.5294,1,2
2025-06-25,3278.3,3319.39,3271.28,3314.38,1757699,0.0021,-0.0048,-0.0659,50.6413,-0.0015,-0.0007,-0.7807,0.0158,0.0469,2639637.9,0.6659,0.016,-0.0019,-0.0078,0.0145,0.8959,43.262,43.6183,-0.0009,-0.0123,-0.002,-0.0009,1.3024,1.2172,0,0.5103,-1,-2
2025-06-26,3314.38,3320.73,3286.0,3311.5,2879106,0.0011,-0.0055,-0.0661,50.254,-0.0013,-0.0008,0.2215,0.0159,0.046,2624189.6,1.0971,-0.0009,0.0052,0.0022,0.0105,0.7342,50.6413,43.262,0.016,-0.0009,-0.0015,-0.002,0.6659,1.3024,0,0.4623,-1,0
2025-06-27,3324.2,3335.17,3301.11,3310.82,1778433,0.0008,-0.0055,-0.0656,50.1565,-0.001,-0.0008,-0.1336,0.0156,0.0461,2542893.0,0.6994,-0.0002,0.0016,-0.0013,0.0103,0.2851,50.254,50.6413,-0.0009,0.016,-0.0013,-0.0015,1.0971,0.6659,1,0.4932,-1,0
2025-06-30,3309.67,3333.72,3300.14,3330.93,1468351,0.0062,0.0006,-0.0594,53.0582,-0.0004,-0.0007,-0.981,0.0149,0.0464,2522431.3,0.5821,0.0061,0.0202,-0.0098,0.0101,0.9169,50.1565,50.254,-0.0002,-0.0009,-0.001,-0.0013,0.6994,1.0971,0,0.5041,-1,0
2025-07-01,3324.2,3353.06,3284.27,3299.85,2375183,-0.0029,-0.0084,-0.0675,48.3713,-0.0006,-0.0007,-2.4351,0.0157,0.0442,2498784.2,0.9505,-0.0093,0.0116,-0.0244,0.0208,0.2265,53.0582,50.1565,0.0061,-0.0002,-0.0004,-0.001,0.5821,0.6994,0,0.5015,-1,0
2025-07-02,3355.18,3357.78,3290.52,3293.7,3090585,-0.0043,-0.0099,-0.0686,47.4776,-0.0009,-0.0008,-0.814,0.0161,0.0419,2526073.1,1.2235,-0.0019,-0.0062,-0.0081,0.0204,0.0473,48.3713,53.0582,-0.0093,0.0061,-0.0006,-0.0004,0.9505,0.5821,0,0.5437,1,2
2025-07-03,3300.14,3305.24,3268.97,3272.05,2531870,-0.0098,-0.0158,-0.0741,44.3696,-0.0017,-0.0009,-0.6775,0.0158,0.0394,2473432.45,1.0236,-0.0066,-0.0119,-0.0068,0.0111,0.0849,47.4776,48.3713,-0.0019,-0.0093,-0.0009,-0.0006,1.2235,0.9505,1,0.5242,1,0
2025-07-04,3278.98,3297.26,3261.75,3290.33,1109320,-0.0039,-0.0099,-0.0683,47.4949,-0.0018,-0.0011,-0.4628,0.0148,0.0366,2425378.95,0.4574,0.0056,-0.0062,-0.0046,0.0108,0.8048,44.3696,47.4776,-0.0066,-0.0019,-0.0017,-0.0009,1.0236,1.2235,0,0.5195,-1,-2
2025-07-07,3288.89,3296.39,3279.36,3282.54,1639174,-0.0056,-0.0117,-0.0698,46.3011,-0.0021,-0.0013,0.5335,0.0145,0.0372,2421403.75,0.677,-0.0024,-0.0145,0.0053,0.0052,0.1867,47.4949,44.3696,0.0056,-0.0066,-0.0018,-0.0017,0.4574,1.0236,0,0.462,-1,0
2025-07-08,3276.09,3295.33,3264.93,3277.24,2325242,-0.0066,-0.0128,-0.0706,45.4639,-0.0024,-0.0015,0.466,0.0132,0.0377,2416672.15,0.9622,-0.0016,-0.0069,0.0047,0.0093,0.4049,46.3011,47.4949,-0.0024,0.0056,-0.0021,-0.0018,0.677,0.4574,0,0.5093,-1,0
2025-07-09,3280.9,3284.75,3239.53,3255.69,2034938,-0.0119,-0.0186,-0.0761,42.1282,-0.0032,-0.0018,-1.7708,0.0135,0.0391,2376068.4,0.8564,-0.0066,-0.0115,-0.0177,0.0139,0.3574,45.4639,46.3011,-0.0016,-0.0024,-0.0024,-0.0021,0.9622,0.677,0,0.5186,-1,0
2025-07-10,3252.04,3270.32,3228.95,3253.96,3035012,-0.0112,-0.0184,-0.0758,41.8626,-0.0038,-0.0022,-1.7376,0.0137,0.0413,2324812.3,1.3055,-0.0005,-0.0055,-0.0174,0.0127,0.6045,42.1282,45.4639,-0.0066,-0.0016,-0.0032,-0.0024,0.8564,0.9622,0,0.5187,-1,0
2025-07-11,3174.97,3208.74,3137.64,3142.35,7635550,-0.041,-0.0501,-0.1066,29.1131,-0.0072,-0.0033,-5.0885,0.0154,0.0617,2597665.15,2.9394,-0.0343,-0.045,-0.0509,0.0226,0.0662,41.8626,42.1282,-0.0005,-0.0066,-0.0038,-0.0032,1.3055,0.8564,0,0.5475,1,2
2025-07-14,3142.35,3148.13,3078.85,3100.69,3924009,-0.0489,-0.0604,-0.1174,25.9377,-0.0108,-0.0048,-6.9122,0.0158,0.0796,2697161.2,1.4549,-0.0133,-0.0554,-0.0691,0.0223,0.3152,29.1131,41.8626,-0.0343,-0.0005,-0.0072,-0.0038,2.9394,1.3055,1,0.555,1,0
2025-07-15,3084.62,3136.0,3084.62,3129.17,2590889,-0.0364,-0.0498,-0.1083,31.4428,-0.0127,-0.0064,-5.1724,0.0155,0.0832,2721108.65,0.9521,0.0092,-0.0452,-0.0517,0.0164,0.8671,25.9377,29.1131,-0.0133,-0.0343,-0.0108,-0.0072,1.4549,2.9394,0,0.5409,1,0
2025-07-16,3115.37,3132.65,3109.19,3121.25,2540733,-0.0353,-0.0503,-0.1096,30.7581,-0.0143,-0.008,-5.2358,0.0153,0.0913,2713328.95,0.9364,-0.0025,-0.0413,-0.0524,0.0075,0.5141,31.4428,25.9377,0.0092,-0.0133,-0.0127,-0.0108,0.9521,1.4549,0,0.4829,-1,-2
2025-07-17,3112.57,3129.85,3093.26,3098.18,2947640,-0.0386,-0.0552,-0.1151,28.7914,-0.0161,-0.0096,-5.3138,0.0155,0.1016,2727072.55,1.0809,-0.0074,-0.0479,-0.0531,0.0118,0.1345,30.7581,31.4428,-0.0025,0.0092,-0.0143,-0.0127,0.9364,0.9521,0,0.5324,1,2
2025-07-18,3113.44,3117.1,3076.75,3079.55,3432645,-0.0403,-0.0586,-0.1194,27.2747,-0.0178,-0.0113,-6.406,0.0158,0.1112,2781142.4,1.2343,-0.006,-0.02,-0.0641,0.0131,0.0694,28.7914,30.7581,-0.0074,-0.0025,-0.0161,-0.0143,1.0809,0.9364,0,0.5336,1,0
2025-07-21,3079.65,3086.98,3042.96,3048.95,3844346,-0.0453,-0.0655,-0.127,24.9498,-0.0198,-0.0131,-7.1161,0.0153,0.1243,2817188.65,1.3646,-0.0099,-0.0167,-0.0712,0.0144,0.1361,27.2747,28.7914,-0.006,-0.0074,-0.0178,-0.0161,1.2343,1.0809,1,0.5412,1,0
2025-07-22,3050.3,3070.09,3045.47,3050.3,3198036,-0.0408,-0.0627,-0.1256,25.2525,-0.021,-0.0147,-6.9247,0.0143,0.1335,2806938.05,1.1393,0.0004,-0.0252,-0.0692,0.0081,0.1962,24.9498,27.2747,-0.0099,-0.006,-0.0198,-0.0178,1.3646,1.2343,1,0.5216,1,0
2025-07-23,3050.3,3071.92,3048.37,3069.12,1922875,-0.0316,-0.0548,-0.1191,29.5204,-0.0211,-0.0159,-5.7306,0.0139,0.1352,2815196.85,0.683,0.0062,-0.0167,-0.0573,0.0077,0.8811,25.2525,24.9498,0.0004,-0.0099,-0.021,-0.0198,1.1393,1.3646,0,0.5184,-1,-2
2025-07-24,3055.61,3063.91,3031.38,3039.1,2934778,-0.0373,-0.0617,-0.1266,26.8836,-0.0221,-0.0173,-6.603,0.0141,0.1399,2817980.45,1.0414,-0.0098,-0.0191,-0.066,0.0107,0.2373,29.5204,25.2525,0.0062,0.0004,-0.0211,-0.021,0.683,1.1393,0,0.4896,-1,0
2025-07-25,3031.38,3047.69,3017.47,3027.32,2568917,-0.0373,-0.0629,-0.1289,25.9058,-0.0228,-0.0184,-3.6606,0.0145,0.1425,2857504.65,0.899,-0.0039,-0.017,-0.0366,0.01,0.3259,26.8836,29.5204,-0.0098,0.0062,-0.0221,-0.0211,1.0414,0.683,0,0.5259,1,2
2025-07-28,3002.41,3010.14,2963.7,2972.78,3374473,-0.0497,-0.0769,-0.1433,21.9288,-0.0249,-0.02,-4.1252,0.0156,0.148,2952810.75,1.1428,-0.018,-0.025,-0.0413,0.0156,0.1955,25.9058,26.8836,-0.0039,-0.0098,-0.0228,-0.0221,0.899,1.0414,0,0.5453,1,0
2025-07-29,2954.14,2967.66,2935.99,2950.28,4785312,-0.0518,-0.0809,-0.1486,20.5286,-0.0267,-0.0214,-5.7169,0.0155,0.1539,3073317.2,1.5571,-0.0076,-0.0328,-0.0572,0.0107,0.4512,21.9288,25.9058,-0.018,-0.0039,-0.0249,-0.0228,1.1428,0.899,0,0.544,1,0
2025-07-30,2954.14,2962.83,2941.79,2947.96,2880121,-0.0477,-0.0786,-0.148,20.3841,-0.0278,-0.0227,-5.5519,0.015,0.1558,3062794.0,0.9404,-0.0008,-0.0395,-0.0555,0.0071,0.2933,20.5286,21.9288,-0.0076,-0.018,-0.0267,-0.0249,1.5571,1.1428,0,0.5176,-1,-2
2025-07-31,2936.48,2953.95,2910.7,2931.75,2968371,-0.0482,-0.0807,-0.1514,19.3586,-0.0289,-0.0241,-5.3719,0.0133,0.1588,3084619.05,0.9623,-0.0055,-0.0353,-0.0537,0.0148,0.4867,20.3841,20.5286,-0.0008,-0.0076,-0.0278,-0.0267,0.9404,1.5571,0,0.5337,1,2
2025-08-01,2925.08,2931.75,2896.22,2899.11,2053847,-0.0535,-0.0877,-0.1595,17.4545,-0.0306,-0.0256,-5.8593,0.0126,0.1603,3131845.4,0.6558,-0.0111,-0.0424,-0.0586,0.0123,0.0813,19.3586,20.3841,-0.0055,-0.0008,-0.0289,-0.0278,0.9623,0.9404,1,0.5324,1,0
2025-08-04,2905.0,2972.87,2888.11,2968.04,2519252,-0.0281,-0.0635,-0.1383,32.5444,-0.0287,-0.0257,-2.6537,0.0131,0.1468,3175849.3,0.7933,0.0238,-0.0016,-0.0265,0.0286,0.943,17.4545,19.3586,-0.0111,-0.0055,-0.0306,-0.0289,0.6558,0.9623,0,0.5596,1,0
2025-08-05,2968.04,2971.04,2936.77,2957.91,1927996,-0.0285,-0.0643,-0.14,31.6293,-0.0278,-0.0262,-3.0289,0.0134,0.1348,3155987.0,0.6109,-0.0034,0.0026,-0.0303,0.0116,0.6169,32.5444,17.4545,0.0238,-0.0111,-0.0287,-0.0306,0.7933,0.6558,0,0.465,-1,-2
2025-08-06,2957.04,2960.71,2921.32,2927.4,1487081,-0.035,-0.0713,-0.1476,28.9857,-0.0278,-0.0267,-4.6176,0.0136,0.1244,3128594.15,0.4753,-0.0103,-0.007,-0.0462,0.0135,0.1544,31.6293,32.5444,-0.0034,0.0238,-0.0278,-0.0287,0.6109,0.7933,1,0.5178,-1,0
2025-08-07,2911.67,2946.03,2906.74,2941.59,2543076,-0.0275,-0.0643,-0.1423,31.8391,-0.0268,-0.0266,-3.2085,0.0136,0.1053,3103997.35,0.8193,0.0048,0.0034,-0.0321,0.0134,0.887,28.9857,31.6293,-0.0103,-0.0034,-0.0278,-0.0278,0.4753,0.6109,0,0.5238,1,2
2025-08-08,2942.65,2953.95,2920.35,2931.36,2762140,-0.028,-0.0651,-0.144,30.8759,-0.0261,-0.0266,-3.1698,0.0133,0.1012,2860326.85,0.9657,-0.0035,0.0111,-0.0317,0.0115,0.3277,31.8391,28.9857,0.0048,-0.0103,-0.0268,-0.0278,0.8193,0.4753,1,0.4832,-1,-2
2025-08-11,2931.36,2944.39,2916.78,2935.61,1884215,-0.0241,-0.0614,-0.1415,31.799,-0.0251,-0.0263,-1.2503,0.0134,0.099,2758337.15,0.6831,0.0014,-0.0109,-0.0125,0.0094,0.682,30.8759,31.8391,-0.0035,0.0048,-0.0261,-0.0268,0.9657,0.8193,0,0.511,-1,0
2025-08-12,2935.8,2989.28,2922.19,2930.39,3358232,-0.0235,-0.0607,-0.1419,31.247,-0.0242,-0.0259,-0.6742,0.0145,0.0924,2796704.3,1.2008,-0.0018,-0.0093,-0.0067,0.0229,0.1222,31.799,30.8759,0.0014,-0.0035,-0.0251,-0.0261,0.6831,0.9657,1,0.53,1,2
2025-08-13,2931.07,2939.08,2923.83,2931.17,2148166,-0.021,-0.0582,-0.1404,31.4385,-0.0232,-0.0254,-0.5695,0.0139,0.084,2777075.95,0.7735,0.0003,0.0013,-0.0057,0.0052,0.4813,31.247,31.799,-0.0018,0.0014,-0.0242,-0.0251,1.2008,0.6831,0,0.5007,-1,-2
2025-08-14,2929.04,2950.18,2914.66,2917.75,3342174,-0.0232,-0.0602,-0.1431,29.8957,-0.0226,-0.0249,-0.4775,0.0141,0.0777,2796802.65,1.195,-0.0046,-0.0081,-0.0048,0.0122,0.087,31.4385,31.247,0.0003,-0.0018,-0.0232,-0.0242,0.7735,1.2008,0,0.516,-1,0
2025-08-18,2941.11,2943.52,2899.5,2907.03,2945609,-0.0243,-0.0614,-0.145,28.6847,-0.0222,-0.0244,0.2732,0.0137,0.0723,2772450.85,1.0625,-0.0037,-0.0083,0.0027,0.0151,0.1711,29.8957,31.4385,-0.0046,0.0003,-0.0226,-0.0232,1.195,0.7735,1,0.5223,1,2
2025-08-19,2907.03,2920.35,2906.93,2911.86,2650784,-0.0205,-0.0576,-0.1424,30.0594,-0.0213,-0.0238,-1.8928,0.0131,0.0684,2712772.75,0.9771,0.0017,-0.0081,-0.0189,0.0046,0.3674,28.6847,29.8957,-0.0037,-0.0046,-0.0222,-0.0226,1.0625,1.195,1,0.5306,1,0
2025-08-20,2906.74,2996.04,2906.74,2991.41,4952358,0.0056,-0.0306,-0.1179,47.8792,-0.0178,-0.0221,1.1326,0.0144,0.061,2800488.85,1.7684,0.0273,0.0208,0.0113,0.0299,0.9482,30.0594,28.6847,0.0017,-0.0037,-0.0213,-0.0222,0.9771,1.0625,1,0.5591,1,0
2025-08-21,3021.72,3021.72,2976.44,2995.27,3230726,0.0063,-0.0283,-0.1157,48.564,-0.0152,-0.0207,2.3184,0.0144,0.051,2865881.4,1.1273,0.0013,0.0219,0.0232,0.0151,0.4159,47.8792,30.0594,0.0273,0.0017,-0.0178,-0.0213,1.7684,0.9771,0,0.4722,-1,-2
2025-08-22,2979.24,2988.61,2944.49,2948.35,1593791,-0.0086,-0.0418,-0.1285,41.437,-0.0144,-0.0197,0.2298,0.015,0.0435,2798832.05,0.5694,-0.0157,0.0105,0.0023,0.015,0.0875,48.564,47.8792,0.0013,0.0273,-0.0152,-0.0178,1.1273,1.7684,1,0.508,-1,0
2025-08-25,2980.5,3042.96,2970.65,3031.95,3448370,0.0176,-0.0141,-0.1028,54.3046,-0.0109,-0.0175,3.4315,0.0148,0.0431,2842804.7,1.213,0.0284,0.043,0.0343,0.0238,0.8477,41.437,48.564,-0.0157,0.0013,-0.0144,-0.0152,0.5694,1.1273,1,0.5524,1,2
2025-08-26,3020.76,3052.61,3012.07,3047.98,5522097,0.0208,-0.0086,-0.0972,56.2879,-0.0079,-0.0155,3.8278,0.0149,0.0518,2950185.9,1.8718,0.0053,0.0467,0.0383,0.0133,0.8858,54.3046,41.437,0.0284,-0.0157,-0.0109,-0.0144,1.213,0.5694,0,0.4812,-1,-2
2025-08-28,3036.2,3037.65,2979.73,2986.68,3116051,0.0002,-0.0274,-0.1143,47.7525,-0.0072,-0.0141,1.9209,0.0159,0.054,2866722.85,1.087,-0.0201,-0.0016,0.0192,0.0194,0.12,56.2879,54.3046,0.0053,0.0284,-0.0079,-0.0109,1.8718,1.213,0,0.5108,-1,0
2025-08-29,2986.0,3007.24,2970.75,2977.99,2271789,-0.0024,-0.0291,-0.1159,46.6721,-0.0067,-0.0126,1.5973,0.0159,0.0547,2836306.25,0.801,-0.0029,-0.0058,0.016,0.0123,0.1984,47.7525,56.2879,-0.0201,0.0053,-0.0072,-0.0079,1.087,1.8718,1,0.5157,-1,0
2025-09-01,2983.11,3022.78,2983.11,3004.92,1246862,0.006,-0.0195,-0.1069,50.4162,-0.0055,-0.0111,2.9876,0.016,0.0558,2750230.8,0.4534,0.009,0.0192,0.0299,0.0132,0.5498,46.6721,47.7525,-0.0029,-0.0201,-0.0067,-0.0072,0.801,1.087,0,0.5114,-1,0
2025-09-02,3013.13,3045.86,2995.75,3003.86,2185229,0.0051,-0.0191,-0.1063,50.2666,-0.0045,-0.0098,3.3309,0.0165,0.0543,2756799.9,0.7927,-0.0004,-0.0093,0.0333,0.0167,0.1618,50.4162,46.6721,0.009,-0.0029,-0.0055,-0.0067,0.4534,0.801,0,0.4517,-1,0
2025-09-03,3021.62,3033.21,2981.17,2990.35,1799774,0.0005,-0.0226,-0.1093,48.2995,-0.0041,-0.0087,2.6955,0.0163,0.0552,2720826.0,0.6615,-0.0045,-0.0189,0.027,0.0174,0.1764,50.2666,50.4162,-0.0004,0.009,-0.0045,-0.0055,0.7927,0.4534,0,0.5018,-1,0
2025-09-04,3008.21,3010.14,2983.88,2988.61,1481391,-0.0001,-0.0223,-0.1089,48.0387,-0.0038,-0.0077,-0.0936,0.0165,0.0557,2698495.75,0.549,-0.0006,0.0006,-0.0009,0.0088,0.1801,48.2995,50.2666,-0.0045,-0.0004,-0.0041,-0.0045,0.6615,0.7927,0,0.4913,-1,0
2025-09-05,2989.96,2996.04,2923.83,2942.85,2802055,-0.0139,-0.0359,-0.1215,41.6677,-0.0047,-0.0072,-1.7501,0.0177,0.0558,2764244.45,1.0137,-0.0153,-0.0118,-0.0175,0.0245,0.2634,48.0387,48.2995,-0.0006,-0.0045,-0.0038,-0.0041,0.549,0.6615,0,0.5418,1,2
2025-09-08,2944.49,2958.87,2911.67,2914.56,2626187,-0.0212,-0.0434,-0.1288,38.2871,-0.0062,-0.0071,-1.1461,0.0179,0.058,2768400.0,0.9486,-0.0096,-0.0301,-0.0115,0.0162,0.0612,41.6677,48.0387,-0.0153,-0.0006,-0.0047,-0.0038,1.0137,0.549,1,0.5408,1,0
2025-09-09,2927.21,2954.14,2925.95,2943.91,2489301,-0.0103,-0.0325,-0.1189,43.4163,-0.0064,-0.0069,-2.9037,0.0184,0.0569,2754758.05,0.9036,0.0101,-0.02,-0.029,0.0096,0.6371,38.2871,41.6677,-0.0096,-0.0153,-0.0062,-0.0047,0.9486,1.0137,1,0.5326,1,0
2025-09-10,2950.67,3014.67,2947.77,3002.41,2079428,0.0085,-0.0128,-0.1005,51.9828,-0.0049,-0.0064,-1.4951,0.0176,0.056,2764518.7,0.7522,0.0199,0.004,-0.015,0.0223,0.8167,43.4163,38.2871,0.0101,-0.0096,-0.0064,-0.0062,0.9036,0.9486,1,0.5038,-1,-2
2025-09-11,3030.41,3030.41,3002.51,3016.12,2263446,0.0118,-0.0079,-0.0956,53.75,-0.0033,-0.0057,0.9857,0.0171,0.0561,2709779.4,0.8353,0.0046,0.0092,0.0099,0.0093,0.4878,51.9828,43.4163,0.0199,0.0101,-0.0049,-0.0064,0.7522,0.9036,1,0.4613,-1,0
2025-09-12,3035.24,3039.77,3013.03,3025.0,1447167,0.0134,-0.0048,-0.0921,54.9076,-0.0018,-0.0049,1.5786,0.0165,0.0564,2674729.45,0.5411,0.0029,0.0279,0.0158,0.0088,0.4476,53.75,51.9828,0.0046,0.0199,-0.0033,-0.0049,0.8353,0.7522,0,0.4657,-1,0
2025-09-15,3025.58,3025.58,2988.9,3004.25,1732539,0.0058,-0.0112,-0.0974,51.6542,-0.0012,-0.0042,-0.0223,0.0152,0.0541,2594247.7,0.6678,-0.0069,0.0308,-0.0002,0.0122,0.4185,54.9076,53.75,0.0029,0.0046,-0.0018,-0.0033,0.5411,0.8353,1,0.5064,-1,0
2025-09-16,3019.79,3041.03,3001.54,3036.88,2573429,0.0151,-0.0004,-0.0868,56.063,0.0002,-0.0033,1.0993,0.015,0.0506,2575638.7,0.9991,0.0109,0.0316,0.011,0.013,0.8949,51.6542,54.9076,-0.0069,0.0029,-0.0012,-0.0018,0.6678,0.5411,1,0.5342,1,2
2025-09-17,3042.96,3072.31,3033.69,3063.04,2418271,0.0215,0.0078,-0.0782,59.2699,0.0019,-0.0022,2.4308,0.0142,0.0489,2564013.05,0.9432,0.0086,0.0202,0.0243,0.0126,0.76,56.063,51.6542,0.0109,-0.0069,0.0002,-0.0012,0.9991,0.6678,1,0.4965,-1,-2
2025-09-18,3074.82,3092.2,3052.04,3066.81,2633138,0.0206,0.0087,-0.0764,59.7261,0.0033,-0.0011,2.6166,0.0143,0.053,2448052.05,1.0756,0.0012,0.0168,0.0262,0.0131,0.3678,59.2699,56.063,0.0086,0.0109,0.0019,0.0002,0.9432,0.9991,0,0.4902,-1,0
2025-09-19,3060.34,3070.47,3035.24,3059.57,4901694,0.0164,0.0061,-0.0778,58.3739,0.0042,-0.0001,3.9662,0.0141,0.0559,2531600.45,1.9362,-0.0024,0.0114,0.0397,0.0115,0.6906,59.7261,59.2699,0.0012,0.0086,0.0033,0.0019,1.0756,0.9432,0,0.5242,1,2
2025-09-22,2987.93,2999.42,2958.97,2967.47,3634901,-0.0129,-0.0233,-0.1046,44.5546,0.0026,0.0005,1.8154,0.0157,0.0562,2633655.95,1.3802,-0.0301,-0.0122,0.0182,0.0136,0.2101,58.3739,59.7261,-0.0024,0.0012,0.0042,0.0033,1.9362,1.0756,0,0.5452,1,0
2025-09-23,2963.8,2974.13,2946.42,2956.46,3177741,-0.015,-0.0259,-0.107,43.2369,0.0008,0.0005,0.4263,0.0152,0.0574,2620124.5,1.2128,-0.0037,-0.0265,0.0043,0.0094,0.3623,44.5546,58.3739,-0.0301,-0.0024,0.0026,0.0042,1.3802,1.9362,0,0.5313,1,0
2025-09-24,2944.49,2951.25,2928.08,2930.39,1625714,-0.0215,-0.0331,-0.1139,40.2047,-0.0013,0.0002,-2.3987,0.0154,0.0594,2425305.35,0.6703,-0.0088,-0.0433,-0.024,0.0079,0.0997,43.2369,44.5546,-0.0037,-0.0301,0.0008,0.0026,1.2128,1.3802,0,0.5207,1,0
2025-09-25,2917.46,2924.8,2848.91,2855.09,4974361,-0.0424,-0.0558,-0.1355,33.0049,-0.0051,-0.0009,-5.339,0.016,0.075,2518220.85,1.9753,-0.0257,-0.069,-0.0534,0.0266,0.0814,40.2047,43.2369,-0.0088,-0.0037,-0.0013,0.0008,0.6703,1.2128,0,0.565,1,0
2025-09-26,2839.26,2852.58,2791.28,2798.81,3934636,-0.0557,-0.0717,-0.1512,28.8469,-0.0097,-0.0026,-7.4774,0.0168,0.0974,2601363.2,1.5125,-0.0197,-0.0852,-0.0748,0.0219,0.1228,33.0049,40.2047,-0.0257,-0.0088,-0.0051,-0.0013,1.9753,0.6703,0,0.5558,1,0
2025-09-29,2815.12,2827.96,2793.89,2795.91,3110035,-0.0516,-0.0701,-0.1508,28.6466,-0.0133,-0.0048,-6.9348,0.0167,0.1131,2694521.85,1.1542,-0.001,-0.0578,-0.0693,0.0122,0.0593,28.8469,33.0049,-0.0197,-0.0257,-0.0097,-0.0051,1.5125,1.9753,0,0.5189,-1,-2
2025-09-30,2810.3,2814.45,2785.29,2788.48,2253458,-0.0492,-0.0699,-0.1518,28.1082,-0.0162,-0.0071,-8.1794,0.0156,0.1264,2697933.3,0.8353,-0.0027,-0.0568,-0.0818,0.0105,0.1094,28.6466,28.8469,-0.001,-0.0197,-0.0133,-0.0097,1.1542,1.5125,1,0.5142,-1,0
2025-10-01,2790.99,2823.62,2767.43,2813.39,1952902,-0.037,-0.0593,-0.143,32.6768,-0.0174,-0.0091,-8.1504,0.0162,0.1327,2705589.7,0.7218,0.0089,-0.0399,-0.0815,0.02,0.8179,28.1082,28.6466,-0.0027,-0.001,-0.0162,-0.0133,0.8353,1.1542,0,0.536,1,2
2025-10-03,2822.85,2822.85,2791.09,2801.51,2899519,-0.0373,-0.0609,-0.1453,31.644,-0.0186,-0.011,-8.6507,0.0164,0.1404,2776496.1,1.0443,-0.0042,-0.0188,-0.0865,0.0113,0.3281,32.6768,28.1082,0.0089,-0.0027,-0.0174,-0.0162,0.7218,0.8353,1,0.4709,-1,-2
2025-10-06,2801.61,2890.04,2795.43,2885.02,2112774,-0.0078,-0.0317,-0.1188,44.8416,-0.0165,-0.0118,-5.7051,0.0174,0.1374,2742032.05,0.7705,0.0298,0.0308,-0.0571,0.0328,0.9469,31.644,32.6768,-0.0042,0.0089,-0.0186,-0.0174,1.0443,0.7218,0,0.5491,1,2
2025-10-07,2891.39,2900.56,2853.26,2870.83,3062943,-0.0115,-0.0351,-0.1221,43.3114,-0.0155,-0.0126,-3.2566,0.0176,0.1394,2763869.85,1.1082,-0.0049,0.0268,-0.0326,0.0165,0.3715,44.8416,31.644,0.0298,-0.0042,-0.0165,-0.0186,0.7705,1.0443,1,0.482,-1,-2
2025-10-08,2872.08,2937.73,2865.33,2922.48,4121889,0.0057,-0.017,-0.1053,49.9997,-0.0128,-0.0125,-1.1493,0.0182,0.137,2845499.25,1.4486,0.018,0.0481,-0.0115,0.0248,0.7894,43.3114,44.8416,-0.0049,0.0298,-0.0155,-0.0165,1.1082,0.7705,1,0.5476,1,2
2025-10-09,2929.04,2959.94,2915.53,2955.78,3211304,0.0155,-0.0056,-0.0943,53.7855,-0.0097,-0.0118,0.8664,0.0181,0.1338,2902093.05,1.1065,0.0114,0.0506,0.0087,0.015,0.9063,49.9997,43.3114,0.018,-0.0049,-0.0128,-0.0155,1.4486,1.1082,0,0.4704,-1,-2
2025-10-10,2944.49,2963.8,2902.88,2923.54,8817365,0.004,-0.0158,-0.1032,49.8501,-0.0083,-0.0112,2.3975,0.0189,0.1325,3229789.0,2.73,-0.0109,0.0436,0.024,0.0208,0.3391,53.7855,49.9997,0.0114,0.018,-0.0097,-0.0128,1.1065,1.4486,0,0.5111,-1,0
2025-10-13,2922.28,2930.49,2894.48,2903.17,2866865,-0.0027,-0.0218,-0.1085,47.486,-0.0076,-0.0106,3.7287,0.0174,0.1296,3300773.9,0.8685,-0.007,0.0063,0.0373,0.0124,0.2413,49.8501,53.7855,-0.0109,0.0114,-0.0083,-0.0097,2.73,1.1065,0,0.5216,1,2
2025-10-14,2916.49,2922.48,2853.26,2857.89,3611416,-0.0165,-0.0357,-0.1213,42.6447,-0.0083,-0.0102,2.2168,0.0187,0.13,3394717.75,1.0638,-0.0156,-0.0045,0.0222,0.0242,0.0669,47.486,49.8501,-0.007,-0.0109,-0.0076,-0.0083,0.8685,2.73,1,0.5581,1,0
2025-10-15,2878.92,2887.35,2859.54,2877.76,4282226,-0.0088,-0.0279,-0.1142,45.2811,-0.0081,-0.0098,3.2017,0.0186,0.1228,3480157.6,1.2305,0.007,-0.0153,0.032,0.0097,0.6552,42.6447,47.486,-0.0156,-0.007,-0.0083,-0.0076,1.0638,0.8685,1,0.529,1,0
2025-10-16,2877.85,2882.8,2851.88,2878.63,3251495,-0.0077,-0.0265,-0.1129,45.3994,-0.0078,-0.0094,2.3189,0.0174,0.1115,3521818.8,0.9232,0.0003,-0.0261,0.0232,0.0107,0.8651,45.2811,42.6447,0.007,-0.0156,-0.0081,-0.0083,1.2305,1.0638,0,0.47,-1,-2
2025-10-17,2877.95,2896.17,2863.8,2870.39,4374683,-0.0095,-0.0282,-0.1145,44.4196,-0.0078,-0.0091,2.4587,0.0166,0.0967,3608896.05,1.2122,-0.0029,-0.0182,0.0246,0.0113,0.2036,45.3994,45.2811,0.0003,0.007,-0.0078,-0.0081,0.9232,1.2305,1,0.5051,-1,0
2025-10-20,2892.97,2929.31,2886.19,2921.75,3133039,0.0074,-0.0104,-0.0977,51.453,-0.0061,-0.0083,1.2731,0.017,0.078,3520463.3,0.89,0.0179,0.0064,0.0127,0.0148,0.8247,44.4196,45.3994,-0.0029,0.0003,-0.0078,-0.0078,1.2122,0.9232,0,0.5213,1,2
2025-10-21,2937.16,2937.84,2903.14,2913.51,310644,0.0041,-0.0127,-0.0994,50.3521,-0.005,-0.0077,1.4867,0.0171,0.0738,3354250.45,0.0926,-0.0028,0.0195,0.0149,0.0119,0.2988,51.453,44.4196,0.0179,-0.0029,-0.0061,-0.0078,0.89,1.2122,1,0.456,-1,-2
2025-10-23,2960.32,3001.98,2942.0,2977.95,5564758,0.0238,0.0088,-0.0787,57.9326,-0.0023,-0.0065,1.898,0.0175,0.0747,3473601.3,1.602,0.0221,0.0348,0.019,0.0201,0.5994,50.3521,51.453,-0.0028,0.0179,-0.005,-0.0061,0.0926,0.89,0,0.5405,1,2
2025-10-24,2984.54,2994.23,2963.51,2968.26,2684318,0.0185,0.0053,-0.081,56.5347,-0.0005,-0.0053,0.4222,0.0176,0.0783,3526531.5,0.7612,-0.0033,0.0311,0.0042,0.0103,0.1546,57.9326,50.3521,0.0221,-0.0028,-0.0023,-0.005,1.602,0.0926,1,0.4592,-1,-2
2025-10-27,2971.46,2998.3,2965.35,2989.29,1946312,0.0232,0.0119,-0.0738,58.8551,0.0014,-0.0039,2.249,0.016,0.084,3375129.05,0.5767,0.0071,0.0414,0.0225,0.011,0.7266,56.5347,57.9326,-0.0033,0.0221,-0.0005,-0.0023,0.7612,1.602,0,0.5284,1,2
2025-10-28,2980.67,2994.42,2945.97,2963.13,3470737,0.0128,0.003,-0.0811,54.927,0.0023,-0.0027,2.0653,0.0161,0.0831,3351934.1,1.0354,-0.0088,0.0142,0.0207,0.0164,0.3542,58.8551,56.5347,0.0071,-0.0033,0.0014,-0.0005,0.5767,0.7612,0,0.4978,-1,-2
2025-10-29,2963.13,2980.67,2951.69,2962.84,2895420,0.0115,0.0028,-0.0805,54.8832,0.0029,-0.0016,3.6723,0.0151,0.0794,3341203.35,0.8666,-0.0001,0.0169,0.0367,0.0098,0.3847,54.927,58.8551,-0.0088,0.0071,0.0023,0.0014,1.0354,0.5767,0,0.5319,1,2
2025-10-30,2954.6,2968.84,2938.8,2941.23,2241536,0.0037,-0.0044,-0.0864,51.5873,0.0028,-0.0007,2.2055,0.0149,0.0719,3340607.25,0.671,-0.0073,-0.0123,0.0221,0.0102,0.0809,54.8832,54.927,-0.0001,-0.0088,0.0029,0.0023,0.8666,1.0354,1,0.5305,1,0
2025-10-31,2940.94,2972.33,2931.34,2963.22,1868085,0.0102,0.0029,-0.0788,54.5766,0.0032,0.0001,2.9386,0.0143,0.0661,3336366.4,0.5599,0.0075,-0.0017,0.0294,0.0138,0.7778,51.5873,54.8832,-0.0073,-0.0001,0.0028,0.0029,0.671,0.8666,0,0.5293,1,0
2025-11-03,2952.47,2963.22,2916.71,2923.3,2194877,-0.0031,-0.0102,-0.0904,48.698,0.0025,0.0006,1.8433,0.0147,0.0556,3301134.3,0.6649,-0.0135,-0.0221,0.0184,0.0159,0.1417,54.5766,51.5873,0.0075,-0.0073,0.0032,0.0028,0.5599,0.671,0,0.4941,-1,-2
2025-11-04,2926.01,2935.41,2883.76,2897.52,2670720,-0.0108,-0.0182,-0.0976,45.3041,0.0012,0.0007,-0.8293,0.0144,0.0553,3329031.6,0.8023,-0.0088,-0.0221,-0.0083,0.0178,0.2664,48.698,54.5766,-0.0135,0.0075,0.0025,0.0032,0.6649,0.5599,1,0.5398,1,2
2025-11-06,2897.43,2930.28,2897.33,2917.58,2542721,-0.0036,-0.0109,-0.0905,48.3221,0.0007,0.0007,0.1397,0.0144,0.0523,3303020.5,0.7698,0.0069,-0.0153,0.0014,0.0113,0.6146,45.3041,48.698,-0.0088,-0.0135,0.0012,0.0025,0.8023,0.6649,0,0.5211,1,0
2025-11-07,2907.99,2910.9,2868.74,2899.07,1830520,-0.009,-0.0165,-0.0954,45.8103,-0.0002,0.0005,-2.6488,0.0149,0.0533,3188452.05,0.5741,-0.0063,-0.0143,-0.0265,0.0145,0.7194,48.3221,45.3041,0.0069,-0.0088,0.0007,0.0012,0.7698,0.8023,1,0.4737,-1,-2
2025-11-10,2900.24,2953.44,2899.27,2931.44,1556656,0.0019,-0.0053,-0.0845,50.6422,-0.0001,0.0004,-1.2405,0.0153,0.0518,3105719.65,0.5012,0.0112,-0.0107,-0.0124,0.0185,0.5939,45.8103,48.3221,-0.0063,0.0069,-0.0002,0.0007,0.5741,0.7698,1,0.5271,1,2
2025-11-11,2950.63,2960.99,2924.46,2952.56,2806868,0.0083,0.0018,-0.0772,53.5522,0.0006,0.0004,-1.2287,0.0147,0.0522,2805194.8,1.0006,0.0072,0.01,-0.0123,0.0124,0.7692,50.6422,45.8103,0.0112,-0.0063,-0.0001,-0.0002,0.5012,0.5741,1,0.4809,-1,-2
2025-11-12,2965.16,3039.19,2962.35,3034.74,4460315,0.0327,0.0284,-0.051,62.7541,0.0033,0.001,2.4167,0.0155,0.0595,2884867.3,1.5461,0.0278,0.0474,0.0242,0.0253,0.9421,53.5522,50.6422,0.0072,0.0112,0.0006,-0.0001,1.0006,0.5012,0,0.5265,1,2
2025-11-13,3034.74,3034.83,3005.86,3009.44,1740435,0.0218,0.0191,-0.0584,58.8863,0.0048,0.0018,1.5728,0.0142,0.0595,2791318.25,0.6235,-0.0083,0.0315,0.0157,0.0096,0.1236,62.7541,53.5522,0.0278,0.0072,0.0033,0.0006,1.5461,1.0006,1,0.4836,-1,-2
2025-11-14,2994.23,3016.62,2981.92,3009.74,2210794,0.0198,0.0184,-0.0578,58.9186,0.0058,0.0026,2.3293,0.0143,0.0597,2687746.65,0.8225,0.0001,0.0382,0.0233,0.0115,0.8017,58.8863,62.7541,-0.0083,0.0278,0.0048,0.0033,0.6235,1.5461,0,0.5255,1,2
2025-11-17,3009.74,3026.69,2990.94,3006.05,2232853,0.0167,0.0165,-0.0584,58.3112,0.0065,0.0034,1.4454,0.0144,0.0583,2636814.55,0.8468,-0.0012,0.0255,0.0145,0.0119,0.4227,58.9186,58.8863,0.0001,-0.0083,0.0058,0.0048,0.8225,0.6235,0,0.5201,1,0
2025-11-18,3005.86,3008.77,2982.6,2991.42,2548350,0.0106,0.0111,-0.0624,55.8525,0.0066,0.004,2.3302,0.0139,0.0535,2545497.9,1.0011,-0.0049,0.0132,0.0233,0.0087,0.337,58.3112,58.9186,-0.0012,0.0001,0.0065,0.0058,0.8468,0.8225,1,0.53,1,0
2025-11-19,3001.01,3057.22,2987.93,3050.14,3151053,0.0275,0.0297,-0.0435,62.6582,0.008,0.0048,5.2673,0.0146,0.0576,2546398.6,1.2375,0.0196,0.0051,0.0527,0.0227,0.8978,55.8525,58.3112,-0.0049,-0.0012,0.0066,0.0065,1.0011,0.8468,0,0.5763,1,0
2025-11-20,3050.43,3066.42,3040.84,3047.33,2700767,0.024,0.0276,-0.044,62.1643,0.009,0.0056,4.4472,0.0145,0.0601,2665904.75,1.0131,-0.0009,0.0126,0.0445,0.0084,0.2537,62.6582,55.8525,0.0196,-0.0049,0.008,0.0066,1.2375,1.0011,1,0.4854,-1,-2
2025-11-21,3047.33,3071.75,3038.03,3052.95,4177037,0.0233,0.0283,-0.0418,62.7959,0.0098,0.0064,5.3079,0.0143,0.0645,2596518.7,1.6087,0.0018,0.0144,0.0531,0.011,0.4425,62.1643,62.6582,-0.0009,0.0196,0.009,0.008,1.0131,1.2375,0,0.536,1,2
2025-11-24,3060.12,3080.38,3033.96,3043.84,6703764,0.0183,0.0242,-0.0443,61.0178,0.0102,0.0072,3.8343,0.0144,0.0677,2797491.0,2.3963,-0.003,0.0126,0.0383,0.0153,0.2128,62.7959,62.1643,0.0018,-0.0009,0.0098,0.009,1.6087,1.0131,0,0.5228,1,0
2025-11-25,3047.82,3052.18,3018.46,3022.53,2737920,0.0101,0.0163,-0.0505,56.9551,0.0098,0.0078,2.3698,0.014,0.0693,2837071.4,0.9651,-0.007,0.0104,0.0237,0.0112,0.1207,61.0178,62.7959,-0.003,0.0018,0.0102,0.0098,2.3963,1.6087,1,0.544,1,0
2025-11-26,3022.14,3079.5,3020.39,3064.87,2508527,0.0219,0.0293,-0.0368,62.3228,0.0103,0.0082,0.9928,0.0144,0.0723,2788960.9,0.8994,0.014,0.0048,0.0099,0.0193,0.7525,56.9551,61.0178,-0.007,-0.003,0.0098,0.0102,0.9651,2.3963,0,0.5709,1,0
2025-11-27,3081.44,3081.44,3028.15,3039.39,2836233,0.0121,0.02,-0.0444,57.6627,0.0102,0.0086,0.9952,0.0147,0.0742,2786001.55,1.018,-0.0083,-0.0026,0.01,0.0175,0.2109,62.3228,56.9551,0.014,-0.007,0.0103,0.0098,0.8994,0.9651,1,0.516,-1,-2
2025-11-28,3042.68,3049.76,3028.15,3040.26,1616690,0.0112,0.0194,-0.0437,57.7788,0.0098,0.0089,1.014,0.0139,0.0739,2754759.25,0.5869,0.0003,-0.0042,0.0101,0.0071,0.5604,57.6627,62.3228,-0.0083,0.014,0.0102,0.0103,1.018,0.8994,0,0.5302,1,2
2025-12-01,3040.65,3056.25,3025.43,3036.29,1747647,0.0089,0.0174,-0.0445,57.0106,0.0094,0.009,1.006,0.0138,0.0743,2748737.35,0.6358,-0.0013,-0.0025,0.0101,0.0102,0.3524,57.7788,57.6627,0.0003,-0.0083,0.0098,0.0102,0.5869,1.018,1,0.5137,-1,-2
2025-12-02,3033.96,3046.56,3023.69,3038.51,2512003,0.0087,0.0174,-0.0434,57.3521,0.009,0.009,1.5742,0.0123,0.0713,2764593.65,0.9086,0.0007,0.0053,0.0157,0.0075,0.648,57.0106,57.7788,-0.0013,0.0003,0.0094,0.0098,0.6358,0.5869,1,0.5264,1,2
2025-12-03,3042.68,3112.35,3041.71,3081.44,3952112,0.0208,0.0305,-0.0296,63.4054,0.0096,0.009,1.0262,0.0131,0.0657,2828663.25,1.3972,0.0141,0.0054,0.0103,0.0229,0.5624,57.3521,57.0106,0.0007,-0.0013,0.009,0.0094,0.9086,0.6358,1,0.5686,1,0
2025-12-04,3095.01,3149.27,3088.61,3129.12,5025905,0.033,0.0445,-0.0144,68.7164,0.0111,0.0093,2.684,0.0137,0.0659,2952822.45,1.7021,0.0155,0.0295,0.0268,0.0194,0.6678,63.4054,57.3521,0.0141,0.0007,0.0096,0.009,1.3972,0.9086,1,0.5049,-1,-2
2025-12-05,3129.89,3170.2,3122.53,3137.84,5244013,0.0323,0.0455,-0.0116,69.5857,0.0124,0.0099,2.7806,0.0139,0.062,3123497.1,1.6789,0.0028,0.0321,0.0278,0.0152,0.3212,68.7164,63.4054,0.0155,0.0141,0.0111,0.0096,1.7021,1.3972,0,0.4748,-1,0
2025-12-08,3142.49,3158.87,3109.16,3136.19,2544725,0.0287,0.0431,-0.012,69.1939,0.0133,0.0106,3.034,0.0145,0.06,3172900.55,0.802,-0.0005,0.0329,0.0303,0.0159,0.5438,69.5857,68.7164,0.0028,0.0155,0.0124,0.0111,1.6789,1.7021,0,0.4951,-1,0
2025-12-09,3129.89,3133.48,3082.6,3108.86,2734893,0.0178,0.0327,-0.0204,62.8782,0.0133,0.0112,2.8562,0.0142,0.056,3169301.8,0.8629,-0.0087,0.0232,0.0286,0.0164,0.5161,69.1939,69.5857,-0.0005,0.0028,0.0133,0.0124,0.802,1.6789,0,0.5329,1,2
2025-12-10,3125.05,3125.05,3079.6,3090.36,1386849,0.0106,0.0254,-0.026,58.9554,0.0126,0.0115,0.8317,0.0148,0.0569,3015628.5,0.4599,-0.006,0.0029,0.0083,0.0147,0.2367,62.8782,69.1939,-0.0087,-0.0005,0.0133,0.0133,0.8629,0.802,1,0.5218,1,0
2025-12-11,3105.67,3108.96,3055.38,3092.97,1914362,0.0103,0.0252,-0.0249,59.3408,0.012,0.0116,1.7629,0.0152,0.0559,3024324.85,0.633,0.0008,-0.0116,0.0176,0.0173,0.7016,58.9554,62.8782,-0.006,-0.0087,0.0126,0.0133,0.4599,0.8629,1,0.5272,1,0
2025-12-12,3098.59,3123.11,3086.97,3120.69,1146554,0.0175,0.033,-0.016,63.284,0.0119,0.0116,2.6455,0.0149,0.0556,2971112.85,0.3859,0.009,-0.0055,0.0265,0.0116,0.933,59.3408,58.9554,0.0008,-0.006,0.012,0.0126,0.633,0.4599,1,0.5172,-1,-2
2025-12-15,3111.58,3137.84,3098.21,3130.09,1562190,0.0186,0.0347,-0.0129,64.5398,0.012,0.0117,3.0893,0.015,0.0551,2937579.7,0.5318,0.003,-0.0019,0.0309,0.0127,0.8044,63.284,59.3408,0.009,0.0008,0.0119,0.012,0.3859,0.633,0,0.4704,-1,0
2025-12-16,3120.2,3120.2,3092.2,3105.76,1734623,0.0096,0.0256,-0.0204,58.922,0.0115,0.0117,2.2133,0.0146,0.0505,2896893.35,0.5988,-0.0078,-0.001,0.0221,0.009,0.4843,64.5398,63.284,0.003,0.009,0.012,0.0119,0.5318,0.3859,1,0.495,-1,0
2025-12-17,3101.31,3136.58,3101.31,3118.07,1376350,0.0123,0.0284,-0.0163,60.7821,0.0111,0.0115,1.1887,0.0141,0.0507,2808158.2,0.4901,0.004,0.009,0.0119,0.0113,0.4752,58.922,64.5398,-0.0078,0.003,0.0115,0.012,0.5988,0.5318,1,0.5316,1,2
2025-12-18,3127.95,3185.9,3121.17,3179.12,2307422,0.029,0.0466,0.0029,68.4195,0.0121,0.0115,1.5979,0.0149,0.0556,2788490.95,0.8275,0.0196,0.0279,0.016,0.0204,0.8953,60.7821,58.922,0.004,-0.0078,0.0111,0.0115,0.4901,0.5988,1,0.5086,-1,-2
2025-12-19,3196.75,3215.07,3177.18,3180.28,3902511,0.0265,0.045,0.0032,68.5448,0.0129,0.0118,1.3525,0.015,0.0602,2774764.65,1.4064,0.0004,0.0191,0.0135,0.0119,0.0818,68.4195,60.7821,0.0196,0.004,0.0121,0.0111,0.8275,0.4901,1,0.4701,-1,0
2025-12-22,3207.41,3225.44,3189.0,3221.85,2632816,0.036,0.0563,0.0162,72.7231,0.0142,0.0121,2.7313,0.0153,0.0671,2571217.25,1.024,0.0131,0.0293,0.0273,0.0113,0.9015,68.5448,68.4195,0.0004,0.0196,0.0129,0.0121,1.4064,0.8275,0,0.5153,-1,0
2025-12-23,3217.01,3217.01,3191.42,3207.41,2365420,0.0283,0.0494,0.0115,69.2805,0.0149,0.0127,3.17,0.0144,0.0688,2552592.25,0.9267,-0.0045,0.0327,0.0317,0.008,0.6249,72.7231,68.5448,0.0131,0.0004,0.0142,0.0129,1.024,1.4064,1,0.4813,-1,0
2025-12-24,3201.7,3223.98,3193.94,3216.13,1367708,0.028,0.0501,0.0141,70.198,0.0155,0.0133,4.0698,0.0136,0.0728,2495551.3,0.5481,0.0027,0.0314,0.0407,0.0093,0.7387,69.2805,72.7231,-0.0045,0.0131,0.0149,0.0142,0.9267,1.024,0,0.5123,-1,0
2025-12-26,3210.42,3217.1,3170.4,3178.34,1176664,0.0144,0.0362,0.0022,61.6103,0.015,0.0137,2.7601,0.0137,0.0712,2412572.85,0.4877,-0.0118,-0.0002,0.0276,0.0147,0.17,70.198,69.2805,0.0027,-0.0045,0.0155,0.0149,0.5481,0.9267,0,0.5087,-1,0
2025-12-29,3178.34,3186.09,3142.39,3150.73,2079473,0.0051,0.0261,-0.0065,56.2007,0.0137,0.0138,0.9626,0.0137,0.0672,2435712.0,0.8537,-0.0087,-0.0093,0.0096,0.0139,0.1908,61.6103,70.198,-0.0118,0.0027,0.015,0.0155,0.4877,0.5481,0,0.5313,1,2
2025-12-30,3149.27,3166.23,3139.1,3146.17,2807593,0.0033,0.0237,-0.0078,55.3365,0.0123,0.0135,0.5137,0.0131,0.0608,2488709.3,1.1281,-0.0014,-0.0235,0.0051,0.0086,0.2606,56.2007,61.6103,-0.0087,-0.0118,0.0137,0.015,0.8537,0.4877,0,0.5277,1,0
2025-12-31,3139.58,3145.4,3099.37,3106.83,3362634,-0.0084,0.0104,-0.02,48.4191,0.0102,0.013,0.0345,0.0133,0.0546,2531240.85,1.3285,-0.0125,-0.0314,0.0003,0.0148,0.1621,55.3365,56.2007,-0.0014,-0.0087,0.0123,0.0137,1.1281,0.8537,1,0.5429,1,0
2026-01-01,3115.36,3133.87,3099.08,3127.37,1255735,-0.0017,0.0164,-0.0134,51.8065,0.0088,0.0121,0.2983,0.0128,0.0514,2396422.0,0.524,0.0066,-0.0276,0.003,0.0111,0.8132,48.4191,55.3365,-0.0125,-0.0014,0.0102,0.0123,1.3285,1.1281,1,0.5268,1,0
2026-01-02,3133.77,3153.44,3119.72,3149.95,1184324,0.005,0.0228,-0.0062,55.2831,0.0082,0.0113,-0.9175,0.0126,0.0508,2204342.95,0.5373,0.0072,-0.0089,-0.0092,0.0107,0.8965,51.8065,48.4191,0.0066,-0.0125,0.0088,0.0102,0.524,1.3285,0,0.4808,-1,-2
2026-01-05,3140.07,3146.37,3092.1,3116.42,2341703,-0.0052,0.0115,-0.0167,49.5652,0.0069,0.0105,-2.008,0.0132,0.052,2059227.45,1.1372,-0.0106,-0.0109,-0.0201,0.0174,0.4481,55.2831,51.8065,0.0072,0.0066,0.0082,0.0088,0.5373,0.524,1,0.5088,-1,0
2026-01-06,3110.51,3162.06,3105.67,3154.89,2912325,0.0064,0.023,-0.0045,55.2803,0.0066,0.0096,-2.0783,0.0134,0.0514,2077607.45,1.4018,0.0123,0.0028,-0.0208,0.0179,0.8728,49.5652,55.2831,-0.0106,0.0072,0.0069,0.0082,1.1372,0.5373,1,0.5598,1,2
2026-01-07,3142.39,3198.3,3123.3,3193.46,1989442,0.0169,0.0341,0.0076,60.1552,0.0073,0.0091,-0.4349,0.0142,0.0513,2040334.9,0.9751,0.0122,0.0279,-0.0043,0.0235,0.9355,55.2803,49.5652,0.0123,-0.0106,0.0066,0.0069,1.4018,1.1372,0,0.517,-1,-2
2026-01-08,3185.03,3185.03,3083.38,3104.6,4159336,-0.0103,0.0051,-0.0202,47.3489,0.0057,0.0086,-3.4678,0.0155,0.0515,2178959.25,1.9089,-0.0278,-0.0073,-0.0347,0.0327,0.2088,60.1552,55.2803,0.0122,0.0123,0.0073,0.0066,0.9751,1.4018,1,0.5367,1,2
2026-01-09,3092.1,3129.6,3092.1,3108.38,1938673,-0.0082,0.006,-0.0188,47.8574,0.0044,0.0077,-2.2011,0.0155,0.0501,2180174.8,0.8892,0.0012,-0.0132,-0.022,0.0121,0.4341,47.3489,60.1552,-0.0278,0.0122,0.0057,0.0073,1.9089,0.9751,1,0.5265,1,0
2026-01-12,3103.73,3151.21,3075.92,3139.19,2228342,0.0014,0.0154,-0.009,51.9326,0.004,0.0069,-0.3663,0.0161,0.049,2234264.2,0.9973,0.0099,0.0073,-0.0037,0.024,0.8404,47.8574,47.3489,0.0012,-0.0278,0.0044,0.0057,0.8892,1.9089,1,0.5524,1,0
2026-01-13,3144.43,3178.34,3111.0,3166.71,5645341,0.0092,0.0233,-0.0003,55.2935,0.0044,0.0064,0.6529,0.0167,0.0483,2438421.75,2.3152,0.0088,0.0037,0.0065,0.0213,0.8273,51.9326,47.8574,0.0099,0.0012,0.004,0.0044,0.9973,0.8892,0,0.5173,-1,-2
2026-01-14,3158.96,3158.96,3084.35,3093.55,3539511,-0.0128,-0.0003,-0.0232,46.071,0.0028,0.0058,-0.4274,0.0183,0.0506,2528666.15,1.3998,-0.0231,-0.0313,-0.0043,0.0241,0.1233,55.2935,51.9326,0.0088,0.0099,0.0044,0.004,2.3152,0.9973,0,0.5196,-1,0
2026-01-15,3093.55,3093.55,3093.55,3093.55,0,-0.0115,-0.0003,-0.023,46.071,0.0016,0.0049,-1.0814,0.0173,0.0525,2459848.65,0.0,0.0,-0.0036,-0.0108,0.0,0.0,46.071,55.2935,-0.0231,0.0088,0.0028,0.0044,1.3998,2.3152,1,0.5113,-1,0
2026-01-16,3176.33,3178.8,3128.58,3163.8,4293470,0.0098,0.0215,-0.0008,54.5189,0.0023,0.0043,0.4397,0.0178,0.0508,2559151.05,1.6777,0.0227,0.0178,0.0044,0.0159,0.7013,46.071,46.071,0.0,-0.0231,0.0016,0.0028,0.0,1.3998,0,0.5312,1,2
2026-01-19,3145.35,3176.92,3109.93,3121.28,3387562,-0.0034,0.0075,-0.0141,49.4679,0.0018,0.0039,0.1559,0.019,0.0514,2533403.6,1.3372,-0.0134,-0.0057,0.0016,0.0215,0.1694,54.5189,46.071,0.0227,0.0,0.0023,0.0016,1.6777,0.0,0,0.5095,-1,-2
2026-01-20,3109.44,3117.73,3049.75,3060.8,4499273,-0.0206,-0.0116,-0.0329,43.32,-0.0002,0.0031,-2.9824,0.0199,0.0532,2626726.45,1.7129,-0.0194,-0.0334,-0.0298,0.0222,0.1625,49.4679,54.5189,-0.0134,0.0227,0.0018,0.0023,1.3372,1.6777,1,0.5586,1,2
2026-01-21,3058.53,3096.51,3040.77,3080.83,2015150,-0.0128,-0.0049,-0.0263,45.7257,-0.0012,0.0022,-3.5269,0.0203,0.0512,2609212.95,0.7723,0.0065,-0.0041,-0.0353,0.0181,0.7187,43.32,49.4679,-0.0194,-0.0134,-0.0002,0.0018,1.7129,1.3372,1,0.5272,1,0
2026-01-22,3107.86,3117.73,3080.53,3108.25,2269827,-0.0037,0.0038,-0.0174,48.9219,-0.0013,0.0015,0.1176,0.0202,0.0446,2654318.9,0.8551,0.0089,0.0048,0.0012,0.012,0.7452,45.7257,43.32,0.0065,-0.0194,-0.0012,-0.0002,0.7723,1.7129,1,0.4738,-1,-2
2026-01-23,3147.62,3151.77,3109.83,3120.19,2068857,0.0002,0.0073,-0.0135,50.2945,-0.001,0.001,0.3799,0.0198,0.0418,2698928.55,0.7665,0.0038,-0.0138,0.0038,0.0134,0.247,48.9219,45.7257,0.0089,0.0065,-0.0013,-0.0012,0.8551,0.7723,0,0.4602,-1,0
2026-01-27,3132.53,3132.53,3088.13,3115.75,4279874,-0.0011,0.0057,-0.0148,49.759,-0.0009,0.0006,-0.7467,0.0195,0.0412,2808948.6,1.5237,-0.0014,-0.0018,-0.0075,0.0143,0.6221,50.2945,48.9219,0.0038,0.0089,-0.001,-0.0013,0.7665,0.8551,1,0.4715,-1,0
2026-01-28,3133.51,3162.32,3128.18,3157.29,2751234,0.011,0.0183,-0.0016,54.6265,0.0002,0.0005,-0.2975,0.0186,0.0413,2806130.65,0.9804,0.0133,0.0315,-0.003,0.0108,0.8527,49.759,50.2945,-0.0014,0.0038,-0.0009,-0.001,1.5237,0.7665,0,0.5145,-1,0
2026-01-29,3157.29,3157.29,3083.79,3102.34,2457641,-0.006,0.0006,-0.0188,48.0015,-0.0003,0.0004,0.2841,0.0181,0.0423,2760881.0,0.8902,-0.0174,0.007,0.0028,0.0237,0.2524,54.6265,49.759,0.0133,-0.0014,0.0002,-0.0009,0.9804,1.5237,0,0.5169,-1,0
2026-01-30,3098.98,3098.98,3050.64,3082.11,3022068,-0.0113,-0.0057,-0.025,45.7993,-0.0012,0.0,-0.3698,0.0186,0.0442,2849197.65,1.0607,-0.0065,-0.0084,-0.0037,0.0157,0.651,48.0015,54.6265,-0.0174,0.0133,-0.0003,0.0002,0.8902,0.9804,1,0.5411,1,2
2026-02-02,3155.22,3155.22,3092.07,3127.2,2636272,0.0029,0.0085,-0.0106,51.1759,-0.0008,-0.0001,-1.1568,0.0183,0.0428,2921795.05,0.9023,0.0146,0.0022,-0.0116,0.0202,0.5563,45.7993,48.0015,-0.0065,-0.0174,-0.0012,-0.0003,1.0607,0.8902,1,0.5577,1,0
2026-02-03,3305.18,3305.18,3143.67,3182.15,4366060,0.0185,0.0251,0.0067,56.8,0.001,0.0001,1.9502,0.0204,0.0454,3023012.9,1.4443,0.0176,0.0213,0.0195,0.0508,0.2383,51.1759,45.7993,0.0146,-0.0065,-0.0008,-0.0012,0.9023,1.0607,0,0.5175,-1,-2
2026-02-04,3078.26,3078.26,2946.05,2958.98,10852595,-0.0481,-0.045,-0.0633,37.7705,-0.0035,-0.0006,-3.3266,0.0257,0.0687,3420026.4,3.1732,-0.0701,-0.0628,-0.0333,0.0447,0.0978,56.8,51.1759,0.0176,0.0146,0.001,-0.0008,1.4443,0.9023,0,0.514,-1,0
2026-02-05,2950.0,2989.17,2932.54,2951.48,3521545,-0.0459,-0.0457,-0.0651,37.318,-0.0073,-0.0019,-4.1985,0.0271,0.08,3496631.55,1.0071,-0.0025,-0.0486,-0.042,0.0192,0.3345,37.7705,56.8,-0.0701,0.0176,-0.0035,0.001,3.1732,1.4443,0,0.5353,1,2
2026-02-06,2936.78,2945.07,2876.99,2902.25,4687389,-0.0563,-0.0593,-0.0799,34.4044,-0.0117,-0.0039,-6.6275,0.0273,0.102,3523034.2,1.3305,-0.0167,-0.0584,-0.0663,0.0235,0.371,37.318,37.7705,-0.0025,-0.0701,-0.0073,-0.0035,1.0071,3.1732,1,0.5631,1,0
2026-02-09,2919.51,2937.17,2898.2,2908.76,2380318,-0.0493,-0.0551,-0.0771,35.1257,-0.0146,-0.006,-6.7762,0.0266,0.1161,3545116.45,0.6714,0.0022,-0.0699,-0.0678,0.0134,0.271,34.4044,37.318,-0.0167,-0.0025,-0.0117,-0.0073,1.3305,1.0071,1,0.511,-1,-2
2026-02-10,2910.34,2971.31,2904.12,2944.67,3547763,-0.0341,-0.0418,-0.0651,39.1036,-0.0157,-0.0079,-5.4908,0.0261,0.1203,3611087.5,0.9825,0.0123,-0.0746,-0.0549,0.0228,0.6035,35.1257,34.4044,0.0022,-0.0167,-0.0146,-0.0117,0.6714,1.3305,0,0.5408,1,2
2026-02-11,2940.13,2957.89,2865.35,2870.87,3363513,-0.053,-0.0634,-0.0878,34.4311,-0.0189,-0.0103,-9.0717,0.0277,0.1341,3496996.1,0.9618,-0.0251,-0.0298,-0.0907,0.0322,0.0596,39.1036,35.1257,0.0123,0.0022,-0.0157,-0.0146,0.9825,0.6714,0,0.522,1,0
2026-02-12,2831.41,2841.47,2703.35,2713.31,10612156,-0.096,-0.1108,-0.1366,27.0104,-0.0267,-0.014,-12.5399,0.0328,0.1808,3850628.35,2.756,-0.0549,-0.0807,-0.1254,0.0509,0.0721,34.4311,39.1036,-0.0251,0.0123,-0.0189,-0.0157,0.9618,0.9825,0,0.5722,1,0
2026-02-13,2550.42,2676.71,2550.42,2656.18,11168735,-0.1052,-0.1251,-0.1535,24.9137,-0.0341,-0.0183,-13.8194,0.0367,0.2237,4409065.1,2.5331,-0.0211,-0.0848,-0.1382,0.0475,0.8374,27.0104,34.4311,-0.0549,-0.0251,-0.0267,-0.0189,2.756,0.9618,1,0.5691,1,0
2026-02-16,2663.88,2683.42,2635.27,2670.39,2918730,-0.0917,-0.1162,-0.1477,26.4432,-0.0384,-0.0222,-14.6076,0.0366,0.2442,4340328.1,0.6725,0.0053,-0.0819,-0.1461,0.018,0.7294,24.9137,27.0104,-0.0211,-0.0549,-0.0341,-0.0267,2.5331,2.756,1,0.5336,1,0
2026-02-17,2679.67,2723.08,2659.14,2681.05,4209118,-0.0804,-0.1087,-0.1431,27.6341,-0.041,-0.0259,-15.7472,0.0369,0.2596,4381405.9,0.9607,0.004,-0.0895,-0.1575,0.0238,0.3427,26.4432,24.9137,0.0053,-0.0211,-0.0384,-0.0341,0.6725,2.5331,0,0.5093,-1,-2
2026-02-18,2693.48,2693.48,2621.75,2658.85,2950820,-0.0803,-0.1121,-0.1489,26.6658,-0.0437,-0.0297,-10.143,0.0372,0.2794,4303983.25,0.6856,-0.0083,-0.0739,-0.1014,0.027,0.5172,27.6341,26.4432,0.004,0.0053,-0.041,-0.0384,0.9607,0.6725,0,0.5121,-1,0
2026-02-19,2671.77,2711.93,2630.93,2642.08,3238849,-0.0785,-0.1136,-0.153,25.9268,-0.0459,-0.0331,-10.4829,0.0382,0.2954,4365168.2,0.742,-0.0063,-0.0263,-0.1048,0.0307,0.1377,26.6658,27.6341,-0.0083,0.004,-0.0437,-0.041,0.6856,0.9607,1,0.5524,1,2
2026-02-20,2631.32,2666.45,2612.08,2650.26,2293482,-0.069,-0.107,-0.1491,26.9897,-0.0465,-0.0357,-8.6826,0.0376,0.3013,4366350.95,0.5253,0.0031,-0.0022,-0.0868,0.0205,0.7022,25.9268,26.6658,-0.0063,-0.0083,-0.0459,-0.0437,0.742,0.6856,0,0.5354,1,0
2026-02-23,2650.07,2667.83,2624.61,2640.5,4699596,-0.066,-0.1064,-0.1509,26.5011,-0.0469,-0.038,-9.2225,0.0341,0.3048,4497887.9,1.0448,-0.0037,-0.0112,-0.0922,0.0164,0.3677,26.9897,25.9268,0.0031,-0.0063,-0.0465,-0.0459,0.5253,0.742,0,0.4926,-1,-2
2026-02-24,2605.67,2612.08,2527.04,2539.27,7798833,-0.093,-0.1359,-0.182,22.0436,-0.0517,-0.042,-13.7672,0.032,0.326,4673835.85,1.6686,-0.0383,-0.0529,-0.1377,0.0335,0.1438,26.5011,26.9897,-0.0037,0.0031,-0.0469,-0.0465,1.0448,0.5253,1,0.5685,1,2
2026-02-25,2561.27,2618.69,2560.29,2594.13,3621285,-0.0669,-0.1131,-0.1629,29.0121,-0.0505,-0.043,-9.6396,0.0319,0.3107,4717338.4,0.7677,0.0216,-0.0243,-0.0964,0.0225,0.5795,22.0436,26.5011,-0.0383,-0.0037,-0.0517,-0.0469,1.6686,1.0448,1,0.5482,1,0
2026-02-26,2614.55,2635.27,2599.75,2612.28,3464267,-0.0549,-0.1032,-0.1558,31.2032,-0.049,-0.0439,-3.7235,0.0308,0.2994,4767669.7,0.7266,0.007,-0.0113,-0.0372,0.0136,0.3528,29.0121,22.0436,0.0216,-0.0383,-0.0505,-0.0517,0.7677,1.6686,0,0.4673,-1,-2
2026-02-27,2645.73,2652.63,2590.97,2602.12,5083717,-0.0533,-0.1029,-0.1577,30.6332,-0.048,-0.0449,-2.0353,0.0315,0.2895,4870752.15,1.0437,-0.0039,-0.0182,-0.0204,0.0237,0.1808,31.2032,29.0121,0.007,0.0216,-0.049,-0.0505,0.7266,0.7677,0,0.4948,-1,0
2026-03-02,2557.32,2588.7,2545.78,2578.54,3374385,-0.0563,-0.1071,-0.164,29.2957,-0.0477,-0.0458,-3.4396,0.0315,0.2696,4907657.8,0.6876,-0.0091,-0.0235,-0.0344,0.0166,0.7633,30.6332,31.2032,-0.0039,0.007,-0.048,-0.049,1.0437,0.7266,0,0.5248,1,2
2026-03-04,2589.88,2599.75,2545.88,2553.18,3446434,-0.0597,-0.1119,-0.1708,27.8855,-0.0478,-0.0466,-4.7694,0.0307,0.2283,4861676.5,0.7089,-0.0098,0.0055,-0.0477,0.0211,0.1355,29.2957,30.6332,-0.0091,-0.0039,-0.0477,-0.048,0.6876,1.0437,0,0.5465,1,0
2026-03-05,2565.22,2574.59,2512.34,2544.3,2960636,-0.0573,-0.111,-0.1722,27.3883,-0.0475,-0.0469,-4.3083,0.0279,0.2181,4467078.55,0.6628,-0.0035,-0.0192,-0.0431,0.0245,0.5134,27.8855,29.2957,-0.0098,-0.0091,-0.0478,-0.0477,0.7089,0.6876,0,0.538,1,0
2026-03-06,2537.59,2584.16,2519.44,2523.39,3998643,-0.0593,-0.1142,-0.1776,26.2036,-0.0476,-0.0473,-4.4923,0.0253,0.206,4490933.45,0.8904,-0.0082,-0.034,-0.0449,0.0256,0.061,27.3883,27.8855,-0.0035,-0.0098,-0.0475,-0.0478,0.6628,0.7089,0,0.5554,1,0
2026-03-09,2496.15,2525.75,2471.49,2493.59,3653428,-0.0641,-0.1203,-0.1858,24.5723,-0.0483,-0.048,-5.9115,0.0258,0.1993,4439235.4,0.823,-0.0118,-0.0417,-0.0591,0.0218,0.4073,26.2036,27.3883,-0.0082,-0.0035,-0.0476,-0.0475,0.8904,0.6628,0,0.5528,1,0
2026-03-10,2507.01,2511.15,2456.79,2479.48,4323710,-0.0632,-0.121,-0.1888,23.8163,-0.0486,-0.0483,-6.0981,0.0257,0.1848,4536405.0,0.9531,-0.0057,-0.0384,-0.061,0.0219,0.4174,24.5723,26.2036,-0.0118,-0.0082,-0.0483,-0.0476,0.823,0.8904,0,0.5556,1,0
2026-03-11,2474.55,2487.27,2427.19,2431.93,2720664,-0.074,-0.1332,-0.2028,21.424,-0.0505,-0.0495,-4.2272,0.0259,0.1596,4495050.05,0.6053,-0.0192,-0.0475,-0.0423,0.0247,0.0789,23.8163,24.5723,-0.0057,-0.0118,-0.0486,-0.0483,0.9531,0.823,0,0.5505,1,0
2026-03-12,2426.89,2439.82,2403.41,2409.73,2752075,-0.0752,-0.1363,-0.2084,20.3941,-0.052,-0.0504,-7.1084,0.0248,0.1412,4464478.15,0.6164,-0.0091,-0.0529,-0.0711,0.0151,0.1736,21.424,23.8163,-0.0192,-0.0057,-0.0505,-0.0486,0.6053,0.9531,0,0.5228,1,0
2026-03-13,2404.4,2413.18,2364.93,2378.25,2466488,-0.0796,-0.1426,-0.217,18.9992,-0.0539,-0.0516,-8.9588,0.0249,0.153,4057194.75,0.6079,-0.0131,-0.0575,-0.0896,0.0203,0.2761,20.3941,21.424,-0.0091,-0.0192,-0.052,-0.0505,0.6164,0.6053,0,0.5441,1,0
2026-03-16,2377.76,2392.56,2334.45,2376.97,3807907,-0.073,-0.1382,-0.2158,18.9425,-0.0543,-0.0522,-8.6526,0.0254,0.1645,3689153.35,1.0322,-0.0005,-0.0468,-0.0865,0.0244,0.7317,18.9992,20.3941,-0.0131,-0.0091,-0.0539,-0.052,0.6079,0.6164,0,0.5458,1,0
2026-03-17,2387.63,2387.63,2328.43,2359.7,2993367,-0.0727,-0.1396,-0.2197,18.1548,-0.0549,-0.053,-8.487,0.0239,0.174,3692885.2,0.8106,-0.0073,-0.0483,-0.0849,0.0251,0.5282,18.9425,18.9992,-0.0005,-0.0131,-0.0543,-0.0539,1.0322,0.6079,1,0.5418,1,0
2026-03-18,2377.76,2449.68,2377.76,2408.15,3082388,-0.0488,-0.1177,-0.2021,27.2894,-0.0518,-0.0519,-5.6804,0.0237,0.1673,3636548.7,0.8476,0.0205,-0.0098,-0.0568,0.0299,0.4226,18.1548,18.9425,-0.0073,-0.0005,-0.0549,-0.0543,0.8106,1.0322,0,0.5483,1,0
2026-03-19,2384.67,2391.57,2318.76,2324.48,2757060,-0.0747,-0.1434,-0.2281,22.5987,-0.0543,-0.0539,-8.6397,0.0261,0.1803,3626860.7,0.7602,-0.0347,-0.0354,-0.0864,0.0313,0.0786,27.2894,18.1548,0.0205,-0.0073,-0.0518,-0.0549,0.8476,0.8106,1,0.5052,-1,-2
2026-03-20,2354.08,2375.59,2332.57,2358.62,4206320,-0.0556,-0.1263,-0.215,28.0343,-0.0522,-0.0529,-6.5297,0.0254,0.1776,3675234.25,1.1445,0.0147,-0.0083,-0.0653,0.0182,0.6055,22.5987,27.2894,-0.0347,0.0205,-0.0543,-0.0518,0.7602,0.8476,0,0.5442,1,2
2026-03-23,2333.36,2374.6,2316.59,2351.91,3860515,-0.053,-0.1244,-0.2156,27.6237,-0.051,-0.0527,-5.6818,0.0255,0.1741,3753585.9,1.0285,-0.0028,-0.0105,-0.0568,0.0247,0.6089,28.0343,22.5987,0.0147,-0.0347,-0.0522,-0.0543,1.1445,0.7602,1,0.4977,-1,-2
2026-03-24,2371.94,2402.82,2347.27,2366.71,3420182,-0.0428,-0.1148,-0.209,30.057,-0.0485,-0.0516,-4.5481,0.0254,0.1651,3689615.2,0.927,0.0063,0.003,-0.0455,0.0235,0.35,27.6237,28.0343,-0.0028,0.0147,-0.051,-0.0522,1.0285,1.1445,0,0.5506,1,2
2026-03-25,2368.78,2389.2,2338.1,2345.6,5843778,-0.0466,-0.1184,-0.2143,28.581,-0.0474,-0.0511,-3.5499,0.0253,0.1696,3591862.45,1.6269,-0.0089,-0.026,-0.0355,0.0218,0.1468,30.057,27.6237,0.0063,-0.0028,-0.0485,-0.051,0.927,1.0285,1,0.5157,-1,-2
2026-03-27,2371.74,2389.7,2353.09,2357.83,4979411,-0.0379,-0.1099,-0.2086,30.7041,-0.045,-0.0497,-2.1538,0.0245,0.1628,3659768.75,1.3606,0.0052,0.0143,-0.0215,0.0155,0.1295,28.581,30.057,-0.0089,0.0063,-0.0474,-0.0485,1.6269,0.927,0,0.5251,1,2
2026-03-30,2343.33,2365.92,2314.81,2327.34,6804756,-0.0457,-0.1172,-0.2171,28.4346,-0.0444,-0.0492,-2.1406,0.0248,0.1555,3826793.2,1.7782,-0.0129,-0.0133,-0.0214,0.022,0.2452,30.7041,28.581,0.0052,-0.0089,-0.045,-0.0474,1.3606,1.6269,1,0.5109,-1,-2
2026-04-01,2396.51,2438.93,2365.82,2375.98,4132661,-0.0234,-0.0952,-0.1991,36.4984,-0.0405,-0.0466,-0.0416,0.026,0.1369,3779240.4,1.0935,0.0209,0.0102,-0.0004,0.0308,0.139,28.4346,30.7041,-0.0129,0.0052,-0.0444,-0.045,1.7782,1.3606,1,0.5596,1,2
2026-04-02,2354.08,2436.86,2343.92,2417.92,5378361,-0.0056,-0.0764,-0.1835,42.5132,-0.0356,-0.0438,2.4673,0.0265,0.1191,3879439.2,1.3864,0.0177,0.0216,0.0247,0.0384,0.7962,36.4984,28.4346,0.0209,-0.0129,-0.0405,-0.0444,1.0935,1.7782,1,0.5195,-1,-2
2026-04-06,2440.9,2448.8,2415.45,2440.8,2572417,0.0035,-0.0651,-0.1743,45.5436,-0.0309,-0.0409,1.3558,0.0262,0.1051,3835738.35,0.6706,0.0095,0.0406,0.0136,0.0137,0.7601,42.5132,36.4984,0.0177,0.0209,-0.0356,-0.0405,1.3864,1.0935,1,0.4638,-1,0
2026-04-07,2428.08,2509.87,2415.25,2505.82,4516550,0.0273,-0.0387,-0.1511,53.1085,-0.0243,-0.0367,7.8013,0.0268,0.096,3913534.05,1.1541,0.0266,0.0628,0.078,0.0378,0.9572,45.5436,42.5132,0.0095,0.0177,-0.0309,-0.0356,0.6706,1.3864,1,0.5019,-1,0
2026-04-08,2537.59,2545.78,2506.12,2524.96,4769337,0.0317,-0.0302,-0.1433,55.0864,-0.0188,-0.0329,7.0524,0.0261,0.0955,3952068.75,1.2068,0.0076,0.0849,0.0705,0.0157,0.475,53.1085,45.5436,0.0266,0.0095,-0.0243,-0.0309,1.1541,0.6706,1,0.4731,-1,0
2026-04-09,2519.83,2570.15,2497.24,2554.37,5628261,0.0393,-0.0182,-0.1322,58.0168,-0.0133,-0.0287,8.6083,0.0262,0.1039,4050810.4,1.3894,0.0116,0.0751,0.0861,0.0285,0.7836,55.0864,53.1085,0.0076,0.0266,-0.0188,-0.0243,1.2068,1.1541,0,0.5155,-1,0
2026-04-10,2531.48,2531.48,2467.64,2490.53,10480239,0.0121,-0.0411,-0.1526,50.339,-0.0113,-0.0258,5.2317,0.0267,0.1077,4358636.85,2.4045,-0.025,0.03,0.0523,0.0256,0.3586,58.0168,55.0864,0.0116,0.0076,-0.0133,-0.0188,1.3894,1.2068,0,0.5169,-1,0
2026-04-13,2456.59,2471.39,2436.96,2439.52,3739587,-0.0078,-0.0585,-0.1686,45.1927,-0.0112,-0.0233,4.0041,0.0263,0.1103,4409583.0,0.8481,-0.0205,-0.0005,0.04,0.0141,0.0744,50.339,58.0168,-0.025,0.0116,-0.0113,-0.0133,2.4045,1.3894,1,0.5231,1,2
2026-04-15,2468.43,2524.77,2460.04,2520.72,5261384,0.0227,-0.0261,-0.1397,53.3657,-0.0078,-0.0196,6.9085,0.0264,0.1143,4535048.45,1.1602,0.0333,0.0059,0.0691,0.0257,0.9374,45.1927,50.339,-0.0205,-0.025,-0.0112,-0.0113,0.8481,2.4045,1,0.5595,1,0
2026-04-16,2537.59,2559.3,2523.78,2542.43,3905403,0.0285,-0.0171,-0.1311,55.2856,-0.0047,-0.0165,9.2419,0.0256,0.1215,4606994.2,0.8477,0.0086,0.0069,0.0924,0.014,0.5251,53.3657,45.1927,0.0333,-0.0205,-0.0078,-0.0112,1.1602,0.8481,1,0.4753,-1,-2
2026-04-17,2535.62,2554.37,2521.71,2546.97,2718206,0.0273,-0.0147,-0.1284,55.6964,-0.0021,-0.0136,7.1966,0.0249,0.128,4552509.15,0.5971,0.0018,-0.0029,0.072,0.0128,0.7734,55.2856,53.3657,0.0086,0.0333,-0.0047,-0.0078,0.8477,1.1602,0,0.4676,-1,0
2026-04-20,2552.49,2559.3,2526.94,2545.09,2288558,0.024,-0.0148,-0.128,55.4692,-0.0001,-0.0109,5.2595,0.0244,0.1318,4517268.7,0.5066,-0.0007,0.0219,0.0526,0.0127,0.5609,55.6964,55.2856,0.0018,0.0086,-0.0021,-0.0047,0.5971,0.8477,1,0.4921,-1,0
2026-04-21,2525.75,2579.03,2525.75,2575.58,2719959,0.0327,-0.0029,-0.1165,58.4313,0.0024,-0.0081,5.522,0.0244,0.1382,4499147.25,0.6045,0.012,0.0558,0.0552,0.0207,0.9352,55.4692,55.6964,-0.0007,0.0018,-0.0001,-0.0021,0.5066,0.5971,0,0.5354,1,2
2026-04-22,2545.49,2545.49,2470.11,2504.54,5232045,0.0038,-0.0293,-0.1396,50.0736,0.0022,-0.0063,-0.0511,0.0266,0.1359,4622896.5,1.1318,-0.0276,-0.0064,-0.0005,0.0301,0.4568,58.4313,55.4692,0.012,-0.0007,0.0024,-0.0001,0.6045,0.5066,0,0.5289,1,0
2026-04-23,2495.17,2525.26,2482.64,2488.06,2509050,-0.0025,-0.0343,-0.1441,48.346,0.0014,-0.0048,-1.4614,0.0248,0.1323,4538033.0,0.5529,-0.0066,-0.0214,-0.0146,0.0171,0.1272,50.0736,58.4313,-0.0276,0.012,0.0022,0.0024,1.1318,0.6045,0,0.5332,1,0
2026-04-24,2454.72,2471.49,2356.84,2364.83,5107719,-0.0472,-0.0792,-0.185,37.8345,-0.0033,-0.0047,-7.4202,0.0273,0.1377,4600393.2,1.1103,-0.0495,-0.0715,-0.0742,0.0485,0.0697,48.346,50.0736,-0.0066,-0.0276,0.0014,0.0022,0.5529,1.1318,1,0.5609,1,0
2026-04-27,2364.83,2426.1,2364.83,2414.86,5853425,-0.0246,-0.0575,-0.1663,43.231,-0.0053,-0.0047,-3.0383,0.0275,0.1311,4722055.35,1.2396,0.0212,-0.0512,-0.0304,0.0254,0.8165,37.8345,48.346,-0.0495,-0.0066,-0.0033,0.0014,1.1103,0.5529,0,0.5631,1,0
2026-04-28,2411.31,2453.73,2394.93,2412.0,4508363,-0.0233,-0.0564,-0.1659,43.0012,-0.0069,-0.0052,-1.1281,0.0265,0.1247,4655284.6,0.9684,-0.0012,-0.0635,-0.0113,0.0244,0.2903,43.231,37.8345,0.0212,-0.0495,-0.0053,-0.0033,1.2396,1.1103,1,0.493,-1,-2
2026-04-29,2418.21,2454.62,2414.86,2441.59,2835961,-0.0103,-0.0432,-0.1544,46.1884,-0.007,-0.0055,-3.1392,0.0263,0.1163,4548112.1,0.6235,0.0123,-0.0251,-0.0314,0.0163,0.6723,43.0012,43.231,-0.0012,0.0212,-0.0069,-0.0053,0.9684,1.2396,0,0.513,-1,0
2026-04-30,2445.84,2457.68,2405.39,2440.8,3970446,-0.0096,-0.0418,-0.1533,46.1143,-0.0071,-0.0058,-3.9974,0.0257,0.1031,4406396.6,0.9011,-0.0003,-0.019,-0.04,0.0214,0.6772,46.1884,43.0012,0.0123,-0.0012,-0.007,-0.0069,0.6235,0.9684,0,0.4829,-1,0
2026-05-01,2440.8,2440.8,2440.8,2440.8,0,-0.0087,-0.0403,-0.1521,46.1143,-0.0071,-0.0061,-4.1685,0.0231,0.0967,4199763.55,0.0,0.0,0.0321,-0.0417,0.0,0.0,46.1143,46.1884,-0.0003,0.0123,-0.0071,-0.007,0.9011,0.6235,0,0.4827,-1,0
2026-05-04,2460.64,2464.88,2392.56,2398.77,2632358,-0.0234,-0.0547,-0.1653,41.9586,-0.0085,-0.0066,-5.7491,0.0241,0.1004,4062463.4,0.648,-0.0172,-0.0067,-0.0575,0.0301,0.0859,46.1143,46.1143,0.0,-0.0003,-0.0071,-0.0071,0.0,0.9011,0,0.53,1,2
2026-05-05,2397.49,2427.49,2379.93,2394.83,3385720,-0.0226,-0.0542,-0.1653,41.5804,-0.0096,-0.0072,-7.0178,0.023,0.1045,4103128.55,0.8252,-0.0016,-0.0071,-0.0702,0.0199,0.3133,41.9586,46.1143,-0.0172,0.0,-0.0085,-0.0071,0.648,0.0,1,0.5143,-1,-2
2026-05-06,2409.23,2437.94,2374.31,2402.82,3147628,-0.0176,-0.0491,-0.1611,42.7084,-0.01,-0.0078,-4.0614,0.0237,0.1071,4034682.45,0.7801,0.0033,-0.0159,-0.0406,0.0265,0.4481,41.5804,41.9586,-0.0016,-0.0172,-0.0096,-0.0085,0.8252,0.648,0,0.5299,1,2
2026-05-07,2405.58,2407.06,2365.92,2369.27,5829594,-0.0284,-0.0601,-0.1714,39.2788,-0.0116,-0.0086,-4.7744,0.0243,0.1131,4087695.3,1.4261,-0.014,-0.0293,-0.0477,0.0174,0.0814,42.7084,41.5804,0.0033,-0.0016,-0.01,-0.0096,0.7801,0.8252,0,0.4882,-1,-2
2026-05-08,2365.92,2374.8,2343.33,2362.37,3792199,-0.0283,-0.0605,-0.1724,38.5924,-0.0128,-0.0095,-0.104,0.0243,0.1137,3995892.2,0.949,-0.0029,-0.0321,-0.001,0.0133,0.605,39.2788,42.7084,-0.014,0.0033,-0.0116,-0.01,1.4261,0.7801,0,0.5046,-1,0
2026-05-11,2339.28,2382.69,2339.28,2360.89,1975188,-0.0263,-0.0588,-0.1715,38.4372,-0.0136,-0.0103,-2.2349,0.024,0.1182,3570639.65,0.5532,-0.0006,-0.0158,-0.0223,0.0184,0.4978,38.5924,39.2788,-0.0029,-0.014,-0.0128,-0.0116,0.949,1.4261,0,0.5218,1,2
2026-05-12,2343.23,2343.23,2252.46,2269.53,6347884,-0.0582,-0.0919,-0.2019,30.3308,-0.0179,-0.0122,-5.9067,0.0251,0.1417,3701054.5,1.7152,-0.0387,-0.0523,-0.0591,0.04,0.1881,38.4372,38.5924,-0.0006,-0.0029,-0.0136,-0.0128,0.5532,0.949,0,0.5568,1,0
2026-05-13,2275.15,2278.31,2238.65,2242.4,3171843,-0.0633,-0.0991,-0.2098,28.4144,-0.0218,-0.0142,-8.1582,0.0253,0.1593,3596577.45,0.8819,-0.012,-0.0668,-0.0816,0.0177,0.0946,30.3308,38.4372,-0.0387,-0.0006,-0.0179,-0.0136,1.7152,0.5532,0,0.5427,1,0
2026-05-14,2234.7,2234.7,2176.88,2215.95,5633313,-0.0677,-0.1059,-0.2174,26.6467,-0.0257,-0.0166,-9.2121,0.0235,0.174,3682972.95,1.5296,-0.0118,-0.0647,-0.0921,0.0261,0.6757,28.4144,30.3308,-0.012,-0.0387,-0.0218,-0.0179,0.8819,1.7152,1,0.5684,1,0
2026-05-15,2221.87,2274.07,2221.87,2233.71,3410637,-0.0548,-0.0952,-0.2095,29.8045,-0.0274,-0.0187,-8.4845,0.0232,0.1761,3717594.5,0.9174,0.008,-0.0545,-0.0848,0.0234,0.2268,26.6467,28.4144,-0.0118,-0.012,-0.0257,-0.0218,1.5296,0.8819,1,0.5467,1,0
2026-05-18,2233.71,2262.23,2222.07,2252.66,3773336,-0.0425,-0.0844,-0.2012,33.1132,-0.0277,-0.0204,-6.091,0.0224,0.1712,3791833.4,0.9951,0.0085,-0.0458,-0.0609,0.0178,0.7617,29.8045,26.6467,0.008,-0.0118,-0.0274,-0.0257,0.9174,1.5296,1,0.4952,-1,-2
2026-05-19,2269.23,2345.79,2266.37,2295.97,10394707,-0.0219,-0.0643,-0.1843,40.0663,-0.0258,-0.0211,-4.1281,0.0235,0.1502,4175570.8,2.4894,0.0192,0.0116,-0.0413,0.0346,0.3727,33.1132,29.8045,0.0085,0.008,-0.0277,-0.0274,0.9951,0.9174,1,0.5142,-1,0
2026-05-20,2292.81,2310.67,2286.79,2296.26,2537422,-0.0197,-0.0618,-0.1827,40.1112,-0.0243,-0.0218,-4.4348,0.0227,0.1409,4040839.65,0.6279,0.0001,0.024,-0.0443,0.0104,0.3966,40.0663,33.1132,0.0192,0.0085,-0.0258,-0.0277,2.4894,0.9951,0,0.446,-1,0
2026-05-21,2299.82,2304.65,2283.04,2296.07,3299087,-0.018,-0.0596,-0.1813,40.09,-0.0229,-0.022,-3.0896,0.0233,0.1315,4080341.5,0.8085,-0.0001,0.0362,-0.0309,0.0094,0.603,40.1112,40.0663,0.0001,0.0192,-0.0243,-0.0258,0.6279,2.4894,0,0.4844,-1,0
2026-05-22,2299.92,2308.7,2277.22,2286.3,2617262,-0.0201,-0.0613,-0.1833,38.9507,-0.022,-0.0221,-3.2201,0.0222,0.1338,3955818.65,0.6616,-0.0043,0.0235,-0.0322,0.0138,0.2884,40.09,40.1112,-0.0001,0.0001,-0.0229,-0.0243,0.8085,0.6279,1,0.4904,-1,0
2026-05-25,2325.0,2326.1,2293.0,2308.2,3298364,-0.0097,-0.0504,-0.174,42.8701,-0.02,-0.0215,-2.2318,0.0217,0.1296,3828065.6,0.8616,0.0096,0.0247,-0.0223,0.0143,0.4592,38.9507,40.09,-0.0043,-0.0001,-0.022,-0.0229,0.6616,0.8085,0,0.5058,-1,0
2026-05-26,2308.2,2327.9,2272.4,2276.2,3587597,-0.0212,-0.0612,-0.1839,38.9365,-0.0198,-0.0214,0.2939,0.0218,0.1294,3782027.3,0.9486,-0.0139,-0.0086,0.0029,0.0244,0.0685,42.8701,38.9507,0.0096,-0.0043,-0.02,-0.022,0.8616,0.6616,1,0.5075,-1,0
2026-05-27,2275.0,2295.6,2260.9,2284.2,2653950,-0.0161,-0.0557,-0.1796,40.4086,-0.0188,-0.0208,1.8641,0.0215,0.1214,3772926.75,0.7034,0.0035,-0.0053,0.0186,0.0152,0.6715,38.9365,42.8701,-0.0139,0.0096,-0.0198,-0.02,0.9486,0.8616,0,0.5096,-1,0
2026-05-28,2284.2,2284.2,2284.2,2284.2,0,-0.0146,-0.0537,-0.1781,40.4086,-0.0179,-0.0202,3.0799,0.0205,0.1116,3574404.45,0.0,0.0,-0.0052,0.0308,0.0,0.0,40.4086,38.9365,0.0035,-0.0139,-0.0188,-0.0198,0.7034,0.9486,0,0.4627,-1,0
2026-05-29,2291.0,2334.0,2235.0,2258.9,16331582,-0.0231,-0.0618,-0.1857,37.1259,-0.018,-0.02,1.1277,0.0225,0.1014,4390983.55,3.7193,-0.0111,-0.012,0.0113,0.0438,0.2414,40.4086,40.4086,0.0,0.0035,-0.0179,-0.0188,0.0,0.7034,1,0.5384,1,2
2026-06-01,2284.0,2335.0,2280.0,2297.4,7505095,-0.0059,-0.0441,-0.1704,44.5131,-0.0161,-0.0189,1.9861,0.0211,0.0919,4634620.4,1.6194,0.017,-0.0047,0.0199,0.0239,0.3164,37.1259,40.4086,-0.0111,0.0,-0.018,-0.0179,3.7193,0.0,1,0.5418,1,0
2026-06-02,2320.0,2457.4,2316.2,2446.9,11306127,0.0529,0.0174,-0.1154,62.7937,-0.0089,-0.016,6.5737,0.0233,0.096,5030640.75,2.2475,0.0651,0.075,0.0657,0.0577,0.9256,44.5131,37.1259,0.017,-0.0111,-0.0161,-0.018,1.6194,3.7193,0,0.5072,-1,-2
2026-06-03,2393.0,2393.0,2224.8,2241.7,15660062,-0.0321,-0.0654,-0.1881,42.2287,-0.0116,-0.0163,-2.376,0.0304,0.0983,5656262.45,2.7686,-0.0839,-0.0186,-0.0238,0.075,0.1005,62.7937,44.5131,0.0651,0.017,-0.0089,-0.0161,2.2475,1.6194,0,0.5091,-1,0
2026-06-04,2241.7,2253.1,2216.6,2241.0,4867263,-0.0294,-0.0633,-0.1868,42.178,-0.013,-0.0156,-2.3984,0.0298,0.0951,5608145.9,0.8679,-0.0003,-0.0189,-0.024,0.0163,0.6685,42.2287,62.7937,-0.0839,0.0651,-0.0116,-0.0089,2.7686,2.2475,0,0.5173,-1,0
2026-06-05,2262.9,2271.8,2192.0,2198.9,5019717,-0.0433,-0.078,-0.2005,39.1322,-0.0157,-0.0159,-3.8228,0.0316,0.0978,5669521.8,0.8854,-0.0188,-0.0266,-0.0382,0.0363,0.0865,42.178,42.2287,-0.0003,-0.0839,-0.013,-0.0116,0.8679,2.7686,0,0.5533,1,2
