Date,Open,High,Low,Close,Volume,EMA20,EMA50,EMA200,RSI,MACD,MACD_Signal,ROC,ATR,BB_Width,Vol_MA,Vol_Ratio,Return_1D,Return_5D,Return_10D,HL_Spread,Close_Position,RSI_Lag_1,RSI_Lag_2,Return_1D_Lag_1,Return_1D_Lag_2,MACD_Lag_1,MACD_Lag_2,Vol_Ratio_Lag_1,Vol_Ratio_Lag_2,Target
2024-09-10,114.8,119.0,113.39,115.5,51113502,0.0015,0.0711,0.192,77.3048,0.0207,0.0405,-9.4331,0.0669,0.3781,118316382.3,0.432,0.008,0.0177,-0.0943,0.0486,0.3761,77.0995,76.0012,0.0457,-0.0485,0.0231,0.0277,0.7414,0.3961,0
2024-09-11,115.49,116.5,109.86,113.02,44903854,-0.0181,0.0461,0.1644,75.3432,0.0173,0.0366,-10.0804,0.0644,0.3766,102309371.75,0.4389,-0.0215,0.02,-0.1008,0.0588,0.4759,77.3048,77.0995,0.008,0.0457,0.0207,0.0231,0.432,0.7414,0
2024-09-12,114.6,115.49,111.44,112.64,33770388,-0.0194,0.0409,0.1587,75.029,0.014,0.0322,-6.3518,0.0628,0.3746,95970901.75,0.3519,-0.0034,-0.0219,-0.0635,0.036,0.2963,75.3432,77.3048,-0.0215,0.008,0.0173,0.0207,0.4389,0.432,0
2024-09-13,112.7,114.25,111.0,111.58,18101301,-0.026,0.0298,0.1461,74.1008,0.0104,0.0281,-5.3846,0.0564,0.3766,79937809.8,0.2264,-0.0094,0.0183,-0.0538,0.0291,0.1785,75.029,75.3432,-0.0034,-0.0215,0.014,0.0173,0.3519,0.4389,0
2024-09-16,112.0,112.18,106.9,107.6,27173576,-0.0553,-0.0067,0.1041,70.5705,0.0048,0.0242,-6.3778,0.0583,0.3398,71678524.4,0.3791,-0.0357,-0.0609,-0.0638,0.0491,0.1326,74.1008,75.029,-0.0094,-0.0034,0.0104,0.014,0.2264,0.3519,1
2024-09-17,112.95,118.36,110.26,117.96,163398289,0.0322,0.0852,0.2078,74.0378,0.007,0.0191,3.9387,0.0571,0.2732,64391625.2,2.5376,0.0963,0.0213,0.0394,0.0687,0.9506,70.5705,74.1008,-0.0357,-0.0094,0.0048,0.0104,0.3791,0.2264,0
2024-09-18,118.0,123.9,116.1,116.95,118683852,0.0211,0.0727,0.1951,73.1331,0.0084,0.0171,5.5505,0.0579,0.226,64675047.95,1.8351,-0.0086,0.0348,0.0555,0.0667,0.109,74.0378,70.5705,0.0963,-0.0357,0.007,0.0048,2.5376,0.3791,0
2024-09-19,116.7,117.49,109.5,111.67,61441099,-0.0227,0.0233,0.1396,68.4263,0.006,0.0155,-3.0306,0.062,0.2095,62386383.05,0.9848,-0.0451,-0.0086,-0.0303,0.0716,0.2716,73.1331,74.0378,-0.0086,0.0963,0.0084,0.007,1.8351,2.5376,0
2024-09-20,113.0,113.95,110.4,110.99,26659658,-0.026,0.0164,0.1311,67.8209,0.0033,0.0132,1.296,0.0608,0.1975,60772277.35,0.4387,-0.0061,-0.0053,0.013,0.032,0.1662,68.4263,73.1331,-0.0451,-0.0086,0.006,0.0084,0.9848,1.8351,0
2024-09-23,112.0,112.4,107.5,108.15,30248266,-0.0463,-0.0092,0.1011,65.2253,-0.001,0.0106,-5.6118,0.0612,0.1934,54163721.55,0.5585,-0.0256,0.0051,-0.0561,0.0453,0.1327,67.8209,68.4263,-0.0061,-0.0451,0.0033,0.006,0.4387,0.9848,0
2024-09-24,108.15,109.9,103.42,104.05,52943938,-0.0752,-0.045,0.0587,61.5623,-0.0077,0.0073,-9.9134,0.0645,0.1861,53662219.35,0.9866,-0.0379,-0.1179,-0.0991,0.0623,0.0972,65.2253,67.8209,-0.0256,-0.0061,-0.001,0.0033,0.5585,0.4387,0
2024-09-25,105.37,107.5,101.4,103.02,54743574,-0.0769,-0.0525,0.0477,60.641,-0.0137,0.0031,-8.848,0.0633,0.1752,54596601.05,1.0027,-0.0099,-0.1191,-0.0885,0.0592,0.2656,61.5623,65.2253,-0.0379,-0.0256,-0.0077,-0.001,0.9866,0.5585,1
2024-09-26,105.79,106.34,102.3,103.49,31139206,-0.0663,-0.0463,0.052,60.9283,-0.0178,-0.0011,-8.1232,0.0615,0.1758,54541754.45,0.5709,0.0046,-0.0733,-0.0812,0.039,0.2946,60.641,61.5623,-0.0099,-0.0379,-0.0137,-0.0077,1.0027,0.9866,0
2024-09-27,104.6,104.87,101.0,102.18,36452821,-0.0712,-0.0563,0.0382,59.6218,-0.0222,-0.0053,-8.4244,0.0561,0.1864,54396218.05,0.6701,-0.0127,-0.0794,-0.0842,0.0379,0.3049,60.9283,60.641,0.0046,-0.0099,-0.0178,-0.0137,0.5709,1.0027,0
2024-09-30,101.71,102.38,97.84,99.62,51879596,-0.0862,-0.077,0.0121,57.0472,-0.0278,-0.0099,-7.4164,0.0568,0.2119,55385176.1,0.9367,-0.0251,-0.0789,-0.0742,0.0456,0.3921,59.6218,60.9283,-0.0127,0.0046,-0.0222,-0.0178,0.6701,0.5709,1
2024-10-01,100.0,103.49,99.15,102.62,61227119,-0.0534,-0.0474,0.0421,59.267,-0.0283,-0.0134,-13.0044,0.0536,0.2131,56740895.8,1.0791,0.0301,-0.0137,-0.13,0.0423,0.7995,57.0472,59.6218,-0.0251,-0.0127,-0.0278,-0.0222,0.9367,0.6701,0
2024-10-03,100.0,102.19,99.0,99.26,27994702,-0.077,-0.0757,0.0079,55.7895,-0.0326,-0.0176,-15.1261,0.0551,0.2385,56627731.2,0.4944,-0.0327,-0.0365,-0.1513,0.0321,0.0815,59.267,57.0472,0.0301,-0.0251,-0.0283,-0.0278,1.0791,0.9367,0
2024-10-04,100.0,100.0,95.39,99.05,43646598,-0.072,-0.0749,0.0058,55.57,-0.0351,-0.0211,-11.3012,0.0562,0.2474,54385124.05,0.8025,-0.0021,-0.0429,-0.113,0.0465,0.7939,55.7895,59.267,-0.0327,0.0301,-0.0326,-0.0283,0.4944,1.0791,0
2024-10-07,99.9,100.0,89.55,90.82,90107948,-0.1368,-0.1466,-0.0771,47.6576,-0.0472,-0.0278,-18.1728,0.0653,0.3187,55962500.6,1.6101,-0.0831,-0.1112,-0.1817,0.1151,0.1215,55.57,55.7895,-0.0021,-0.0327,-0.0351,-0.0326,0.8025,0.4944,1
2024-10-08,86.0,96.78,86.0,95.41,113352923,-0.0851,-0.0999,-0.0302,51.7812,-0.0472,-0.0306,-11.7799,0.0622,0.3135,56949110.5,1.9904,0.0505,-0.0423,-0.1178,0.113,0.8729,47.6576,55.57,-0.0831,-0.0021,-0.0472,-0.0351,1.6101,0.8025,1
2024-10-09,95.32,98.69,93.79,95.78,57074037,-0.0743,-0.0929,-0.0261,52.1088,-0.0479,-0.034,-7.9481,0.0598,0.3131,57247137.25,0.997,0.0039,-0.0667,-0.0795,0.0512,0.4061,51.7812,47.6576,0.0505,-0.0831,-0.0472,-0.0472,1.9904,1.6101,0
2024-10-10,94.0,95.17,90.0,90.79,49223674,-0.1122,-0.1354,-0.0762,47.4296,-0.0551,-0.0397,-11.8715,0.0613,0.3493,57463128.25,0.8566,-0.0521,-0.0853,-0.1187,0.0569,0.1528,52.1088,51.7812,0.0039,0.0505,-0.0479,-0.0472,0.997,1.9904,0
2024-10-11,91.0,92.25,89.66,90.2,34321755,-0.1079,-0.1363,-0.0814,46.8934,-0.059,-0.0438,-12.8418,0.061,0.3658,57490696.6,0.597,-0.0065,-0.0893,-0.1284,0.0287,0.2085,47.4296,52.1088,-0.0521,0.0039,-0.0551,-0.0479,0.8566,0.997,0
2024-10-14,90.0,90.5,87.15,87.46,36287243,-0.1238,-0.1572,-0.1084,44.384,-0.0655,-0.0492,-14.406,0.0616,0.3974,58399993.7,0.6214,-0.0304,-0.037,-0.1441,0.0383,0.0925,46.8934,47.4296,-0.0065,-0.0521,-0.059,-0.0551,0.597,0.8566,1
2024-10-15,88.79,91.87,88.65,89.51,56875452,-0.0943,-0.1327,-0.0867,46.6828,-0.065,-0.0515,-10.1486,0.0586,0.402,59885087.5,0.9497,0.0234,-0.0618,-0.1015,0.036,0.2671,44.384,46.8934,-0.0304,-0.0065,-0.0655,-0.059,0.6214,0.597,0
2024-10-16,90.0,90.39,88.62,89.17,20025845,-0.0893,-0.1314,-0.0893,46.3407,-0.0655,-0.0544,-13.1066,0.0553,0.3775,52716465.3,0.3799,-0.0038,-0.069,-0.1311,0.0198,0.3107,46.6828,44.384,0.0234,-0.0304,-0.065,-0.0655,0.9497,0.6214,0
2024-10-17,89.39,90.0,87.2,87.57,16578506,-0.0965,-0.142,-0.1047,44.6812,-0.0677,-0.0579,-11.7772,0.0553,0.3539,47611198.0,0.3482,-0.0179,-0.0355,-0.1178,0.032,0.1321,46.3407,46.6828,-0.0038,0.0234,-0.0655,-0.065,0.3799,0.9497,0
2024-10-18,85.75,88.0,85.02,86.95,25522239,-0.0941,-0.1431,-0.1101,44.0233,-0.0687,-0.0604,-12.2161,0.055,0.3415,45815255.0,0.5571,-0.0071,-0.036,-0.1222,0.0343,0.6477,44.6812,46.3407,-0.0179,-0.0038,-0.0677,-0.0655,0.3482,0.3799,0
2024-10-21,87.19,87.48,81.0,81.65,34971218,-0.137,-0.1891,-0.1629,38.7682,-0.078,-0.067,-10.0969,0.0602,0.3612,46230833.0,0.7564,-0.061,-0.0664,-0.101,0.0794,0.1003,44.0233,44.6812,-0.0071,-0.0179,-0.0687,-0.0677,0.5571,0.3482,0
2024-10-22,83.98,85.29,80.5,81.08,41665695,-0.1312,-0.1886,-0.1674,38.2396,-0.082,-0.0704,-15.0194,0.0611,0.3641,46801704.45,0.8903,-0.007,-0.0942,-0.1502,0.0591,0.1211,38.7682,44.0233,-0.061,-0.0071,-0.078,-0.0687,0.7564,0.5571,1
2024-10-23,81.2,83.0,79.15,81.76,33119468,-0.1135,-0.1759,-0.1591,39.303,-0.0824,-0.0724,-14.6377,0.0608,0.3651,45810480.95,0.723,0.0084,-0.0831,-0.1464,0.0471,0.6779,38.2396,38.7682,-0.007,-0.061,-0.082,-0.078,0.8903,0.7564,0
2024-10-24,81.81,82.1,79.77,80.0,17908438,-0.1214,-0.1875,-0.1757,37.5031,-0.0859,-0.0763,-11.8846,0.0601,0.3795,43968724.15,0.4073,-0.0215,-0.0864,-0.1188,0.0291,0.0987,39.303,38.2396,0.0084,-0.007,-0.0824,-0.082,0.723,0.8903,0
2024-10-25,80.05,80.49,76.73,77.29,22420692,-0.1388,-0.2083,-0.202,34.8562,-0.0921,-0.0816,-14.3126,0.056,0.3991,43532798.45,0.515,-0.0339,-0.1111,-0.1431,0.0486,0.1489,37.5031,39.303,-0.0215,0.0084,-0.0859,-0.0824,0.4073,0.723,1
2024-10-28,77.99,80.5,77.12,77.59,31800879,-0.1242,-0.1988,-0.1973,35.3997,-0.0928,-0.0836,-11.2852,0.0489,0.3967,43300201.35,0.7344,0.0039,-0.0497,-0.1129,0.0436,0.1391,34.8562,37.5031,-0.0339,-0.0215,-0.0921,-0.0859,0.515,0.4073,0
2024-10-29,77.7,78.5,74.84,76.32,29301711,-0.127,-0.2053,-0.2088,34.1025,-0.0955,-0.0871,-14.7358,0.0486,0.4085,42171307.1,0.6948,-0.0164,-0.0587,-0.1474,0.048,0.4044,35.3997,34.8562,0.0039,-0.0339,-0.0928,-0.0921,0.7344,0.515,1
2024-10-30,76.32,80.67,75.08,79.83,47417740,-0.0792,-0.1632,-0.171,40.5832,-0.0876,-0.0841,-10.4744,0.0463,0.3603,41480838.15,1.1431,0.046,-0.0236,-0.1047,0.07,0.8497,34.1025,35.3997,-0.0164,0.0039,-0.0955,-0.0928,0.6948,0.7344,1
2024-10-31,80.0,83.25,79.16,80.88,34098220,-0.0611,-0.1471,-0.1588,42.4079,-0.0816,-0.0827,-7.6396,0.047,0.3304,41786014.05,0.816,0.0132,0.011,-0.0764,0.0506,0.4205,40.5832,34.1025,0.046,-0.0164,-0.0876,-0.0955,1.1431,0.6948,1
2024-11-01,82.39,83.65,82.01,82.84,7901472,-0.0348,-0.1221,-0.1372,45.7565,-0.0731,-0.0793,-4.7269,0.0454,0.2874,39998757.75,0.1975,0.0242,0.0718,-0.0473,0.0198,0.5061,42.4079,40.5832,0.0132,0.046,-0.0816,-0.0876,0.816,1.1431,0
2024-11-04,84.45,84.8,79.61,80.84,30671468,-0.0529,-0.1385,-0.1567,43.0085,-0.0708,-0.0791,-0.992,0.0472,0.2904,37026933.75,0.8284,-0.0241,0.0419,-0.0099,0.0642,0.237,45.7565,42.4079,0.0242,0.0132,-0.0731,-0.0816,0.1975,0.816,0
2024-11-05,80.04,80.29,73.84,74.18,89679787,-0.1199,-0.2029,-0.2244,35.387,-0.0799,-0.085,-8.5101,0.0565,0.3094,35843276.95,2.502,-0.0824,-0.028,-0.0851,0.087,0.0527,43.0085,45.7565,-0.0241,0.0242,-0.0708,-0.0731,0.8284,0.1975,1
2024-11-06,75.41,75.43,73.5,74.4,51882572,-0.1074,-0.1942,-0.2204,35.7917,-0.0807,-0.0839,-9.002,0.0555,0.2861,35583703.7,1.458,0.003,-0.068,-0.09,0.0259,0.4663,35.387,43.0085,-0.0824,-0.0241,-0.0799,-0.0708,2.502,0.8284,1
2024-11-07,75.0,78.25,74.07,74.56,55664096,-0.0964,-0.1863,-0.217,36.1052,-0.0802,-0.083,-6.8,0.0565,0.2806,35905724.8,1.5503,0.0022,-0.0781,-0.068,0.0561,0.1172,35.7917,35.387,0.003,-0.0824,-0.0807,-0.0799,1.458,2.502,0
2024-11-08,74.92,74.99,72.6,72.72,30134626,-0.1086,-0.1999,-0.2345,34.0465,-0.0831,-0.0847,-5.9128,0.0539,0.2858,35696368.35,0.8442,-0.0247,-0.1222,-0.0591,0.0329,0.0502,36.1052,35.7917,0.0022,0.003,-0.0802,-0.0807,1.5503,1.458,1
2024-11-11,72.72,77.6,70.55,74.33,98999523,-0.0811,-0.1763,-0.2159,37.4095,-0.0793,-0.0822,-4.2016,0.0549,0.2768,38831982.35,2.5494,0.0221,-0.0805,-0.042,0.0948,0.5362,34.0465,36.1052,-0.0247,0.0022,-0.0831,-0.0802,0.8442,1.5503,0
2024-11-12,75.2,76.65,73.71,74.29,36932621,-0.0744,-0.171,-0.2146,37.3586,-0.0769,-0.0811,-2.6599,0.0541,0.2587,37834840.8,0.9762,-0.0005,0.0015,-0.0266,0.0396,0.1973,37.4095,34.0465,0.0221,-0.0247,-0.0793,-0.0831,2.5494,0.8442,0
2024-11-13,73.8,74.19,70.55,70.95,29804499,-0.1061,-0.2018,-0.2481,33.2811,-0.0813,-0.0842,-11.1236,0.0581,0.2582,38323773.5,0.7777,-0.045,-0.0464,-0.1112,0.0513,0.1099,37.3586,37.4095,-0.0005,0.0221,-0.0769,-0.0793,0.9762,2.5494,0
2024-11-14,71.04,71.88,69.54,70.12,34166367,-0.1067,-0.2045,-0.255,32.3366,-0.083,-0.0848,-13.3037,0.0573,0.2521,39203166.55,0.8715,-0.0117,-0.0595,-0.133,0.0334,0.2479,33.2811,37.3586,-0.045,-0.0005,-0.0813,-0.0769,0.7777,0.9762,0
2024-11-18,70.0,70.9,68.1,68.93,38573962,-0.1115,-0.2113,-0.2657,30.9791,-0.0854,-0.0861,-16.7914,0.0577,0.2468,39855752.7,0.9678,-0.017,-0.0521,-0.1679,0.0406,0.2964,32.3366,33.2811,-0.0117,-0.045,-0.083,-0.0813,0.8715,0.7777,1
2024-11-19,68.99,71.18,68.99,69.32,22429780,-0.0973,-0.2003,-0.2596,31.9868,-0.0842,-0.0853,-14.2504,0.0559,0.2535,39228680.8,0.5718,0.0057,-0.0674,-0.1425,0.0316,0.1507,30.9791,32.3366,-0.017,-0.0117,-0.0854,-0.083,0.9678,0.8715,0
2024-11-21,69.5,69.7,66.86,67.21,29121532,-0.1143,-0.2178,-0.2801,29.4791,-0.0878,-0.088,-9.3961,0.0547,0.2771,38601472.65,0.7544,-0.0304,-0.0953,-0.094,0.0423,0.1232,31.9868,30.9791,0.0057,-0.017,-0.0842,-0.0854,0.5718,0.9678,1
2024-11-22,67.21,69.74,66.66,69.14,28730513,-0.0811,-0.1891,-0.2575,34.5347,-0.0829,-0.085,-7.0699,0.0522,0.2664,38382024.9,0.7485,0.0287,-0.0255,-0.0707,0.0445,0.8052,29.4791,31.9868,-0.0304,0.0057,-0.0878,-0.0842,0.7544,0.5718,1
2024-11-25,70.55,72.3,69.3,69.58,21405109,-0.0685,-0.178,-0.2509,35.667,-0.079,-0.0834,-6.6792,0.0522,0.2629,38556858.45,0.5552,0.0064,-0.0077,-0.0668,0.0431,0.0933,34.5347,29.4791,0.0287,-0.0304,-0.0829,-0.0878,0.7485,0.7544,1
2024-11-26,69.58,74.8,69.58,73.42,57391461,-0.0155,-0.1281,-0.2079,44.6628,-0.0674,-0.0767,0.9626,0.0495,0.2463,40305396.9,1.4239,0.0552,0.0651,0.0096,0.0711,0.7356,35.667,34.5347,0.0064,0.0287,-0.079,-0.0829,0.5552,0.7485,1
2024-11-27,77.7,88.1,75.26,88.1,244701933,0.1613,0.0443,-0.049,64.8805,-0.0373,-0.0586,18.5255,0.0475,0.2481,50950449.6,4.8027,0.1999,0.2709,0.1853,0.1457,1.0,44.6628,35.667,0.0552,0.0064,-0.0674,-0.079,1.4239,0.5552,1
2024-11-28,90.65,94.5,88.77,92.99,186599196,0.1999,0.0979,0.0037,68.9501,-0.0168,-0.0477,25.1716,0.0484,0.2942,58815323.85,3.1726,0.0555,0.3836,0.2517,0.0616,0.7365,64.8805,44.6628,0.1999,0.0552,-0.0373,-0.0674,4.8027,1.4239,0
2024-11-29,92.15,92.49,86.7,87.41,76161884,0.1143,0.0307,-0.056,60.3555,-0.0072,-0.0421,23.1994,0.0533,0.3336,60252531.05,1.264,-0.06,0.2642,0.232,0.0662,0.1226,68.9501,64.8805,0.0555,0.1999,-0.0168,-0.0373,3.1726,4.8027,1
2024-12-02,84.11,94.47,81.2,93.29,168055394,0.1682,0.0957,0.0074,65.2684,0.0061,-0.0303,33.0434,0.0582,0.3522,66950389.75,2.5101,0.0673,0.3408,0.3304,0.1422,0.9111,60.3555,68.9501,-0.06,0.0555,-0.0072,-0.0168,1.264,3.1726,1
2024-12-03,94.09,101.78,92.51,98.54,236992751,0.2071,0.1503,0.0634,68.9664,0.0195,-0.0191,42.9566,0.0567,0.3859,78404953.7,3.0227,0.0563,0.3421,0.4296,0.0941,0.6505,65.2684,60.3555,0.0673,-0.06,0.0061,-0.0072,2.5101,1.264,0
2024-12-04,98.75,102.5,97.61,98.36,133838392,0.1818,0.1416,0.0609,68.6963,0.03,-0.0093,41.8927,0.0583,0.4312,83563299.9,1.6016,-0.0018,0.1165,0.4189,0.0497,0.1534,68.9664,65.2684,0.0563,0.0673,0.0195,0.0061,3.0227,2.5101,1
2024-12-05,98.73,100.2,95.48,98.52,76865512,0.1634,0.137,0.0619,68.8132,0.0379,0.0002,46.5853,0.0589,0.4665,82922586.15,0.927,0.0016,0.0595,0.4659,0.0479,0.6441,68.6963,68.9664,-0.0018,0.0563,0.03,0.0195,1.6016,3.0227,0
2024-12-06,96.9,98.3,95.25,95.91,48472086,0.1184,0.1023,0.0334,64.5766,0.0427,0.0087,38.7185,0.0612,0.5005,82752061.85,0.5858,-0.0265,0.0972,0.3872,0.0318,0.2164,68.8132,68.6963,0.0016,-0.0018,0.0379,0.03,0.927,1.6016,0
2024-12-09,96.4,97.0,91.5,92.25,40583292,0.0681,0.0577,-0.0059,59.0833,0.0438,0.016,32.5812,0.0657,0.529,81998021.65,0.4949,-0.0382,-0.0111,0.3258,0.0596,0.1364,64.5766,68.8132,-0.0265,0.0016,0.0427,0.0379,0.5858,0.927,1
2024-12-10,92.25,95.5,92.23,94.57,50853886,0.0851,0.0807,0.0189,61.329,0.0437,0.0212,28.8069,0.0648,0.5233,83033984.65,0.6124,0.0251,-0.0403,0.2881,0.0346,0.7156,59.0833,64.5766,-0.0382,-0.0265,0.0438,0.0427,0.4949,0.5858,1
2024-12-11,94.89,98.13,93.01,96.12,66954410,0.0922,0.0942,0.0352,62.798,0.0446,0.0256,9.1033,0.0655,0.5237,81431729.0,0.8222,0.0164,-0.0228,0.091,0.0533,0.6074,61.329,59.0833,0.0251,-0.0382,0.0437,0.0438,0.6124,0.4949,0
2024-12-12,96.12,96.6,93.75,93.99,24825087,0.0611,0.0671,0.0121,59.4555,0.0445,0.0299,1.0754,0.0668,0.5363,80826352.3,0.3071,-0.0222,-0.046,0.0108,0.0303,0.0842,62.798,61.329,0.0164,0.0251,0.0446,0.0437,0.8222,0.6124,0
2024-12-13,93.5,94.88,93.0,93.81,29241541,0.0532,0.0623,0.0101,59.1689,0.0431,0.0326,7.3218,0.066,0.5265,80798204.4,0.3619,-0.0019,-0.0219,0.0732,0.02,0.4309,59.4555,62.798,-0.0222,0.0164,0.0445,0.0446,0.3071,0.8222,1
2024-12-16,93.81,99.62,93.56,96.8,67357404,0.0778,0.092,0.0418,62.4104,0.0426,0.0338,3.7625,0.0645,0.4969,82457756.25,0.8169,0.0319,0.0493,0.0376,0.0626,0.5347,59.1689,59.4555,-0.0019,-0.0222,0.0431,0.0445,0.3619,0.3071,1
2024-12-17,97.3,100.4,96.91,97.43,47461145,0.0761,0.0949,0.0481,63.0756,0.0431,0.0355,-1.1264,0.056,0.4704,82902115.4,0.5725,0.0065,0.0302,-0.0113,0.0358,0.149,62.4104,59.1689,0.0319,-0.0019,0.0426,0.0431,0.8169,0.3619,0
2024-12-18,97.95,98.2,94.8,96.42,37709666,0.0584,0.08,0.0369,61.2057,0.0427,0.0372,-1.9723,0.0544,0.4425,83666109.7,0.4507,-0.0104,0.0031,-0.0197,0.0353,0.4765,63.0756,62.4104,0.0065,0.0319,0.0431,0.0426,0.5725,0.8169,0
2024-12-19,94.0,96.39,93.15,95.12,26289361,0.0398,0.0627,0.0227,58.7899,0.0411,0.0384,-3.4511,0.0528,0.3915,83524501.15,0.3148,-0.0135,0.012,-0.0345,0.0341,0.608,61.2057,63.0756,-0.0104,0.0065,0.0427,0.0431,0.4507,0.5725,0
2024-12-20,95.6,97.83,92.13,93.67,38323235,0.0216,0.0446,0.007,56.1287,0.0383,0.0389,-2.3355,0.0479,0.331,84004137.25,0.4562,-0.0152,-0.0015,-0.0234,0.0609,0.2702,58.7899,61.2057,-0.0135,-0.0104,0.0411,0.0427,0.3148,0.4507,0
2024-12-23,93.97,95.24,92.1,92.69,30468393,0.0099,0.0323,-0.0035,54.3385,0.0347,0.0383,0.477,0.0437,0.2421,84457301.45,0.3608,-0.0105,-0.0425,0.0048,0.0339,0.1879,56.1287,58.7899,-0.0152,-0.0135,0.0383,0.0411,0.4562,0.3148,1
2024-12-24,93.4,95.66,92.78,93.98,22492287,0.0216,0.0448,0.0103,56.3137,0.0318,0.0366,-0.6239,0.0416,0.1292,82712342.75,0.2719,0.0139,-0.0354,-0.0062,0.0306,0.4167,54.3385,56.1287,-0.0105,-0.0152,0.0347,0.0383,0.3608,0.4562,0
2024-12-26,97.0,99.95,93.1,93.55,69591245,0.0153,0.0384,0.0056,55.4526,0.0293,0.0353,-2.6737,0.0434,0.1133,73956808.35,0.941,-0.0046,-0.0298,-0.0267,0.0732,0.0657,56.3137,54.3385,0.0139,-0.0105,0.0318,0.0347,0.2719,0.3608,0
2024-12-27,93.85,94.25,88.51,89.93,37601364,-0.0218,-0.0017,-0.033,48.701,0.0248,0.0343,-4.3196,0.0471,0.1263,66506916.75,0.5654,-0.0387,-0.0546,-0.0432,0.0638,0.2474,55.4526,56.3137,-0.0046,0.0139,0.0293,0.0318,0.941,0.2719,0
2024-12-30,87.1,88.08,84.5,85.07,37606547,-0.068,-0.0536,-0.0845,41.4112,0.0166,0.0324,-9.3167,0.0498,0.1495,64579149.9,0.5823,-0.054,-0.0918,-0.0932,0.0421,0.1592,48.701,55.4526,-0.0387,-0.0046,0.0248,0.0293,0.5654,0.941,1
2024-12-31,85.19,87.64,84.87,85.73,29578957,-0.0553,-0.0445,-0.0767,42.6663,0.0095,0.0276,-11.436,0.049,0.1742,57655328.05,0.513,0.0078,-0.0751,-0.1144,0.0323,0.3105,41.4112,48.701,-0.054,-0.0387,0.0166,0.0248,0.5823,0.5654,1
2025-01-01,86.4,86.67,85.25,86.22,16274841,-0.0454,-0.0376,-0.0707,43.6318,0.0043,0.0228,-11.5057,0.0456,0.1844,46619432.55,0.3491,0.0057,-0.0826,-0.1151,0.0165,0.6831,42.6663,41.4112,0.0078,-0.054,0.0095,0.0166,0.513,0.5823,0
2025-01-02,86.24,88.59,83.58,84.71,37564777,-0.0565,-0.0524,-0.0862,41.3225,-0.0012,0.0183,-12.1448,0.0483,0.2011,41805751.8,0.8986,-0.0175,-0.0945,-0.1214,0.0591,0.2255,43.6318,42.6663,0.0057,0.0078,0.0043,0.0095,0.3491,0.513,0
2025-01-03,84.7,85.11,82.26,82.71,30982641,-0.0718,-0.0721,-0.1068,38.4218,-0.0076,0.0135,-13.0467,0.0503,0.2225,39511608.25,0.7841,-0.0236,-0.0803,-0.1305,0.0345,0.1579,41.3225,43.6318,-0.0175,0.0057,-0.0012,0.0043,0.8986,0.3491,0
2025-01-06,82.8,83.1,77.5,77.95,33396475,-0.1147,-0.1212,-0.1569,32.5632,-0.0181,0.0078,-16.7823,0.0529,0.2809,38757827.7,0.8617,-0.0576,-0.0837,-0.1678,0.0718,0.0804,38.4218,41.3225,-0.0236,-0.0175,-0.0076,-0.0012,0.7841,0.8986,1
2025-01-07,78.9,81.18,78.55,79.16,30769069,-0.0922,-0.1037,-0.1426,35.2654,-0.0242,0.0013,-14.597,0.0518,0.3073,38267116.55,0.8041,0.0155,-0.0766,-0.146,0.0332,0.2319,32.5632,38.4218,-0.0576,-0.0236,-0.0181,-0.0076,0.8617,0.7841,1
2025-01-08,77.0,80.15,75.16,79.51,61605465,-0.0805,-0.0962,-0.1376,36.0635,-0.0284,-0.0046,-15.3969,0.053,0.3255,38804695.5,1.5876,0.0044,-0.0778,-0.154,0.0628,0.8717,35.2654,32.5632,0.0155,-0.0576,-0.0242,-0.0181,0.8041,0.8617,0
2025-01-09,79.4,79.6,75.27,75.66,24971633,-0.1145,-0.1353,-0.1779,31.4679,-0.0371,-0.0113,-19.1235,0.0567,0.3701,36705556.65,0.6803,-0.0484,-0.1068,-0.1912,0.0572,0.0901,36.0635,35.2654,0.0044,0.0155,-0.0284,-0.0242,1.5876,0.8041,0
2025-01-10,75.5,76.5,72.7,73.39,38606186,-0.1293,-0.1559,-0.201,29.1123,-0.0462,-0.0186,-18.3921,0.0566,0.4178,37394611.6,1.0324,-0.03,-0.1127,-0.1839,0.0518,0.1816,31.4679,36.0635,-0.0484,0.0044,-0.0371,-0.0284,0.6803,1.5876,0
2025-01-13,71.0,72.83,70.0,70.18,32634298,-0.1539,-0.1866,-0.2341,26.1331,-0.0579,-0.0271,-17.5032,0.0594,0.4817,37564249.45,0.8688,-0.0437,-0.0997,-0.175,0.0403,0.0636,29.1123,31.4679,-0.03,-0.0484,-0.0462,-0.0371,1.0324,0.6803,1
2025-01-14,71.5,73.47,70.39,72.88,34095762,-0.1111,-0.1502,-0.203,32.3994,-0.0594,-0.0328,-14.9889,0.0575,0.4724,35901167.35,0.9497,0.0385,-0.0793,-0.1499,0.0423,0.8084,26.1331,29.1123,-0.0437,-0.03,-0.0579,-0.0462,0.8688,1.0324,1
2025-01-15,73.9,75.6,72.1,73.25,28969720,-0.0974,-0.1409,-0.1974,33.2352,-0.0609,-0.0383,-15.0429,0.054,0.4648,34976596.1,0.8283,0.0051,-0.0787,-0.1504,0.0478,0.3286,32.3994,26.1331,0.0385,-0.0437,-0.0594,-0.0579,0.9497,0.8688,1
2025-01-16,75.0,75.48,74.01,74.81,16453514,-0.0713,-0.1184,-0.1788,36.7843,-0.0586,-0.0417,-11.6869,0.0495,0.4401,33913788.5,0.4852,0.0213,-0.0112,-0.1169,0.0196,0.5442,33.2352,32.3994,0.0051,0.0385,-0.0609,-0.0594,0.8283,0.9497,0
2025-01-17,74.5,75.18,73.91,74.41,13403086,-0.0695,-0.1189,-0.1817,36.2521,-0.0579,-0.0451,-10.0351,0.0458,0.426,33269474.75,0.4029,-0.0053,0.0139,-0.1004,0.0171,0.3937,36.7843,33.2352,0.0213,0.0051,-0.0586,-0.0609,0.4852,0.8283,1
2025-01-20,75.0,77.0,74.33,76.33,15293544,-0.0413,-0.0927,-0.1593,40.6875,-0.053,-0.0458,-2.0783,0.0445,0.3938,32117990.2,0.4762,0.0258,0.0876,-0.0208,0.035,0.7491,36.2521,36.7843,-0.0053,0.0213,-0.0579,-0.0586,0.4029,0.4852,0
2025-01-21,77.14,78.78,76.01,76.24,27328395,-0.0386,-0.0904,-0.1589,40.5451,-0.0499,-0.0466,-3.6887,0.0458,0.3708,31960990.3,0.8551,-0.0012,0.0461,-0.0369,0.0363,0.083,40.6875,36.2521,0.0258,-0.0053,-0.053,-0.0579,0.4762,0.4029,0
2025-01-22,76.6,76.89,73.8,74.31,15524482,-0.0573,-0.1095,-0.1787,37.513,-0.0501,-0.0483,-6.5401,0.0452,0.3444,31612600.05,0.4911,-0.0253,0.0145,-0.0654,0.0416,0.165,40.5451,40.6875,-0.0012,0.0258,-0.0499,-0.053,0.8551,0.4762,0
2025-01-23,74.79,74.79,73.17,73.49,11531639,-0.0616,-0.1152,-0.1863,36.2718,-0.0501,-0.0491,-2.8681,0.0445,0.3029,28709619.75,0.4017,-0.011,-0.0176,-0.0287,0.022,0.1975,37.513,40.5451,-0.0253,-0.0012,-0.0501,-0.0499,0.4911,0.8551,0
2025-01-24,73.34,73.75,71.0,71.34,14299599,-0.0813,-0.1363,-0.2084,33.1728,-0.053,-0.051,-2.7933,0.043,0.283,27544531.5,0.5191,-0.0293,-0.0413,-0.0279,0.0385,0.1236,36.2718,37.513,-0.011,-0.0253,-0.0501,-0.0501,0.4017,0.4911,0
2025-01-27,70.1,70.44,67.5,68.08,22699796,-0.1128,-0.17,-0.2428,29.1113,-0.0598,-0.0547,-2.9923,0.0457,0.3004,26799193.95,0.847,-0.0457,-0.1081,-0.0299,0.0432,0.1973,33.1728,36.2718,-0.0293,-0.011,-0.053,-0.0501,0.5191,0.4017,0
2025-01-28,68.16,68.79,64.6,65.16,31301577,-0.1385,-0.1992,-0.2732,26.0364,-0.0689,-0.0595,-10.5928,0.0469,0.321,26885324.95,1.1643,-0.0429,-0.1453,-0.1059,0.0643,0.1337,29.1113,33.1728,-0.0457,-0.0293,-0.0598,-0.053,0.847,0.5191,1
2025-01-29,65.82,68.31,65.24,65.98,26430739,-0.1169,-0.183,-0.2622,28.3259,-0.0712,-0.0613,-9.9249,0.045,0.3029,27393119.85,0.9649,0.0126,-0.1121,-0.0992,0.0465,0.241,26.0364,29.1113,-0.0429,-0.0457,-0.0689,-0.0598,1.1643,0.847,1
2025-01-30,66.71,68.47,66.29,66.79,20575646,-0.097,-0.1674,-0.2512,30.6109,-0.071,-0.0626,-10.7205,0.043,0.2791,26543663.3,0.7752,0.0123,-0.0912,-0.1072,0.0326,0.2294,28.3259,26.0364,0.0126,-0.0429,-0.0712,-0.0689,0.9649,1.1643,1
2025-01-31,67.85,76.53,67.62,74.8,116622091,0.0102,-0.065,-0.1601,48.198,-0.0547,-0.0557,0.5241,0.0445,0.2221,30825635.8,3.7833,0.1199,0.0485,0.0052,0.1191,0.8058,30.6109,28.3259,0.0123,0.0126,-0.071,-0.0712,0.7752,0.9649,0
2025-02-01,75.99,80.8,73.66,74.33,85425148,0.0035,-0.0683,-0.164,47.4382,-0.048,-0.0544,-2.6202,0.0485,0.2158,33427069.45,2.5556,-0.0063,0.0918,-0.0262,0.0961,0.0938,48.198,30.6109,0.1199,0.0123,-0.0547,-0.071,3.7833,0.7752,0
2025-02-03,74.51,76.47,72.37,73.08,45904119,-0.0121,-0.081,-0.1766,45.389,-0.044,-0.0531,-4.1448,0.0499,0.2048,34183821.95,1.3429,-0.0168,0.1215,-0.0414,0.0561,0.1732,47.4382,48.198,-0.0063,0.1199,-0.048,-0.0547,2.5556,3.7833,1
2025-02-04,74.2,75.46,73.72,74.85,22868898,0.0107,-0.0565,-0.1553,48.7641,-0.0369,-0.0488,0.7267,0.0489,0.1831,32246993.6,0.7092,0.0242,0.1344,0.0073,0.0232,0.6494,45.389,47.4382,-0.0168,-0.0063,-0.044,-0.048,1.3429,2.5556,0
2025-02-05,76.98,77.0,73.51,74.6,23581873,0.0066,-0.0575,-0.1568,48.31,-0.0321,-0.0456,1.5104,0.0511,0.1814,32177505.6,0.7329,-0.0033,0.1169,0.0151,0.0468,0.3123,48.7641,45.389,0.0242,-0.0168,-0.0369,-0.044,0.7092,1.3429,0
2025-02-06,74.6,74.99,71.56,71.84,22284387,-0.0278,-0.089,-0.1865,43.494,-0.032,-0.0443,0.7009,0.0539,0.188,31361415.65,0.7106,-0.037,-0.0396,0.007,0.0477,0.0816,48.31,48.7641,-0.0033,0.0242,-0.0321,-0.0369,0.7329,0.7092,0
2025-02-07,72.11,72.3,68.3,69.97,36396886,-0.0483,-0.1088,-0.206,40.5448,-0.0336,-0.0431,2.7761,0.0566,0.1935,31549545.05,1.1536,-0.026,-0.0587,0.0278,0.0572,0.4175,43.494,48.31,-0.037,-0.0033,-0.032,-0.0321,0.7106,0.7329,0
2025-02-10,68.91,68.97,67.16,67.6,27920171,-0.0734,-0.1343,-0.2311,37.1104,-0.0377,-0.0432,3.7446,0.0583,0.2095,31240765.5,0.8937,-0.0339,-0.075,0.0374,0.0268,0.2431,40.5448,43.494,-0.026,-0.037,-0.0336,-0.032,1.1536,0.7106,0
2025-02-11,67.9,67.9,64.36,65.26,28376783,-0.0964,-0.1588,-0.2558,34.0441,-0.0439,-0.0446,-1.0912,0.0624,0.2353,31211118.65,0.9092,-0.0346,-0.1281,-0.0109,0.0542,0.2542,37.1104,40.5448,-0.0339,-0.026,-0.0377,-0.0336,0.8937,1.1536,0
2025-02-12,65.5,65.6,63.3,64.62,37541843,-0.0962,-0.1616,-0.2612,33.2352,-0.0484,-0.0457,-3.249,0.0626,0.2518,32265535.1,1.1635,-0.0098,-0.1338,-0.0325,0.0356,0.5739,34.0441,37.1104,-0.0346,-0.0339,-0.0439,-0.0377,0.9092,0.8937,0
2025-02-13,65.0,66.12,63.81,64.28,24482682,-0.0922,-0.1605,-0.2631,32.7895,-0.0518,-0.0471,-14.0642,0.0612,0.2655,32819514.9,0.746,-0.0053,-0.1052,-0.1406,0.0359,0.2035,33.2352,34.0441,-0.0098,-0.0346,-0.0484,-0.0439,1.1635,0.9092,0
2025-02-14,64.56,64.8,60.15,60.87,35125401,-0.1287,-0.1986,-0.3001,28.641,-0.0611,-0.052,-18.1084,0.0652,0.3005,33811107.75,1.0389,-0.053,-0.1301,-0.1811,0.0764,0.1548,32.7895,33.2352,-0.0053,-0.0098,-0.0518,-0.0484,0.746,1.1635,1
2025-02-17,60.95,62.11,59.29,61.29,36043235,-0.1124,-0.1869,-0.2932,29.8188,-0.0644,-0.0542,-16.133,0.0643,0.3066,34246849.75,1.0525,0.0069,-0.0933,-0.1613,0.046,0.7092,28.641,32.7895,-0.053,-0.0053,-0.0611,-0.0518,1.0389,0.746,0
2025-02-18,60.6,61.65,58.8,60.27,25503226,-0.1164,-0.1941,-0.3029,28.5848,-0.0691,-0.0579,-19.479,0.0658,0.3269,34745786.95,0.734,-0.0166,-0.0765,-0.1948,0.0473,0.5158,29.8188,28.641,0.0069,-0.053,-0.0644,-0.0611,1.0525,1.0389,1
2025-02-19,59.4,61.6,58.58,60.55,27181781,-0.1027,-0.1843,-0.2975,29.4479,-0.0704,-0.0602,-18.8338,0.0576,0.3352,35528294.05,0.7651,0.0046,-0.063,-0.1883,0.0499,0.6523,28.5848,29.8188,-0.0166,0.0069,-0.0691,-0.0644,0.734,1.0525,1
2025-02-20,60.24,62.7,59.81,61.71,26475985,-0.078,-0.1631,-0.282,33.0574,-0.0681,-0.0609,-14.1008,0.0516,0.3353,36137113.35,0.7327,0.0192,-0.04,-0.141,0.0468,0.6574,29.4479,28.5848,0.0046,-0.0166,-0.0704,-0.0691,0.7651,0.734,0
2025-02-21,61.7,63.1,60.56,60.9,19439120,-0.0823,-0.1684,-0.2894,31.8327,-0.0685,-0.0631,-12.9627,0.0505,0.3522,35974079.55,0.5404,-0.0131,0.0005,-0.1296,0.0417,0.1339,33.0574,29.4479,0.0192,0.0046,-0.0681,-0.0704,0.7327,0.7651,0
2025-02-24,60.0,60.38,58.89,59.72,18187988,-0.0914,-0.1786,-0.3011,30.0842,-0.0702,-0.0655,-11.6568,0.051,0.3744,35318400.1,0.515,-0.0194,-0.0256,-0.1166,0.0249,0.557,31.8327,33.0574,-0.0131,0.0192,-0.0685,-0.0681,0.5404,0.7327,0
2025-02-25,59.89,60.6,59.11,59.37,13934689,-0.0883,-0.1775,-0.303,29.5655,-0.0705,-0.0668,-9.0254,0.0489,0.3923,34693597.6,0.4017,-0.0059,-0.0149,-0.0903,0.0251,0.1745,30.0842,31.8327,-0.0194,-0.0131,-0.0702,-0.0685,0.515,0.5404,0
2025-02-27,59.98,59.98,56.37,56.92,19873548,-0.1153,-0.2049,-0.3296,26.1644,-0.0761,-0.071,-11.9158,0.0512,0.435,34658492.7,0.5734,-0.0413,-0.06,-0.1192,0.0634,0.1524,29.5655,30.0842,-0.0059,-0.0194,-0.0705,-0.0702,0.4017,0.515,0
2025-02-28,55.99,57.7,55.68,56.83,54341670,-0.1068,-0.1996,-0.3284,26.0459,-0.0775,-0.0724,-11.5899,0.0488,0.4311,31544471.65,1.7227,-0.0016,-0.0791,-0.1159,0.0355,0.5693,26.1644,29.5655,-0.0413,-0.0059,-0.0761,-0.0705,0.5734,0.4017,0
2025-03-03,58.0,58.07,53.71,55.12,28878455,-0.1225,-0.2169,-0.3464,23.8364,-0.0825,-0.0762,-9.4464,0.0524,0.4413,28717137.0,1.0056,-0.0301,-0.0949,-0.0945,0.0791,0.3234,26.0459,26.1644,-0.0016,-0.0413,-0.0775,-0.0761,1.7227,0.5734,1
2025-03-04,54.03,56.75,53.62,55.94,22919229,-0.1001,-0.1988,-0.3344,27.033,-0.0812,-0.0763,-8.729,0.0511,0.4246,27567892.5,0.8314,0.0149,-0.0633,-0.0873,0.056,0.7412,23.8364,26.0459,-0.0301,-0.0016,-0.0825,-0.0775,1.0056,1.7227,1
2025-03-05,55.5,57.38,55.41,56.94,21420293,-0.0766,-0.1785,-0.3204,30.8448,-0.0774,-0.0754,-5.5251,0.0498,0.3795,27495462.25,0.779,0.0179,-0.0409,-0.0553,0.0346,0.7766,27.033,23.8364,0.0149,-0.0301,-0.0812,-0.0825,0.8314,1.0056,0
2025-03-06,58.26,58.95,56.05,56.37,36043326,-0.0783,-0.1807,-0.325,29.8864,-0.0762,-0.0762,-6.9034,0.051,0.3333,28118534.9,1.2818,-0.01,-0.0097,-0.069,0.0514,0.1103,30.8448,27.033,0.0179,0.0149,-0.0774,-0.0812,0.779,0.8314,1
2025-03-07,56.37,57.64,55.84,56.53,22296149,-0.069,-0.1726,-0.3209,30.5388,-0.0733,-0.0754,-8.3941,0.0473,0.2903,28119123.0,0.7929,0.0028,-0.0053,-0.0839,0.0318,0.3833,29.8864,30.8448,-0.01,0.0179,-0.0762,-0.0774,1.2818,0.779,0
2025-03-10,56.36,56.73,53.25,53.85,25185976,-0.1035,-0.2052,-0.3508,26.1496,-0.0779,-0.0789,-11.5764,0.0505,0.2764,27558577.5,0.9139,-0.0474,-0.023,-0.1158,0.0646,0.1724,30.5388,29.8864,0.0028,-0.01,-0.0733,-0.0762,0.7929,1.2818,0
2025-03-11,53.0,53.12,50.67,50.91,34487730,-0.1399,-0.2412,-0.3839,22.3539,-0.0868,-0.0842,-14.7522,0.0539,0.2937,27886955.45,1.2367,-0.0546,-0.0899,-0.1475,0.0481,0.098,26.1496,30.5388,-0.0474,0.0028,-0.0779,-0.0733,0.9139,0.7929,1
2025-03-12,51.1,52.55,50.78,51.06,29802298,-0.1259,-0.2318,-0.3797,22.9683,-0.0888,-0.0849,-13.997,0.052,0.299,27958231.2,1.066,0.0029,-0.1033,-0.14,0.0347,0.1582,22.3539,26.1496,-0.0546,-0.0474,-0.0868,-0.0779,1.2367,0.9139,0
2025-03-13,51.5,51.78,50.3,50.51,23276276,-0.1241,-0.2328,-0.384,22.2724,-0.0914,-0.0869,-11.2614,0.0505,0.3066,27244952.85,0.8543,-0.0108,-0.104,-0.1126,0.0293,0.1419,22.9683,22.3539,0.0029,-0.0546,-0.0888,-0.0868,1.066,1.2367,0
2025-03-17,49.98,50.24,46.4,46.93,66011619,-0.1715,-0.2791,-0.4252,18.3709,-0.1047,-0.0958,-17.4204,0.0568,0.3581,29321399.7,2.2513,-0.0709,-0.1698,-0.1742,0.0818,0.138,22.2724,22.9683,-0.0108,0.0029,-0.0914,-0.0888,0.8543,1.066,0
2025-03-18,46.93,46.93,46.93,46.93,0,-0.1577,-0.2711,-0.4228,18.3709,-0.1085,-0.0983,-14.8585,0.0537,0.392,27565129.65,0.0,0.0,-0.1285,-0.1486,0.0,0.0,18.3709,22.2724,-0.0709,-0.0108,-0.1047,-0.0914,2.2513,0.8543,1
2025-03-19,52.97,55.8,52.91,53.85,125139405,-0.0304,-0.1582,-0.3354,41.3877,-0.0858,-0.0857,-3.7361,0.0566,0.3299,32019938.15,3.9082,0.1475,0.0577,-0.0374,0.0537,0.3253,18.3709,18.3709,0.0,-0.0709,-0.1085,-0.1047,0.0,2.2513,0
2025-03-20,54.11,54.43,51.4,51.71,55919357,-0.0628,-0.1856,-0.3595,37.8348,-0.0845,-0.0883,-9.1851,0.0582,0.3384,33540744.7,1.6672,-0.0397,0.0127,-0.0919,0.0586,0.1023,41.3877,18.3709,0.1475,0.0,-0.0858,-0.1085,3.9082,0.0,1
2025-03-21,51.71,56.87,51.27,56.07,189119171,0.0147,-0.1128,-0.3034,47.6879,-0.0673,-0.0786,-0.5322,0.0582,0.2992,41637614.2,4.542,0.0843,0.1101,-0.0053,0.0999,0.8571,37.8348,41.3877,-0.0397,0.1475,-0.0845,-0.0858,1.6672,3.9082,0
2025-03-24,57.56,58.43,54.86,55.73,65530181,0.0077,-0.1141,-0.3055,47.0615,-0.0591,-0.0751,-1.4152,0.0575,0.2789,43590324.0,1.5033,-0.0061,0.1875,-0.0142,0.0641,0.2437,47.6879,37.8348,0.0843,-0.0397,-0.0673,-0.0845,4.542,1.6672,0
2025-03-25,57.5,57.73,53.57,54.12,57326308,-0.0194,-0.135,-0.3234,44.1069,-0.0555,-0.073,0.5014,0.0606,0.2655,45484683.4,1.2603,-0.0289,0.1532,0.005,0.0769,0.1322,47.0615,47.6879,-0.0061,0.0843,-0.0591,-0.0673,1.5033,4.542,0
2025-03-26,54.0,54.98,51.35,51.74,49183198,-0.0569,-0.1673,-0.3508,40.0991,-0.0568,-0.0724,1.6303,0.0657,0.2623,47034443.9,1.0457,-0.044,-0.0392,0.0163,0.0702,0.1074,44.1069,47.0615,-0.0289,-0.0061,-0.0555,-0.0591,1.2603,1.5033,1
2025-03-27,51.83,55.6,51.58,55.1,83181034,0.0039,-0.1093,-0.3066,47.3699,-0.0468,-0.0638,7.9123,0.0631,0.229,50496761.15,1.6473,0.0649,0.0656,0.0791,0.073,0.8756,40.0991,44.1069,-0.044,-0.0289,-0.0568,-0.0555,1.0457,1.2603,0
2025-03-28,55.1,55.7,52.62,53.05,38033501,-0.0304,-0.1376,-0.3301,43.871,-0.0459,-0.0622,5.0287,0.0673,0.2308,51404758.8,0.7399,-0.0372,-0.0539,0.0503,0.0581,0.1396,47.3699,40.0991,0.0649,-0.044,-0.0468,-0.0568,1.6473,1.0457,0
2025-04-01,52.81,54.4,52.55,52.71,33287417,-0.0332,-0.1383,-0.3322,43.2998,-0.0441,-0.0589,12.3162,0.0655,0.2246,50352046.15,0.6611,-0.0064,-0.0542,0.1232,0.0351,0.0865,43.871,47.3699,-0.0372,0.0649,-0.0459,-0.0468,0.7399,1.6473,1
2025-04-02,52.75,54.22,51.83,54.07,33537616,-0.0075,-0.1121,-0.3128,46.3112,-0.0388,-0.0537,15.2141,0.0628,0.2171,50585004.2,0.663,0.0258,-0.0009,0.1521,0.0442,0.9372,43.2998,43.871,-0.0064,-0.0372,-0.0441,-0.0459,0.6611,0.7399,0
2025-04-03,53.0,54.48,53.0,54.04,22386332,-0.0073,-0.1086,-0.3111,46.2528,-0.0352,-0.05,0.3528,0.0625,0.2125,50558359.35,0.4428,-0.0006,0.0445,0.0035,0.0274,0.7027,46.3112,43.2998,0.0258,-0.0064,-0.0388,-0.0441,0.663,0.6611,0
2025-04-04,53.5,53.81,51.56,52.48,23203664,-0.0326,-0.1298,-0.3287,43.2041,-0.0353,-0.0482,1.4891,0.0657,0.2079,50647527.9,0.4581,-0.0289,-0.0475,0.0149,0.0429,0.4089,46.2528,46.3112,-0.0006,0.0258,-0.0352,-0.0388,0.4428,0.663,0
2025-04-07,45.35,51.75,45.35,50.77,37901908,-0.0584,-0.1529,-0.3483,40.0851,-0.0379,-0.0475,-9.4525,0.0722,0.2078,50740457.0,0.747,-0.0326,-0.043,-0.0945,0.1261,0.8469,43.2041,46.2528,-0.0289,-0.0006,-0.0353,-0.0352,0.4581,0.4428,1
2025-04-08,52.49,52.87,50.02,50.88,38477761,-0.0513,-0.146,-0.3447,40.3833,-0.0384,-0.0456,-8.7027,0.076,0.1961,51549537.6,0.7464,0.0022,-0.0347,-0.087,0.056,0.3018,40.0851,43.2041,-0.0326,-0.0289,-0.0379,-0.0353,0.747,0.4581,0
2025-04-09,51.21,51.3,49.79,50.11,18714150,-0.0597,-0.1536,-0.3523,38.9231,-0.0402,-0.0451,-7.4095,0.0667,0.2007,51225946.3,0.3653,-0.0151,-0.0732,-0.0741,0.0301,0.2119,40.3833,40.0851,0.0022,-0.0326,-0.0384,-0.0379,0.7464,0.747,1
2025-04-11,51.59,51.7,49.9,50.2,22512064,-0.0528,-0.147,-0.3489,39.1999,-0.0405,-0.0441,-2.9764,0.0648,0.2022,50627163.0,0.4447,0.0018,-0.0711,-0.0298,0.0359,0.1667,38.9231,40.3833,-0.0151,0.0022,-0.0402,-0.0384,0.3653,0.7464,1
2025-04-15,51.25,51.65,50.06,50.27,33940124,-0.0468,-0.1409,-0.3457,39.4297,-0.0401,-0.0432,-8.7659,0.059,0.2037,50834054.3,0.6677,0.0014,-0.0421,-0.0877,0.0316,0.1321,39.1999,38.9231,0.0018,-0.0151,-0.0405,-0.0402,0.4447,0.3653,0
2025-04-16,50.5,52.78,50.0,50.21,58074672,-0.0436,-0.1371,-0.3442,39.2926,-0.0396,-0.0425,-5.3534,0.058,0.2048,52573974.1,1.1046,-0.0012,-0.011,-0.0535,0.0554,0.0755,39.4297,39.1999,0.0014,0.0018,-0.0401,-0.0405,0.6677,0.4447,1
2025-04-17,50.35,50.7,50.1,50.22,20597955,-0.0394,-0.1323,-0.3418,39.3305,-0.0386,-0.0418,-4.724,0.0529,0.1847,50303290.9,0.4095,0.0002,-0.013,-0.0472,0.0119,0.2,39.2926,39.4297,-0.0012,0.0014,-0.0396,-0.0401,1.1046,0.6677,1
2025-04-21,50.57,53.57,50.45,52.88,67045731,0.0104,-0.0832,-0.3048,48.5281,-0.0316,-0.038,-2.2009,0.0499,0.1482,53655577.45,1.2496,0.053,0.0553,-0.022,0.059,0.7788,39.3305,39.2926,0.0002,-0.0012,-0.0386,-0.0396,0.4095,1.1046,1
2025-04-22,52.97,53.97,52.24,53.08,30693991,0.0128,-0.0769,-0.3001,49.1523,-0.0268,-0.0357,-1.7765,0.0466,0.1461,48933306.75,0.6273,0.0038,0.0574,-0.0178,0.0326,0.4855,48.5281,39.3305,0.053,0.0002,-0.0316,-0.0386,1.2496,0.4095,0
2025-04-23,53.46,53.59,50.86,52.55,58224552,0.0024,-0.083,-0.305,47.5082,-0.0239,-0.0336,0.1334,0.0466,0.147,49048566.5,1.1871,-0.01,0.0454,0.0013,0.052,0.619,49.1523,48.5281,0.0038,0.053,-0.0268,-0.0316,0.6273,1.2496,0
2025-04-24,52.55,54.44,52.3,52.41,42814417,-0.0002,-0.0824,-0.3047,47.0604,-0.0214,-0.0312,3.2303,0.0471,0.1328,41733328.8,1.0259,-0.0027,0.0438,0.0323,0.0408,0.0514,47.5082,49.1523,-0.01,0.0038,-0.0239,-0.0268,1.1871,0.6273,0
2025-04-25,52.5,52.69,49.56,49.86,50643672,-0.0444,-0.1226,-0.3363,39.717,-0.0242,-0.0311,-2.0047,0.0506,0.1306,40989003.35,1.2355,-0.0487,-0.0072,-0.02,0.0628,0.0958,47.0604,47.5082,-0.0027,-0.01,-0.0214,-0.0239,1.0259,1.1871,0
2025-04-28,49.7,50.35,48.41,49.55,30954602,-0.0458,-0.1237,-0.3382,38.9219,-0.0259,-0.0302,-1.1175,0.0515,0.1325,39670418.05,0.7803,-0.0062,-0.063,-0.0112,0.0392,0.5876,39.717,47.0604,-0.0487,-0.0027,-0.0242,-0.0214,1.2355,1.0259,1
2025-04-29,50.1,50.79,49.26,50.19,27306195,-0.0304,-0.1085,-0.3274,41.5247,-0.0255,-0.029,-0.0199,0.0495,0.1339,38576567.9,0.7078,0.0129,-0.0544,-0.0002,0.0305,0.6078,38.9219,39.717,-0.0062,-0.0487,-0.0259,-0.0242,0.7803,1.2355,0
2025-04-30,50.19,50.35,48.01,48.69,18937194,-0.054,-0.1305,-0.3453,37.4921,-0.0283,-0.0295,-3.143,0.044,0.1326,35364375.9,0.5355,-0.0299,-0.0735,-0.0314,0.0481,0.2906,41.5247,38.9219,0.0129,-0.0062,-0.0255,-0.0259,0.7078,0.7803,0
2025-05-02,48.69,49.32,48.11,48.28,13728717,-0.0564,-0.1331,-0.3485,36.4501,-0.0306,-0.0299,-3.8439,0.042,0.1416,34149136.7,0.402,-0.0084,-0.0788,-0.0384,0.0251,0.1405,37.4921,41.5247,-0.0299,0.0129,-0.0283,-0.0255,0.5355,0.7078,1
2025-05-05,48.89,49.4,48.15,49.24,14792028,-0.0342,-0.1119,-0.3333,40.6119,-0.0296,-0.0294,-1.9514,0.0408,0.1398,33224367.25,0.4452,0.0199,-0.0124,-0.0195,0.0254,0.872,36.4501,37.4921,-0.0084,-0.0299,-0.0306,-0.0283,0.402,0.5355,0
2025-05-06,49.24,49.84,47.9,48.04,14372971,-0.0525,-0.1289,-0.3473,37.3217,-0.0317,-0.0305,-9.1528,0.042,0.1401,32266135.0,0.4455,-0.0244,-0.0305,-0.0915,0.0404,0.0722,40.6119,36.4501,0.0199,-0.0084,-0.0296,-0.0306,0.4452,0.402,0
2025-05-07,47.0,48.25,46.4,47.99,22184842,-0.0486,-0.1254,-0.3457,37.1865,-0.0325,-0.0309,-9.5893,0.0424,0.1326,32256060.5,0.6878,-0.001,-0.0438,-0.0959,0.0385,0.8595,37.3217,40.6119,-0.0244,0.0199,-0.0317,-0.0296,0.4455,0.4452,0
2025-05-08,48.49,49.18,47.15,47.6,16350394,-0.0513,-0.128,-0.3488,36.0885,-0.0337,-0.0317,-9.4196,0.0417,0.1368,31913397.0,0.5123,-0.0081,-0.0224,-0.0942,0.0426,0.2217,37.1865,37.3217,-0.001,-0.0244,-0.0325,-0.0317,0.6878,0.4455,0
2025-05-09,46.0,46.95,45.89,46.67,15648882,-0.0636,-0.1401,-0.3592,33.5448,-0.0363,-0.0331,-10.9521,0.0442,0.1539,30800745.7,0.5081,-0.0195,-0.0333,-0.1095,0.0227,0.7358,36.0885,37.1865,-0.0081,-0.001,-0.0337,-0.0325,0.5123,0.6878,1
2025-05-12,49.0,49.9,48.5,49.65,18880419,-0.0034,-0.0821,-0.3161,46.5462,-0.0303,-0.031,-0.4212,0.0414,0.1436,29820878.6,0.6331,0.0639,0.0083,-0.0042,0.0282,0.8214,33.5448,36.0885,-0.0195,-0.0081,-0.0363,-0.0337,0.5081,0.5123,1
2025-05-13,49.65,50.7,48.98,50.09,19458226,0.0049,-0.0713,-0.3079,48.1589,-0.0261,-0.0298,1.0898,0.041,0.1424,29858082.4,0.6517,0.0089,0.0427,0.0109,0.0343,0.6453,46.5462,33.5448,0.0639,-0.0195,-0.0303,-0.0363,0.6331,0.5081,1
2025-05-14,50.2,51.97,49.86,51.63,29803887,0.0323,-0.0412,-0.2846,53.4523,-0.0196,-0.027,2.8691,0.0389,0.1413,30222673.55,0.9861,0.0307,0.0758,0.0287,0.0409,0.8389,48.1589,46.5462,0.0089,0.0639,-0.0261,-0.0303,0.6517,0.6331,1
2025-05-15,51.8,52.63,51.52,52.08,18980444,0.0372,-0.0316,-0.2763,54.9014,-0.0141,-0.0243,6.9624,0.0372,0.1448,29474689.55,0.644,0.0087,0.0941,0.0696,0.0213,0.5045,53.4523,48.1589,0.0307,0.0089,-0.0196,-0.0261,0.9861,0.6517,1
2025-05-16,52.3,53.67,51.66,52.12,25149456,0.0342,-0.0296,-0.2738,55.0354,-0.0097,-0.0213,7.9536,0.0356,0.149,27828428.75,0.9037,0.0008,0.1168,0.0795,0.0386,0.2289,54.9014,53.4523,0.0087,0.0307,-0.0141,-0.0196,0.644,0.9861,1
2025-05-19,52.21,54.1,52.12,52.56,27002212,0.0387,-0.0206,-0.2657,56.5642,-0.0055,-0.018,6.7425,0.0354,0.1534,28148641.6,0.9593,0.0084,0.0586,0.0674,0.0377,0.2222,55.0354,54.9014,0.0008,0.0087,-0.0097,-0.0141,0.9037,0.644,0
2025-05-20,52.88,53.02,51.0,51.12,16808887,0.0093,-0.0457,-0.2838,50.5112,-0.0044,-0.0157,6.4113,0.037,0.1511,25636799.4,0.6557,-0.0274,0.0206,0.0641,0.0395,0.0594,56.5642,55.0354,0.0084,0.0008,-0.0055,-0.0097,0.9593,0.9037,1
2025-05-21,51.5,51.75,50.75,51.38,12618919,0.013,-0.0393,-0.2781,51.5199,-0.003,-0.0131,7.064,0.035,0.1426,24733045.8,0.5102,0.0051,-0.0048,0.0706,0.0195,0.63,50.5112,56.5642,-0.0274,0.0084,-0.0044,-0.0055,0.6557,0.9593,1
2025-05-22,51.02,51.77,50.82,51.47,12458872,0.0134,-0.0362,-0.2749,51.8855,-0.0018,-0.0108,8.1303,0.0346,0.1375,22444761.8,0.5551,0.0018,-0.0117,0.0813,0.0185,0.6842,51.5199,50.5112,0.0051,-0.0274,-0.003,-0.0044,0.5102,0.6557,1
2025-05-23,51.56,55.28,51.01,52.91,68346435,0.0376,-0.0089,-0.2527,57.4187,0.0014,-0.0081,13.3705,0.0377,0.1367,23721362.7,2.8812,0.028,0.0152,0.1337,0.0807,0.445,51.8855,51.5199,0.0018,0.0051,-0.0018,-0.003,0.5551,0.5102,0
2025-05-26,52.9,53.61,52.3,52.52,17870531,0.027,-0.0155,-0.2563,55.5553,0.0033,-0.0059,5.7805,0.0371,0.1439,22082705.65,0.8093,-0.0074,-0.0008,0.0578,0.0249,0.1679,57.4187,51.8855,0.028,0.0018,0.0014,-0.0018,2.8812,0.5551,0
2025-05-27,52.55,53.19,52.16,52.5,17767525,0.024,-0.0153,-0.2547,55.4559,0.0047,-0.0038,4.8113,0.036,0.1486,21423351.8,0.8294,-0.0004,0.027,0.0481,0.0196,0.3301,55.5553,57.4187,-0.0074,0.028,0.0033,0.0014,0.8093,2.8812,1
2025-05-28,52.6,53.6,52.54,52.91,18660171,0.0289,-0.0073,-0.247,57.1484,0.0063,-0.0017,2.4792,0.0345,0.1537,20991050.6,0.889,0.0078,0.0298,0.0248,0.02,0.3491,55.4559,55.5553,-0.0004,-0.0074,0.0047,0.0033,0.8294,0.8093,1
2025-05-29,52.91,53.68,52.3,53.24,22068387,0.0318,-0.0011,-0.2404,58.5147,0.008,0.0002,2.2273,0.0338,0.1561,21147610.25,1.0435,0.0062,0.0344,0.0223,0.0259,0.6812,57.1484,55.4559,0.0078,-0.0004,0.0063,0.0047,0.889,0.8294,0
2025-05-30,48.24,51.25,48.06,50.96,70819438,-0.0112,-0.0422,-0.271,47.2945,0.0061,0.0014,-2.2256,0.0381,0.1568,24002146.3,2.9505,-0.0428,-0.0369,-0.0223,0.0626,0.9091,58.5147,57.1484,0.0062,0.0078,0.008,0.0063,1.0435,0.889,1
2025-06-02,50.5,54.4,49.7,53.68,86121862,0.0375,0.0086,-0.2303,57.7122,0.0081,0.0027,2.1309,0.0401,0.1533,27568638.0,3.1239,0.0534,0.0221,0.0213,0.0876,0.8468,47.2945,58.5147,-0.0428,0.0062,0.0061,0.008,2.9505,1.0435,0
2025-06-03,52.0,52.0,49.05,49.33,277613202,-0.0423,-0.0705,-0.2906,43.0552,0.0036,0.0031,-3.5016,0.0473,0.1602,40730649.55,6.8158,-0.081,-0.0604,-0.035,0.0598,0.0949,57.7122,47.2945,0.0534,-0.0428,0.0081,0.0061,3.1239,2.9505,1
2025-06-04,49.9,50.4,48.8,49.99,38446073,-0.0268,-0.0559,-0.2791,45.3241,0.0006,0.0025,-2.7053,0.0474,0.1485,41543711.1,0.9254,0.0134,-0.0552,-0.0271,0.032,0.7437,43.0552,57.7122,-0.081,0.0534,0.0036,0.0081,6.8158,3.1239,0
2025-06-05,50.45,50.45,48.81,49.04,33095958,-0.0412,-0.0712,-0.2907,42.6876,-0.0034,0.0014,-4.7212,0.0478,0.1413,42380989.3,0.7809,-0.019,-0.0789,-0.0472,0.0334,0.1402,45.3241,43.0552,0.0134,-0.081,0.0006,0.0036,0.9254,6.8158,0
2025-06-06,49.36,49.4,48.57,48.67,19206504,-0.044,-0.0753,-0.294,41.6709,-0.0071,-0.0003,-8.0136,0.0464,0.1227,42558870.4,0.4513,-0.0075,-0.0449,-0.0801,0.0171,0.1205,42.6876,45.3241,-0.019,0.0134,-0.0034,0.0006,0.7809,0.9254,1
2025-06-09,48.92,49.69,48.9,49.27,20627500,-0.0292,-0.0616,-0.2833,44.0001,-0.0088,-0.002,-6.1881,0.0444,0.1233,42646224.45,0.4837,0.0123,-0.0822,-0.0619,0.016,0.4684,41.6709,42.6876,-0.0075,-0.019,-0.0071,-0.0034,0.4513,0.7809,0
2025-06-10,49.67,50.07,48.95,49.01,17565491,-0.0312,-0.0641,-0.285,43.1952,-0.0106,-0.0037,-6.6476,0.0448,0.1293,42551587.7,0.4128,-0.0053,-0.0065,-0.0665,0.0229,0.0536,44.0001,41.6709,0.0123,-0.0075,-0.0088,-0.0071,0.4837,0.4513,0
2025-06-11,49.23,49.36,48.07,48.42,20521356,-0.0389,-0.0726,-0.2916,41.3467,-0.0129,-0.0056,-8.4861,0.0459,0.1412,42087461.15,0.4876,-0.012,-0.0314,-0.0849,0.0266,0.2713,43.1952,44.0001,-0.0053,0.0123,-0.0106,-0.0088,0.4128,0.4837,0
2025-06-12,48.45,48.78,47.1,47.26,23749430,-0.0564,-0.0915,-0.3064,37.9115,-0.0168,-0.0079,-11.2322,0.0431,0.1609,42325910.45,0.5611,-0.024,-0.0363,-0.1123,0.0355,0.0952,41.3467,43.1952,-0.012,-0.0053,-0.0129,-0.0106,0.4876,0.4128,0
2025-06-13,46.4,47.12,46.32,46.97,17125720,-0.0566,-0.0936,-0.3085,37.0821,-0.0201,-0.0104,-7.8297,0.0428,0.1764,41924723.65,0.4085,-0.0061,-0.0349,-0.0783,0.017,0.8125,37.9115,41.3467,-0.024,-0.012,-0.0168,-0.0129,0.5611,0.4876,0
2025-06-16,47.07,47.43,45.94,46.74,14963726,-0.0557,-0.0945,-0.3098,36.4018,-0.0228,-0.0129,-12.9285,0.0437,0.1879,41322799.35,0.3621,-0.0049,-0.0513,-0.1293,0.0319,0.5369,37.0821,37.9115,-0.0061,-0.024,-0.0201,-0.0168,0.4085,0.5611,0
2025-06-17,46.94,47.56,46.37,46.51,13433940,-0.0549,-0.0955,-0.311,35.6966,-0.0251,-0.0154,-5.7166,0.0441,0.202,41154052.0,0.3264,-0.0049,-0.051,-0.0572,0.0256,0.1176,36.4018,37.0821,-0.0049,-0.0061,-0.0228,-0.0201,0.3621,0.4085,0
2025-06-18,46.51,46.7,46.01,46.12,11816032,-0.0572,-0.0994,-0.3146,34.477,-0.0275,-0.0179,-7.7415,0.0434,0.2162,41113907.65,0.2874,-0.0084,-0.0475,-0.0774,0.015,0.1594,35.6966,36.4018,-0.0049,-0.0049,-0.0251,-0.0228,0.3264,0.3621,0
2025-06-19,46.15,46.58,45.05,45.47,21700056,-0.0642,-0.1082,-0.3221,32.4848,-0.0304,-0.0206,-7.2798,0.0383,0.2329,41575966.85,0.5219,-0.0141,-0.0379,-0.0728,0.0336,0.2745,34.477,35.6966,-0.0084,-0.0049,-0.0275,-0.0251,0.2874,0.3264,1
2025-06-20,45.7,46.3,45.52,46.08,15063115,-0.047,-0.0928,-0.3109,36.21,-0.0305,-0.0224,-5.3216,0.0317,0.2287,38911800.85,0.3871,0.0134,-0.0189,-0.0532,0.0169,0.7179,32.4848,34.477,-0.0141,-0.0084,-0.0304,-0.0275,0.5219,0.2874,0
2025-06-23,45.85,45.85,43.16,43.33,94729958,-0.0949,-0.142,-0.3497,28.5596,-0.0376,-0.0266,-12.056,0.0309,0.2609,42754772.2,2.2157,-0.0597,-0.073,-0.1206,0.0621,0.0632,36.21,32.4848,0.0134,-0.0141,-0.0305,-0.0304,0.3871,0.5219,1
2025-06-24,44.0,44.85,43.48,43.59,38878135,-0.0816,-0.1322,-0.3435,30.0641,-0.0405,-0.0292,-11.059,0.0306,0.2669,43810302.7,0.8874,0.006,-0.0628,-0.1106,0.0314,0.0803,28.5596,36.21,-0.0597,0.0134,-0.0376,-0.0305,2.2157,0.3871,0
2025-06-25,43.9,44.12,43.18,43.26,23956796,-0.0808,-0.1341,-0.3462,29.2229,-0.0434,-0.0322,-10.6568,0.0297,0.269,44075133.95,0.5435,-0.0076,-0.062,-0.1066,0.0217,0.0851,30.0641,28.5596,0.006,-0.0597,-0.0405,-0.0376,0.8874,2.2157,0
2025-06-26,43.54,43.6,43.01,43.16,16255204,-0.0756,-0.1314,-0.3455,28.9585,-0.0452,-0.0349,-8.6754,0.0294,0.2592,43784474.8,0.3713,-0.0023,-0.0508,-0.0868,0.0137,0.2542,29.2229,30.0641,-0.0076,0.006,-0.0434,-0.0405,0.5435,0.8874,0
2025-06-27,43.24,44.35,43.0,43.09,41007078,-0.0703,-0.1283,-0.3443,28.7623,-0.0462,-0.0372,-8.2606,0.03,0.2613,42293856.8,0.9696,-0.0016,-0.0649,-0.0826,0.0313,0.0667,28.9585,29.2229,-0.0023,-0.0076,-0.0452,-0.0434,0.3713,0.5435,1
2025-06-30,43.3,43.49,43.05,43.16,20475039,-0.0627,-0.1225,-0.341,29.2783,-0.0463,-0.039,-7.6594,0.0288,0.2271,39011515.65,0.5248,0.0016,-0.0039,-0.0766,0.0102,0.25,28.7623,28.9585,-0.0016,-0.0023,-0.0462,-0.0452,0.9696,0.3713,0
2025-07-01,43.43,44.1,41.82,42.02,39203765,-0.0798,-0.1408,-0.3561,25.9782,-0.0492,-0.0419,-9.6538,0.0313,0.2416,27091043.8,1.4471,-0.0264,-0.036,-0.0965,0.0543,0.0877,29.2783,28.7623,0.0016,-0.0016,-0.0463,-0.0462,0.5248,0.9696,0
2025-07-02,42.4,42.59,40.81,41.06,37896285,-0.0921,-0.1551,-0.3685,23.569,-0.053,-0.0449,-10.9714,0.0322,0.2527,27063554.4,1.4003,-0.0228,-0.0509,-0.1097,0.0434,0.1404,25.9782,29.2783,-0.0264,0.0016,-0.0492,-0.0463,1.4471,0.5248,0
2025-07-03,41.2,41.75,40.4,40.61,58659774,-0.0932,-0.1589,-0.373,22.515,-0.056,-0.0475,-10.6884,0.0332,0.2651,28341745.2,2.0697,-0.011,-0.0591,-0.1069,0.0332,0.1556,23.569,25.9782,-0.0228,-0.0264,-0.053,-0.0492,1.4003,1.4471,1
2025-07-04,40.66,42.59,40.46,41.73,85832688,-0.0621,-0.1311,-0.3535,30.8088,-0.0536,-0.0477,-9.4401,0.0334,0.2556,31673054.4,2.71,0.0276,-0.0316,-0.0944,0.051,0.5962,22.515,23.569,-0.011,-0.0228,-0.056,-0.053,2.0697,1.4003,0
2025-07-07,41.86,41.96,41.01,41.53,20948411,-0.0606,-0.1307,-0.3543,30.1875,-0.0528,-0.0489,-4.1542,0.0332,0.2455,31689099.95,0.6611,-0.0048,-0.0378,-0.0415,0.0229,0.5474,30.8088,22.515,0.0276,-0.011,-0.0536,-0.056,2.71,2.0697,0
2025-07-08,41.56,41.61,40.7,40.76,21384796,-0.0712,-0.1418,-0.3639,27.8579,-0.054,-0.0507,-6.4923,0.0342,0.2393,31880065.2,0.6708,-0.0185,-0.03,-0.0649,0.0223,0.0659,30.1875,30.8088,-0.0048,0.0276,-0.0528,-0.0536,0.6611,2.71,0
2025-07-09,41.01,41.26,40.12,40.38,24637547,-0.0728,-0.1448,-0.3675,26.7603,-0.0547,-0.0518,-6.6574,0.0338,0.2317,32085874.75,0.7679,-0.0093,-0.0166,-0.0666,0.0282,0.2281,27.8579,30.1875,-0.0185,-0.0048,-0.054,-0.0528,0.6708,0.6611,0
2025-07-10,40.51,40.63,39.82,39.95,25760623,-0.0754,-0.1488,-0.3719,25.5344,-0.0557,-0.0531,-7.4374,0.0342,0.2318,32186434.4,0.8004,-0.0106,-0.0163,-0.0744,0.0203,0.1605,26.7603,27.8579,-0.0093,-0.0185,-0.0547,-0.054,0.7679,0.6708,0
2025-07-11,40.0,40.34,39.62,39.8,28632041,-0.0719,-0.1469,-0.3719,25.1024,-0.0559,-0.0538,-7.6352,0.0303,0.2279,32761750.45,0.8739,-0.0038,-0.0462,-0.0764,0.0181,0.25,25.5344,26.7603,-0.0106,-0.0093,-0.0557,-0.0547,0.8004,0.7679,1
2025-07-14,39.92,47.76,39.6,47.07,597328587,0.0876,0.0086,-0.2553,60.2261,-0.0344,-0.0433,9.0593,0.0357,0.1953,61879993.5,9.653,0.1827,0.1334,0.0906,0.1734,0.9154,25.1024,25.5344,-0.0038,-0.0106,-0.0559,-0.0557,0.8739,0.8004,0
2025-07-15,48.4,48.9,43.6,44.1,418942820,0.0171,-0.053,-0.3002,49.9255,-0.0309,-0.0431,4.95,0.0452,0.1959,82155437.5,5.0994,-0.0631,0.0819,0.0495,0.1202,0.0943,60.2261,25.1024,0.1827,-0.0038,-0.0344,-0.0559,9.653,0.8739,0
2025-07-16,44.48,44.48,41.94,42.29,183429089,-0.0224,-0.0886,-0.3267,44.887,-0.0305,-0.0421,2.9956,0.0504,0.1907,90736090.35,2.0216,-0.041,0.0473,0.03,0.0601,0.1378,49.9255,60.2261,-0.0631,0.1827,-0.0309,-0.0344,5.0994,9.653,0
2025-07-17,42.39,43.85,41.42,42.16,168355786,-0.023,-0.0881,-0.3266,44.5393,-0.0292,-0.0396,3.8168,0.0524,0.1805,98068876.85,1.7167,-0.0031,0.0553,0.0382,0.0576,0.3045,44.887,49.9255,-0.041,-0.0631,-0.0305,-0.0309,2.0216,5.0994,0
2025-07-18,42.31,42.33,41.05,41.31,51256778,-0.0388,-0.1028,-0.3379,42.2358,-0.0299,-0.0383,-1.0065,0.055,0.166,99878560.0,0.5132,-0.0202,0.0379,-0.0101,0.031,0.2031,44.5393,44.887,-0.0031,-0.041,-0.0292,-0.0305,1.7167,2.0216,0
2025-07-21,41.31,41.59,40.57,40.74,44975465,-0.0473,-0.1111,-0.3448,40.7151,-0.0312,-0.0373,-1.9022,0.0535,0.1692,97390835.35,0.4618,-0.0138,-0.1345,-0.019,0.025,0.1667,42.2358,44.5393,-0.0202,-0.0031,-0.0299,-0.0292,0.5132,1.7167,0
2025-07-22,40.9,41.28,40.01,40.17,44095007,-0.0552,-0.1193,-0.3517,39.1953,-0.0331,-0.0369,-1.4475,0.0534,0.1729,97651678.95,0.4516,-0.014,-0.0891,-0.0145,0.0316,0.126,40.7151,42.2358,-0.0138,-0.0202,-0.0312,-0.0299,0.4618,0.5132,1
2025-07-23,40.35,43.95,39.9,43.05,255810439,0.0113,-0.0541,-0.3031,49.4604,-0.0263,-0.0328,6.6122,0.0543,0.1606,109244361.1,2.3416,0.0717,0.018,0.0661,0.0941,0.7778,39.1953,40.7151,-0.014,-0.0138,-0.0331,-0.0312,0.4516,0.4618,0
2025-07-24,42.95,44.35,42.34,42.6,136145860,0.0007,-0.0616,-0.3082,48.0941,-0.0235,-0.0312,6.6333,0.0546,0.1607,115238893.9,1.1814,-0.0105,0.0104,0.0663,0.0472,0.1294,49.4604,39.1953,0.0717,-0.014,-0.0263,-0.0331,2.3416,0.4516,0
2025-07-25,42.58,42.58,41.06,41.23,40112890,-0.0286,-0.0885,-0.3283,44.1002,-0.0241,-0.0306,3.593,0.0575,0.1642,115194184.5,0.3482,-0.0322,-0.0019,0.0359,0.0369,0.1118,48.0941,49.4604,-0.0105,0.0717,-0.0235,-0.0263,1.1814,2.3416,1
2025-07-28,41.13,43.35,40.72,41.29,147246534,-0.0246,-0.0841,-0.3251,44.3183,-0.0236,-0.0292,-12.2796,0.0604,0.1612,121532759.25,1.2116,0.0015,0.0135,-0.1228,0.0637,0.2167,44.1002,48.0941,-0.0322,-0.0105,-0.0241,-0.0235,0.3482,1.1814,1
2025-07-29,41.45,42.34,40.92,41.71,65134571,-0.0133,-0.072,-0.3161,45.9092,-0.0219,-0.0275,-5.4195,0.0602,0.1594,122829299.55,0.5303,0.0102,0.0383,-0.0542,0.034,0.5563,44.3183,44.1002,0.0015,-0.0322,-0.0236,-0.0241,1.2116,0.3482,1
2025-07-30,41.85,42.49,41.6,42.16,46737749,-0.0024,-0.0597,-0.3066,47.6354,-0.0194,-0.0256,-0.3074,0.0597,0.1574,123271372.75,0.3791,0.0108,-0.0207,-0.0031,0.0211,0.6292,45.9092,44.3183,0.0102,0.0015,-0.0219,-0.0236,0.5303,1.2116,0
2025-07-31,41.65,42.05,41.05,41.31,32583113,-0.0204,-0.0758,-0.3184,44.7315,-0.0195,-0.0248,-2.0161,0.0616,0.1589,121967539.7,0.2671,-0.0202,-0.0303,-0.0202,0.0242,0.26,47.6354,45.9092,0.0108,0.0102,-0.0194,-0.0219,0.3791,0.5303,0
2025-08-01,41.5,42.02,40.02,40.55,44533123,-0.0349,-0.0895,-0.3287,42.2514,-0.0208,-0.0244,-1.8397,0.0519,0.1641,119902561.45,0.3714,-0.0184,-0.0165,-0.0184,0.0493,0.265,44.7315,47.6354,-0.0202,0.0108,-0.0195,-0.0194,0.2671,0.3791,1
2025-08-04,40.64,41.93,40.37,40.85,43858151,-0.0252,-0.0798,-0.3215,43.5811,-0.0206,-0.0235,0.27,0.045,0.164,121048048.45,0.3623,0.0074,-0.0107,0.0027,0.0382,0.3077,42.2514,44.7315,-0.0184,-0.0202,-0.0208,-0.0195,0.3714,0.2671,1
2025-08-05,41.01,41.34,40.72,40.87,21136397,-0.0224,-0.0765,-0.319,43.6743,-0.0203,-0.0228,1.7426,0.0416,0.1636,121035628.5,0.1746,0.0005,-0.0201,0.0174,0.0152,0.2419,43.5811,42.2514,0.0074,-0.0184,-0.0206,-0.0208,0.3623,0.3714,0
2025-08-06,41.1,41.2,40.15,40.31,23073432,-0.0325,-0.0859,-0.3262,41.6037,-0.0212,-0.0228,-6.3647,0.0398,0.1662,120957422.75,0.1908,-0.0137,-0.0439,-0.0636,0.026,0.1524,43.6743,43.5811,0.0005,0.0074,-0.0203,-0.0206,0.1746,0.3623,0
2025-08-07,40.24,40.55,39.75,40.26,28360624,-0.0306,-0.0839,-0.3248,41.4149,-0.0215,-0.0225,-5.493,0.039,0.1648,121087422.8,0.2342,-0.0012,-0.0254,-0.0549,0.0199,0.6375,41.6037,43.6743,-0.0137,0.0005,-0.0212,-0.0203,0.1908,0.1746,0
2025-08-08,40.4,40.75,40.05,40.13,19716156,-0.0306,-0.0838,-0.3248,40.8953,-0.0219,-0.0225,-2.668,0.0385,0.1636,120641628.55,0.1634,-0.0032,-0.0104,-0.0267,0.0174,0.1143,41.4149,41.6037,-0.0012,-0.0137,-0.0215,-0.0212,0.2342,0.1908,0
2025-08-11,40.34,40.8,39.7,39.84,25534317,-0.0342,-0.0872,-0.3275,39.6987,-0.0226,-0.0226,-3.5117,0.0385,0.1111,92051915.05,0.2774,-0.0072,-0.0247,-0.0351,0.0276,0.1273,40.8953,41.4149,-0.0032,-0.0012,-0.0219,-0.0215,0.1634,0.2342,0
2025-08-12,40.0,40.5,39.7,39.82,19820124,-0.0315,-0.0845,-0.3256,39.6126,-0.0228,-0.0227,-4.5313,0.0327,0.0953,72095780.25,0.2749,-0.0005,-0.0257,-0.0453,0.0201,0.15,39.6987,40.8953,-0.0072,-0.0032,-0.0226,-0.0219,0.2774,0.1634,1
2025-08-13,40.01,42.2,39.91,40.5,106669144,-0.0135,-0.0663,-0.3119,44.0546,-0.021,-0.022,-3.9374,0.0328,0.0907,68257783.0,1.5627,0.0171,0.0047,-0.0394,0.0565,0.2576,39.6126,39.6987,-0.0005,-0.0072,-0.0228,-0.0226,0.2749,0.2774,1
2025-08-14,40.8,43.0,40.52,41.31,184219643,0.0056,-0.0459,-0.2961,48.8784,-0.0177,-0.0208,0.0,0.0338,0.0855,69050975.85,2.6679,0.02,0.0261,0.0,0.06,0.3185,44.0546,39.6126,0.0171,-0.0005,-0.021,-0.0228,1.5627,0.2749,0
2025-08-18,43.0,43.03,40.83,41.24,94667053,0.0035,-0.0457,-0.2952,48.4893,-0.0154,-0.0198,1.7016,0.0331,0.0855,71221489.6,1.3292,-0.0017,0.0277,0.017,0.0533,0.1864,48.8784,44.0546,0.02,0.0171,-0.0177,-0.021,2.6679,1.5627,1
2025-08-19,41.56,45.7,41.4,44.83,583185438,0.0815,0.0359,-0.232,64.2207,-0.0059,-0.0157,9.743,0.0353,0.1094,98131988.25,5.9429,0.0871,0.1253,0.0974,0.0959,0.7977,48.4893,48.8784,-0.0017,0.02,-0.0154,-0.0177,1.3292,2.6679,1
2025-08-20,45.4,53.79,45.4,53.21,34422997,0.2499,0.2185,-0.0877,79.7596,0.0131,-0.008,30.1933,0.0406,0.2203,97648387.75,0.3525,0.1869,0.3363,0.3019,0.1577,0.9309,64.2207,48.4893,0.0871,-0.0017,-0.0059,-0.0154,5.9429,1.3292,0
2025-08-21,53.98,54.6,48.5,48.81,564355661,0.1308,0.1126,-0.1618,64.0344,0.0223,-0.0025,21.0866,0.0516,0.2715,113075648.85,4.991,-0.0827,0.2052,0.2109,0.125,0.0508,79.7596,64.2207,0.1869,0.0871,0.0131,-0.0059,0.3525,5.9429,0
2025-08-22,49.0,49.75,46.86,47.19,268229688,0.0836,0.0725,-0.1881,59.3916,0.0266,0.0033,17.2131,0.0547,0.2967,119679840.25,2.2412,-0.0332,0.1423,0.1721,0.0612,0.1142,64.0344,79.7596,-0.0827,0.1869,0.0223,0.0131,4.991,0.3525,1
2025-08-25,47.49,49.4,46.65,48.57,262019954,0.1032,0.0994,-0.1629,61.9242,0.0305,0.0086,21.0316,0.0549,0.3088,130775193.45,2.0036,0.0292,0.1777,0.2103,0.0566,0.6982,59.3916,64.0344,-0.0332,-0.0827,0.0266,0.0223,2.2412,4.991,1
2025-08-26,48.54,51.8,47.81,50.82,471161271,0.1376,0.1436,-0.1231,65.6822,0.0359,0.0138,27.5602,0.0572,0.3259,146970930.3,3.2058,0.0463,0.1336,0.2756,0.0785,0.7544,61.9242,59.3916,0.0292,-0.0332,0.0305,0.0266,2.0036,2.2412,1
2025-08-28,51.15,56.22,51.15,54.84,779430294,0.2015,0.2228,-0.0532,71.1593,0.0436,0.0189,37.7197,0.0587,0.355,182685716.45,4.2665,0.0791,0.0306,0.3772,0.0925,0.7278,65.6822,61.9242,0.0463,0.0292,0.0359,0.0305,3.2058,2.0036,0
2025-08-29,55.31,57.5,53.71,54.05,496974947,0.1638,0.1956,-0.0662,68.8343,0.0507,0.0255,33.4568,0.0635,0.3959,205197576.35,2.4219,-0.0144,0.1074,0.3346,0.0701,0.0897,71.1593,65.6822,0.0791,0.0463,0.0436,0.0359,4.2665,3.2058,1
2025-09-01,55.2,63.79,54.5,62.48,6592810,0.3025,0.3617,0.0786,77.3417,0.0586,0.0294,51.2467,0.0652,0.4246,203898061.2,0.0323,0.156,0.324,0.5125,0.1487,0.859,68.8343,71.1593,-0.0144,0.0791,0.0507,0.0436,2.4219,4.2665,0
2025-09-02,64.01,65.45,61.63,61.96,763529974,0.2567,0.332,0.0688,75.9642,0.0694,0.0376,50.2425,0.0689,0.4818,239847903.75,3.1834,-0.0083,0.2757,0.5024,0.0617,0.0864,77.3417,68.8343,0.156,-0.0144,0.0586,0.0507,0.0323,2.4219,1
2025-09-03,62.44,70.25,61.15,68.99,1044506628,0.3481,0.4556,0.1879,80.9135,0.0769,0.0424,53.8925,0.0705,0.513,289880327.6,3.6032,0.1135,0.3575,0.5389,0.1319,0.8615,75.9642,77.3417,-0.0083,0.156,0.0694,0.0586,3.1834,0.0323,0
2025-09-04,69.49,71.25,63.71,64.5,747216125,0.2298,0.3419,0.1093,70.8753,0.0881,0.0539,21.2178,0.0811,0.5833,326184314.0,2.2908,-0.0651,0.1761,0.2122,0.1169,0.1048,80.9135,75.9642,0.1135,-0.0083,0.0769,0.0694,3.6032,3.1834,0
2025-09-05,64.1,64.72,59.32,59.92,475352510,0.1272,0.2346,0.0303,62.3748,0.0925,0.0649,22.7617,0.0908,0.6311,348798267.9,1.3628,-0.071,0.1086,0.2276,0.0901,0.1111,70.8753,80.9135,-0.0651,0.1135,0.0881,0.0769,2.2908,3.6032,1
2025-09-08,60.4,64.35,59.9,60.14,330266594,0.1174,0.2277,0.0337,62.6068,0.0896,0.0696,27.4423,0.0931,0.6254,363893566.4,0.9076,0.0037,-0.0375,0.2744,0.074,0.0539,62.3748,70.8753,-0.071,-0.0651,0.0925,0.0881,1.3628,2.2908,0
2025-09-09,60.85,62.0,57.13,59.83,30953030,0.0999,0.2108,0.0281,62.0265,0.0866,0.0733,23.183,0.0941,0.6162,364455410.1,0.0849,-0.0052,-0.0344,0.2318,0.0814,0.5544,62.6068,62.3748,0.0037,-0.071,0.0896,0.0925,0.9076,1.3628,0
2025-09-10,59.8,60.79,57.4,59.36,40060860,0.0819,0.1919,0.0198,61.1016,0.0829,0.0757,16.8044,0.0881,0.5979,365181737.25,0.1097,-0.0079,-0.1396,0.168,0.0571,0.5782,62.0265,62.6068,-0.0052,0.0037,0.0866,0.0896,0.0849,0.9076,0
2025-09-11,58.55,59.0,56.56,57.98,34606424,0.051,0.1567,-0.0039,58.3506,0.0786,0.0777,5.7257,0.0862,0.5763,365921052.25,0.0946,-0.0232,-0.1011,0.0573,0.0421,0.582,61.1016,62.0265,-0.0079,-0.0052,0.0829,0.0866,0.1097,0.0849,1
2025-09-12,58.0,59.34,56.16,58.9,37534241,0.0609,0.1671,0.0118,59.6548,0.0728,0.0758,8.9732,0.0852,0.5283,362464307.1,0.1036,0.0159,-0.017,0.0897,0.054,0.8616,58.3506,61.1016,-0.0232,-0.0079,0.0786,0.0829,0.0946,0.1097,1
2025-09-15,59.0,61.02,57.5,60.51,34709677,0.0806,0.1897,0.0391,61.9029,0.0687,0.0727,-3.153,0.0838,0.4739,354988808.8,0.0978,0.0273,0.0062,-0.0315,0.0582,0.8551,59.6548,58.3506,0.0159,-0.0232,0.0728,0.0786,0.1036,0.0946,0
2025-09-16,60.75,61.0,58.6,59.33,27820149,0.0536,0.1589,0.0186,59.295,0.066,0.0725,-4.2447,0.0836,0.4254,351646463.6,0.0791,-0.0195,-0.0084,-0.0424,0.0405,0.3042,61.9029,59.6548,0.0273,0.0159,0.0687,0.0728,0.0978,0.1036,0
2025-09-17,59.59,59.94,58.11,58.81,21307287,0.04,0.1421,0.0096,58.1327,0.0619,0.0709,-14.7558,0.08,0.3845,323552556.05,0.0659,-0.0088,-0.0093,-0.1476,0.0311,0.3825,59.295,61.9029,-0.0195,0.0273,0.066,0.0687,0.0791,0.0978,0
2025-09-18,58.81,58.81,57.0,57.71,21173083,0.0185,0.1155,-0.0092,55.6478,0.057,0.0692,-10.5271,0.079,0.3855,322890060.35,0.0656,-0.0187,-0.0047,-0.1053,0.0314,0.3923,58.1327,59.295,-0.0088,-0.0195,0.0619,0.066,0.0659,0.0791,0
2025-09-19,57.0,58.7,56.5,57.67,22137753,0.0161,0.1097,-0.0098,55.5548,0.0517,0.0658,-3.755,0.0697,0.3573,295779164.95,0.0748,-0.0007,-0.0209,-0.0376,0.0381,0.5318,55.6478,58.1327,-0.0187,-0.0088,0.057,0.0619,0.0656,0.0659,1
2025-09-22,57.84,58.29,56.7,58.01,16967487,0.0199,0.1112,-0.0039,56.2244,0.047,0.0617,-3.5417,0.0666,0.3074,283216054.9,0.0599,0.0059,-0.0413,-0.0354,0.0274,0.8239,55.5548,55.6478,-0.0007,-0.0187,0.0517,0.057,0.0748,0.0656,1
2025-09-23,58.1,59.2,57.55,58.24,16657850,0.0216,0.1106,0.0,56.6997,0.0433,0.0578,-2.6575,0.0572,0.259,270947949.7,0.0615,0.004,-0.0184,-0.0266,0.0283,0.4182,56.2244,55.5548,0.0059,-0.0007,0.047,0.0517,0.0599,0.0748,0
2025-09-24,58.45,58.6,56.53,56.89,13013302,-0.0018,0.0812,-0.0229,53.0583,0.039,0.0552,-4.1611,0.0517,0.2301,248040551.25,0.0525,-0.0232,-0.0326,-0.0416,0.0364,0.1739,56.6997,56.2244,0.004,0.0059,0.0433,0.047,0.0615,0.0599,0
2025-09-25,56.85,57.24,54.55,56.04,18048277,-0.0152,0.0623,-0.0372,50.8442,0.0337,0.0515,-3.346,0.049,0.2279,209971450.4,0.086,-0.0149,-0.0289,-0.0335,0.048,0.5539,53.0583,56.6997,-0.0232,0.004,0.039,0.0433,0.0525,0.0615,0
2025-09-26,55.35,55.4,53.56,54.92,19469851,-0.0317,0.0394,-0.0559,48.0018,0.0277,0.0476,-6.7572,0.0474,0.2271,186096195.6,0.1046,-0.02,-0.0477,-0.0676,0.0335,0.7391,50.8442,53.0583,-0.0149,-0.0232,0.0337,0.039,0.086,0.0525,0
2025-09-29,54.75,54.88,53.1,54.24,21340221,-0.0397,0.0255,-0.0669,46.3091,0.0214,0.0429,-10.3619,0.044,0.2404,186833566.15,0.1142,-0.0124,-0.065,-0.1036,0.0328,0.6404,48.0018,50.8442,-0.02,-0.0149,0.0277,0.0337,0.1046,0.086,1
2025-09-30,54.14,56.95,53.56,56.95,18935888,0.0075,0.0735,-0.0201,53.3669,0.019,0.0365,-4.0115,0.0419,0.2268,149603861.85,0.1266,0.05,-0.0221,-0.0401,0.0595,1.0,46.3091,48.0018,-0.0124,-0.02,0.0214,0.0277,0.1142,0.1046,0
2025-10-01,57.6,58.65,55.32,55.85,18327281,-0.0108,0.0506,-0.0387,50.467,0.0165,0.033,-5.0332,0.0434,0.1629,98294894.5,0.1865,-0.0193,-0.0183,-0.0503,0.0596,0.1592,53.3669,46.3091,0.05,-0.0124,0.019,0.0214,0.1266,0.1142,0
2025-10-03,55.14,55.55,53.5,53.99,17624383,-0.0397,0.015,-0.07,45.9229,0.0118,0.0297,-6.446,0.0438,0.1449,61815307.4,0.2851,-0.0333,-0.0366,-0.0645,0.038,0.239,50.467,53.3669,-0.0193,0.05,0.0165,0.019,0.1865,0.1266,0
2025-10-06,54.0,54.16,51.9,52.62,19925009,-0.0584,-0.0103,-0.0928,42.8616,0.0056,0.0255,-8.7567,0.0433,0.1671,39043932.35,0.5103,-0.0254,-0.0419,-0.0876,0.0429,0.3186,45.9229,50.467,-0.0333,-0.0193,0.0118,0.0165,0.2851,0.1865,0
2025-10-07,52.89,54.29,52.48,52.61,15016803,-0.0533,-0.0101,-0.0921,42.8392,0.0004,0.0205,-9.3087,0.0425,0.1782,23281442.8,0.645,-0.0002,-0.0301,-0.0931,0.0344,0.0718,42.8616,45.9229,-0.0254,-0.0333,0.0056,0.0118,0.5103,0.2851,0
2025-10-08,52.89,52.95,51.0,51.23,13839880,-0.0712,-0.0347,-0.1149,39.7456,-0.0058,0.0157,-12.0364,0.0438,0.2014,22425785.3,0.6171,-0.0262,-0.1004,-0.1204,0.0381,0.1179,42.8392,42.8616,-0.0002,-0.0254,0.0004,0.0056,0.645,0.5103,0
2025-10-09,51.15,51.65,49.41,50.2,18683965,-0.082,-0.0521,-0.1316,37.5652,-0.0126,0.0103,-11.7595,0.0453,0.2279,21356940.55,0.8748,-0.0201,-0.1012,-0.1176,0.0446,0.3527,39.7456,42.8392,-0.0262,-0.0002,-0.0058,0.0004,0.6171,0.645,0
2025-10-10,50.0,50.9,49.02,49.7,14678032,-0.0832,-0.0593,-0.139,36.5178,-0.0186,0.0046,-11.3133,0.0453,0.2545,20360520.95,0.7209,-0.01,-0.0795,-0.1131,0.0378,0.3617,37.5652,39.7456,-0.0201,-0.0262,-0.0126,-0.0058,0.8748,0.6171,1
2025-10-13,49.0,51.0,48.5,50.27,17433409,-0.0662,-0.0467,-0.128,38.6188,-0.0218,-0.0007,-8.4669,0.0461,0.2619,19355479.35,0.9007,0.0115,-0.0447,-0.0847,0.0497,0.708,36.5178,37.5652,-0.01,-0.0201,-0.0186,-0.0126,0.7209,0.8748,0
2025-10-14,50.5,50.6,48.6,50.24,15688586,-0.0608,-0.0455,-0.1274,38.5465,-0.0243,-0.0055,-7.3746,0.0466,0.2576,18404424.8,0.8524,-0.0006,-0.045,-0.0737,0.0398,0.82,38.6188,36.5178,0.0115,-0.01,-0.0218,-0.0186,0.9007,0.7209,1
2025-10-15,51.4,52.75,50.6,52.75,24207348,-0.0126,0.0021,-0.0831,47.4173,-0.021,-0.0084,-7.3749,0.045,0.2334,18223784.75,1.3283,0.05,0.0297,-0.0737,0.0408,1.0,38.5465,38.6188,-0.0006,0.0115,-0.0243,-0.0218,0.8524,0.9007,1
2025-10-16,53.59,55.38,53.0,55.38,25545832,0.0331,0.0499,-0.037,54.7826,-0.0143,-0.0092,-0.8415,0.0428,0.2104,18435712.0,1.3857,0.0499,0.1032,-0.0084,0.043,1.0,47.4173,38.5465,0.05,-0.0006,-0.021,-0.0243,1.3283,0.8524,1
2025-10-17,56.68,57.95,55.0,57.08,34605274,0.0582,0.0787,-0.0074,58.7999,-0.0071,-0.0086,5.7233,0.0421,0.2016,19107321.55,1.8111,0.0307,0.1485,0.0572,0.0517,0.7051,54.7826,47.4173,0.0499,0.05,-0.0143,-0.021,1.3857,1.3283,0
2025-10-20,57.5,57.8,54.22,54.94,15665320,0.0168,0.0367,-0.0442,52.4793,-0.0048,-0.0081,4.409,0.046,0.2016,18783699.9,0.834,-0.0375,0.0929,0.0441,0.0652,0.2011,58.7999,54.7826,0.0307,0.0499,-0.0071,-0.0143,1.8111,1.3857,0
2025-10-21,53.53,54.48,52.65,53.33,10703942,-0.0118,0.0061,-0.0715,48.2749,-0.0052,-0.0077,1.3686,0.0459,0.1962,18470522.65,0.5795,-0.0293,0.0615,0.0137,0.0343,0.3716,52.4793,58.7999,-0.0375,0.0307,-0.0048,-0.0071,0.834,1.8111,1
2025-10-23,52.7,54.37,52.21,53.69,12545048,-0.0046,0.0123,-0.0646,49.2539,-0.0049,-0.0071,4.8019,0.044,0.1792,18264882.55,0.6868,0.0068,0.0178,0.048,0.0402,0.6852,48.2749,52.4793,-0.0293,-0.0375,-0.0052,-0.0048,0.5795,0.834,0
2025-10-24,53.6,53.96,52.5,52.82,7261831,-0.0188,-0.0039,-0.079,46.9417,-0.0059,-0.007,5.2191,0.0436,0.1731,17977309.0,0.4039,-0.0162,-0.0462,0.0522,0.0276,0.2192,49.2539,48.2749,0.0068,-0.0293,-0.0049,-0.0052,0.6868,0.5795,0
2025-10-27,51.5,52.82,50.55,51.68,15658889,-0.0363,-0.0244,-0.098,44.0251,-0.0085,-0.0074,3.9839,0.0445,0.1727,17857839.6,0.8769,-0.0216,-0.0946,0.0398,0.0439,0.4978,46.9417,49.2539,-0.0162,0.0068,-0.0059,-0.0049,0.4039,0.6868,0
2025-10-28,51.2,53.0,51.2,51.65,11530346,-0.0335,-0.024,-0.0977,43.9478,-0.0104,-0.008,2.7452,0.0446,0.172,17460864.35,0.6604,-0.0006,-0.0599,0.0275,0.0348,0.25,44.0251,46.9417,-0.0216,-0.0162,-0.0085,-0.0059,0.8769,0.4039,0
2025-10-29,51.88,52.52,51.13,51.62,7153497,-0.0309,-0.0237,-0.0973,43.8647,-0.0118,-0.0088,2.7468,0.0438,0.1724,16751528.15,0.427,-0.0006,-0.0321,0.0275,0.0269,0.3525,43.9478,44.0251,-0.0006,-0.0216,-0.0104,-0.0085,0.6604,0.8769,0
2025-10-30,51.4,51.6,50.9,50.98,7519569,-0.039,-0.0344,-0.1075,42.0399,-0.0139,-0.0099,-3.3555,0.0422,0.1609,16180712.2,0.4647,-0.0124,-0.0505,-0.0336,0.0137,0.1143,43.8647,43.9478,-0.0006,-0.0006,-0.0118,-0.0104,0.427,0.6604,0
2025-10-31,50.99,51.23,50.0,50.14,6751082,-0.0499,-0.0484,-0.1212,39.7053,-0.0169,-0.0114,-9.4619,0.042,0.1576,15601902.25,0.4327,-0.0165,-0.0507,-0.0946,0.0245,0.1138,42.0399,43.8647,-0.0124,-0.0006,-0.0139,-0.0118,0.4647,0.427,1
2025-11-03,48.65,51.85,48.65,51.12,13095826,-0.0284,-0.0287,-0.1031,43.6379,-0.017,-0.0124,-10.4415,0.0422,0.1529,15375474.4,0.8517,0.0195,-0.0108,-0.1044,0.0626,0.7719,39.7053,42.0399,-0.0165,-0.0124,-0.0169,-0.0139,0.4327,0.4647,0
2025-11-04,51.27,51.27,49.87,50.06,5980546,-0.0441,-0.047,-0.1206,40.5566,-0.0192,-0.0139,-8.8824,0.0422,0.1605,14678251.25,0.4074,-0.0207,-0.0308,-0.0888,0.028,0.1357,43.6379,39.7053,0.0195,-0.0165,-0.017,-0.0169,0.8517,0.4327,0
2025-11-06,50.55,50.55,47.55,47.57,19149747,-0.0837,-0.0911,-0.163,34.4101,-0.0256,-0.0169,-10.8007,0.0452,0.1884,14884898.45,1.2865,-0.0497,-0.0785,-0.108,0.0631,0.0067,40.5566,43.6379,-0.0207,0.0195,-0.0192,-0.017,0.4074,0.8517,0
2025-11-07,47.39,47.39,45.5,46.55,14846356,-0.0944,-0.1067,-0.1795,32.2537,-0.032,-0.0202,-13.2986,0.0453,0.2175,14935222.25,0.994,-0.0214,-0.0869,-0.133,0.0406,0.5556,34.4101,40.5566,-0.0497,-0.0207,-0.0256,-0.0192,1.2865,0.4074,0
2025-11-10,45.42,46.45,44.22,44.31,21823357,-0.1265,-0.1446,-0.2172,28.0903,-0.042,-0.0254,-16.1113,0.0466,0.2708,15092191.85,1.446,-0.0481,-0.1163,-0.1611,0.0503,0.0404,32.2537,34.4101,-0.0214,-0.0497,-0.032,-0.0256,0.994,1.2865,0
2025-11-11,43.99,43.99,42.09,42.86,19638629,-0.1424,-0.167,-0.241,25.7713,-0.0525,-0.0315,-17.0666,0.0459,0.3298,15340221.7,1.2802,-0.0327,-0.1616,-0.1707,0.0443,0.4053,28.0903,32.2537,-0.0481,-0.0214,-0.042,-0.032,1.446,0.994,1
2025-11-12,43.02,44.4,41.8,43.19,20381818,-0.1245,-0.1553,-0.2334,27.2435,-0.0579,-0.0366,-16.3795,0.0461,0.3647,15487642.15,1.316,0.0077,-0.1372,-0.1638,0.0602,0.5346,25.7713,28.0903,-0.0327,-0.0481,-0.0525,-0.042,1.2802,1.446,0
2025-11-13,42.99,42.99,41.72,42.2,13404535,-0.1326,-0.1689,-0.2491,25.603,-0.0651,-0.0429,-18.2487,0.046,0.4136,15373439.6,0.8719,-0.0229,-0.1129,-0.1825,0.0301,0.378,27.2435,25.7713,0.0077,-0.0327,-0.0579,-0.0525,1.316,1.2802,1
2025-11-14,42.2,42.9,41.8,42.29,7007920,-0.1198,-0.1617,-0.2456,26.039,-0.0686,-0.048,-17.0459,0.0453,0.4406,14513468.2,0.4829,0.0021,-0.0915,-0.1705,0.026,0.4455,25.603,27.2435,-0.0229,0.0077,-0.0651,-0.0579,0.8719,1.316,0
2025-11-17,42.21,42.88,41.57,42.28,14745918,-0.1098,-0.1565,-0.2439,26.0208,-0.0708,-0.0526,-15.6761,0.0437,0.4478,13973472.5,1.0553,-0.0002,-0.0458,-0.1568,0.031,0.542,26.039,25.603,0.0021,-0.0229,-0.0686,-0.0651,0.4829,0.8719,0
2025-11-18,42.49,42.54,41.8,42.13,14288432,-0.1034,-0.1542,-0.2448,25.7295,-0.0722,-0.0566,-17.5861,0.042,0.434,12957630.4,1.1027,-0.0035,-0.017,-0.1759,0.0176,0.4459,26.0208,26.039,-0.0002,0.0021,-0.0708,-0.0686,1.0553,0.4829,0
2025-11-19,42.16,42.48,41.85,41.95,6017660,-0.098,-0.1526,-0.2461,25.3626,-0.0729,-0.0601,-16.2006,0.0409,0.4287,12475247.4,0.4824,-0.0043,-0.0287,-0.162,0.015,0.1587,25.7295,26.0208,-0.0035,-0.0002,-0.0722,-0.0708,1.1027,1.0553,0
2025-11-20,42.0,42.35,41.0,41.88,6880209,-0.0909,-0.1489,-0.2455,25.212,-0.0726,-0.0627,-11.9613,0.042,0.4259,12284060.75,0.5601,-0.0017,-0.0076,-0.1196,0.0322,0.6519,25.3626,25.7295,-0.0043,-0.0035,-0.0729,-0.0722,0.4824,1.1027,0
2025-11-21,41.85,43.04,41.5,41.86,9791966,-0.0833,-0.1443,-0.2441,25.1661,-0.0716,-0.0645,-10.0752,0.0426,0.4123,12146406.65,0.8062,-0.0005,-0.0102,-0.1008,0.0368,0.2338,25.212,25.3626,-0.0017,-0.0043,-0.0726,-0.0729,0.5601,0.4824,0
2025-11-24,41.86,42.55,40.5,40.81,13233749,-0.0972,-0.1603,-0.2611,22.8143,-0.0738,-0.0677,-7.8989,0.0417,0.4133,12445002.55,1.0634,-0.0251,-0.0348,-0.079,0.0502,0.1512,25.1661,25.212,-0.0005,-0.0017,-0.0716,-0.0726,0.8062,0.5601,0
2025-11-25,41.0,41.36,40.48,40.59,6658822,-0.0932,-0.1594,-0.2631,22.3431,-0.074,-0.0692,-5.2963,0.041,0.4079,11994999.2,0.5551,-0.0054,-0.0366,-0.053,0.0217,0.125,22.8143,25.1661,-0.0251,-0.0005,-0.0738,-0.0716,1.0634,0.8062,1
2025-11-26,40.9,41.75,40.0,40.76,13608648,-0.0816,-0.1506,-0.2581,23.6551,-0.0724,-0.0696,-5.6263,0.0386,0.3899,12098914.3,1.1248,0.0042,-0.0284,-0.0563,0.0429,0.4343,22.3431,22.8143,-0.0054,-0.0251,-0.074,-0.0738,0.5551,1.0634,1
2025-11-27,40.79,41.78,40.4,41.42,11020142,-0.0608,-0.1322,-0.2442,28.6921,-0.0682,-0.0685,-1.8483,0.0368,0.3564,12292246.55,0.8965,0.0162,-0.011,-0.0185,0.0333,0.7391,23.6551,22.3431,0.0042,-0.0054,-0.0724,-0.074,1.1248,0.5551,0
2025-11-28,41.75,41.95,40.87,41.21,7551338,-0.0597,-0.132,-0.2462,28.0578,-0.0657,-0.0682,-2.5538,0.0348,0.3287,12293835.0,0.6142,-0.0051,-0.0155,-0.0255,0.0262,0.3148,28.6921,23.6551,0.0162,0.0042,-0.0682,-0.0724,0.8965,1.1248,0
2025-12-01,41.0,41.95,40.5,40.59,13930311,-0.0673,-0.1401,-0.2557,26.2151,-0.065,-0.0684,-3.9972,0.034,0.3056,12652796.45,1.101,-0.015,-0.0054,-0.04,0.0357,0.0621,28.0578,28.6921,-0.0051,0.0162,-0.0657,-0.0682,0.6142,0.8965,0
2025-12-02,40.98,41.8,39.94,40.04,22236949,-0.0728,-0.1467,-0.2638,24.6675,-0.0648,-0.0684,-4.9608,0.0332,0.2568,13109852.6,1.6962,-0.0136,-0.0136,-0.0496,0.0465,0.0538,26.2151,28.0578,-0.015,-0.0051,-0.065,-0.0657,1.101,0.6142,0
2025-12-03,40.21,40.4,38.03,38.03,39683436,-0.1093,-0.1835,-0.2987,20.0166,-0.0708,-0.0718,-9.3445,0.0366,0.2246,14794997.1,2.6822,-0.0502,-0.067,-0.0934,0.0623,0.0,24.6675,26.2151,-0.0136,-0.015,-0.0648,-0.065,1.6962,1.101,0
2025-12-04,38.03,38.32,36.12,36.12,90074041,-0.1414,-0.2176,-0.3317,16.7792,-0.08,-0.0765,-13.7536,0.0407,0.2363,18341211.8,4.911,-0.0502,-0.128,-0.1375,0.0609,0.0,20.0166,24.6675,-0.0502,-0.0136,-0.0708,-0.0648,2.6822,1.6962,0
2025-12-05,36.0,36.36,34.8,35.5,50087867,-0.1434,-0.224,-0.3409,15.8812,-0.0863,-0.0795,-15.1935,0.0419,0.2481,20103287.35,2.4915,-0.0172,-0.1386,-0.1519,0.0439,0.4487,16.7792,20.0166,-0.0502,-0.0502,-0.08,-0.0708,4.911,2.6822,0
2025-12-08,36.0,36.44,33.6,34.11,76139514,-0.1628,-0.2469,-0.3644,14.0641,-0.096,-0.0854,-16.4175,0.048,0.2989,22819095.2,3.3367,-0.0392,-0.1596,-0.1642,0.0833,0.1796,15.8812,16.7792,-0.0172,-0.0502,-0.0863,-0.08,2.4915,4.911,1
2025-12-09,34.11,35.25,33.2,34.74,85504366,-0.1352,-0.2259,-0.3503,18.6097,-0.0965,-0.0864,-14.4124,0.0501,0.3209,26112382.05,3.2745,0.0185,-0.1324,-0.1441,0.059,0.7512,14.0641,15.8812,-0.0392,-0.0172,-0.096,-0.0863,3.3367,2.4915,0
2025-12-10,35.0,35.3,34.02,34.34,37605068,-0.1332,-0.2277,-0.3555,17.9601,-0.0992,-0.0897,-15.7507,0.0505,0.3454,26973544.55,1.3941,-0.0115,-0.097,-0.1575,0.0373,0.25,18.6097,14.0641,0.0185,-0.0392,-0.0965,-0.096,3.2745,3.3367,1
2025-12-11,34.06,37.7,33.82,36.66,98227500,-0.068,-0.1698,-0.3098,32.6449,-0.0879,-0.0848,-11.492,0.0519,0.3243,31214692.8,3.1468,0.0676,0.015,-0.1149,0.1058,0.732,17.9601,18.6097,-0.0115,0.0185,-0.0992,-0.0965,1.3941,3.2745,1
2025-12-12,36.8,37.48,36.03,36.69,50054733,-0.0612,-0.1636,-0.3072,32.8124,-0.0829,-0.0844,-10.9682,0.0507,0.3212,33367033.45,1.5001,0.0008,0.0335,-0.1097,0.0395,0.4552,32.6449,17.9601,0.0676,-0.0115,-0.0879,-0.0992,3.1468,1.3941,1
2025-12-15,36.46,37.9,36.1,37.38,37950094,-0.0396,-0.1429,-0.2921,36.7103,-0.0752,-0.0813,-7.9084,0.0515,0.307,34527242.25,1.0991,0.0188,0.0959,-0.0791,0.0482,0.7111,32.8124,32.6449,0.0008,0.0676,-0.0829,-0.0879,1.5001,3.1468,0
2025-12-16,37.0,37.1,34.16,34.48,71996447,-0.1044,-0.2028,-0.3447,29.0755,-0.082,-0.0869,-13.8861,0.0589,0.3384,37412643.0,1.9244,-0.0776,-0.0075,-0.1389,0.0853,0.1088,36.7103,32.8124,0.0188,0.0008,-0.0752,-0.0829,1.0991,1.5001,0
2025-12-17,34.65,36.17,32.67,32.9,149331706,-0.1334,-0.2322,-0.3724,25.9133,-0.0893,-0.0907,-13.4894,0.0663,0.3703,44578345.3,3.3499,-0.0458,-0.0419,-0.1349,0.1064,0.0657,29.0755,36.7103,-0.0776,0.0188,-0.082,-0.0752,1.9244,1.0991,0
2025-12-18,32.8,33.44,30.76,31.26,185451086,-0.1625,-0.2626,-0.4013,23.1046,-0.0998,-0.0964,-13.4551,0.0734,0.4163,53506889.15,3.4659,-0.0498,-0.1473,-0.1346,0.0857,0.1866,25.9133,29.0755,-0.0458,-0.0776,-0.0893,-0.082,3.3499,1.9244,1
2025-12-19,32.01,34.38,32.01,34.38,252313288,-0.072,-0.183,-0.3393,37.0778,-0.0866,-0.0874,-3.1549,0.0702,0.3666,65632955.25,3.8443,0.0998,-0.063,-0.0315,0.0689,1.0,23.1046,25.9133,-0.0498,-0.0458,-0.0998,-0.0893,3.4659,3.3499,1
2025-12-22,33.6,35.1,33.3,34.64,142323325,-0.0591,-0.171,-0.3321,38.0874,-0.0811,-0.0856,1.5538,0.0696,0.3545,72087434.05,1.9743,0.0076,-0.0733,0.0155,0.052,0.7444,37.0778,23.1046,0.0998,-0.0498,-0.0866,-0.0998,3.8443,3.4659,1
2025-12-23,34.64,36.1,34.17,34.75,71221442,-0.0511,-0.1629,-0.3277,38.5368,-0.076,-0.0835,0.0288,0.0685,0.3414,75315565.05,0.9456,0.0032,0.0078,0.0003,0.0555,0.3005,38.0874,37.0778,0.0076,0.0998,-0.0811,-0.0866,1.9743,3.8443,1
2025-12-24,34.98,35.9,34.75,35.35,45902099,-0.0315,-0.1434,-0.314,41.0501,-0.0687,-0.0794,2.9412,0.0652,0.3167,76930237.6,0.5967,0.0173,0.0745,0.0294,0.0325,0.5217,38.5368,38.0874,0.0032,0.0076,-0.076,-0.0811,0.9456,1.9743,1
2025-12-26,36.45,37.25,35.86,36.19,94118499,-0.0077,-0.1188,-0.2956,44.4733,-0.0599,-0.074,-1.2821,0.0643,0.2784,81085155.45,1.1607,0.0238,0.1577,-0.0128,0.0384,0.2374,41.0501,38.5368,0.0173,0.0032,-0.0687,-0.076,0.5967,0.9456,0
2025-12-29,36.37,36.43,34.85,35.43,37843314,-0.0259,-0.1327,-0.3082,42.0917,-0.0564,-0.0718,-3.4342,0.0632,0.248,82599754.25,0.4582,-0.021,0.0305,-0.0343,0.0446,0.3671,44.4733,41.0501,0.0238,0.0173,-0.0599,-0.0687,1.1607,0.5967,1
2025-12-30,35.6,36.8,35.33,36.58,48537522,0.0052,-0.1008,-0.2837,46.7395,-0.0479,-0.0652,-2.1402,0.0601,0.2062,84330114.8,0.5756,0.0325,0.056,-0.0214,0.0402,0.8503,42.0917,44.4733,-0.021,0.0238,-0.0564,-0.0599,0.4582,1.1607,0
2025-12-31,36.8,37.5,35.91,36.24,48241400,-0.0037,-0.1053,-0.2883,45.5748,-0.0432,-0.0613,5.1044,0.0612,0.1728,85630337.35,0.5634,-0.0093,0.0429,0.051,0.0439,0.2075,46.7395,42.0917,0.0325,-0.021,-0.0479,-0.0564,0.5756,0.4582,1
2026-01-01,36.3,38.16,36.04,37.52,85390233,0.0284,-0.0711,-0.2613,50.5686,-0.0347,-0.0543,14.0426,0.0558,0.1623,87915677.2,0.9713,0.0353,0.0614,0.1404,0.0565,0.6981,45.5748,46.7395,-0.0093,0.0325,-0.0432,-0.0479,0.5634,0.5756,1
2026-01-02,37.89,41.2,37.72,40.89,285226155,0.108,0.0119,-0.1934,60.7736,-0.0198,-0.0438,30.8061,0.0551,0.1928,97673282.9,2.9202,0.0898,0.1299,0.3081,0.0851,0.9109,50.5686,45.5748,0.0353,-0.0093,-0.0347,-0.0432,0.9713,0.5634,1
2026-01-05,41.25,44.29,39.73,43.93,320853935,0.1692,0.0834,-0.1322,67.3266,-0.0039,-0.0334,27.7778,0.0558,0.2483,111211586.3,2.8851,0.0743,0.2399,0.2778,0.1038,0.9211,60.7736,50.5686,0.0898,0.0353,-0.0198,-0.0347,2.9202,0.9713,0
2026-01-06,44.0,45.87,41.7,43.58,298921559,0.1425,0.0716,-0.138,65.9603,0.0069,-0.0256,25.8083,0.0578,0.2919,122350688.55,2.4432,-0.008,0.1914,0.2581,0.0957,0.4508,67.3266,60.7736,0.0743,0.0898,-0.0039,-0.0198,2.8851,2.9202,0
2026-01-07,43.48,44.05,41.81,42.31,129281578,0.0978,0.0388,-0.1617,61.1142,0.0134,-0.0184,21.7554,0.0574,0.3228,124539549.15,1.0381,-0.0291,0.1675,0.2176,0.0529,0.2232,65.9603,67.3266,-0.008,0.0743,0.0069,-0.0039,2.4432,2.8851,0
2026-01-08,42.18,42.24,40.12,40.46,85525996,0.0448,-0.0064,-0.1968,54.7984,0.0153,-0.0123,14.4554,0.0591,0.342,126935595.55,0.6738,-0.0437,0.0784,0.1446,0.0524,0.1604,61.1142,65.9603,-0.0291,-0.008,0.0134,0.0069,1.0381,2.4432,0
2026-01-09,40.27,41.02,39.18,39.5,88392580,0.0181,-0.0288,-0.2142,51.8064,0.0147,-0.0072,9.1462,0.0583,0.3543,126443849.55,0.6991,-0.0237,-0.034,0.0915,0.0466,0.1739,54.7984,61.1142,-0.0437,-0.0291,0.0153,0.0134,0.6738,1.0381,0
2026-01-12,39.32,40.55,37.9,39.37,99471724,0.0133,-0.0308,-0.215,51.3971,0.0135,-0.0031,11.1205,0.06,0.3585,128914699.1,0.7716,-0.0033,-0.1038,0.1112,0.0673,0.5547,51.8064,54.7984,-0.0237,-0.0437,0.0147,0.0153,0.6991,0.6738,0
2026-01-13,39.6,40.5,38.5,38.99,77147977,0.0032,-0.0386,-0.2209,50.1501,0.0117,-0.0001,6.5883,0.0607,0.3639,130874593.25,0.5895,-0.0097,-0.1053,0.0659,0.0513,0.245,51.3971,51.8064,-0.0033,-0.0237,0.0135,0.0147,0.7716,0.6991,0
2026-01-14,39.01,39.48,38.21,38.63,56674547,-0.0055,-0.0457,-0.2263,48.9386,0.0094,0.0018,6.5949,0.0615,0.361,130108498.25,0.4356,-0.0092,-0.087,0.0659,0.0329,0.3307,50.1501,51.3971,-0.0097,-0.0033,0.0117,0.0135,0.5895,0.7716,0
2026-01-15,38.63,38.63,38.63,38.63,0,-0.005,-0.044,-0.2246,48.9386,0.0074,0.0029,2.9584,0.058,0.3424,122641912.95,0.0,0.0,-0.0452,0.0296,0.0,0.0,48.9386,50.1501,-0.0092,-0.0097,0.0094,0.0117,0.4356,0.5895,0
2026-01-16,38.73,39.37,37.01,37.24,67283067,-0.037,-0.0756,-0.2506,44.1614,0.003,0.003,-8.9264,0.0616,0.3135,116733512.0,0.5764,-0.036,-0.0572,-0.0893,0.0634,0.0975,48.9386,48.9386,0.0,-0.0092,0.0074,0.0094,0.0,0.4356,0
2026-01-19,36.9,37.06,35.55,35.73,59661849,-0.0693,-0.1091,-0.279,39.6351,-0.0041,0.0017,-18.6661,0.0647,0.3179,107100940.05,0.5571,-0.0405,-0.0925,-0.1867,0.0423,0.1192,44.1614,48.9386,-0.036,0.0,0.003,0.0074,0.5764,0.0,0
2026-01-20,35.73,35.78,32.17,32.56,139090948,-0.1395,-0.1821,-0.3407,32.1786,-0.0184,-0.0022,-25.2868,0.0754,0.3702,106939321.2,1.3007,-0.0887,-0.1649,-0.2529,0.1109,0.108,39.6351,44.1614,-0.0405,-0.036,-0.0041,0.003,0.5571,0.5764,1
2026-01-21,32.5,34.15,32.22,32.89,147905041,-0.1198,-0.1682,-0.3318,33.5795,-0.028,-0.0073,-22.2642,0.0743,0.3832,110773501.15,1.3352,0.0101,-0.1486,-0.2226,0.0587,0.3472,32.1786,39.6351,-0.0887,-0.0405,-0.0184,-0.0041,1.3007,0.5571,1
2026-01-22,33.4,33.85,32.59,32.97,48994669,-0.1076,-0.1607,-0.328,33.9358,-0.0351,-0.0129,-18.5121,0.0688,0.4006,110928129.65,0.4417,0.0024,-0.1465,-0.1851,0.0382,0.3016,33.5795,32.1786,0.0101,-0.0887,-0.028,-0.0184,1.3352,1.3007,0
2026-01-23,33.29,33.3,31.72,31.95,40687720,-0.124,-0.1806,-0.3465,31.608,-0.0441,-0.0195,-19.1139,0.0644,0.4444,108256590.7,0.3758,-0.0309,-0.1421,-0.1911,0.0495,0.1456,33.9358,33.5795,0.0024,0.0101,-0.0351,-0.028,0.4417,1.3352,0
2026-01-27,32.1,32.25,30.76,31.54,65883189,-0.1239,-0.185,-0.3526,30.6965,-0.0515,-0.0261,-19.8882,0.0591,0.4798,109658584.45,0.6008,-0.0128,-0.1173,-0.1989,0.0472,0.5235,31.608,33.9358,-0.0309,0.0024,-0.0441,-0.0351,0.3758,0.4417,1
2026-01-28,32.0,32.53,31.66,32.08,54842509,-0.0996,-0.1655,-0.3393,33.4197,-0.054,-0.0313,-17.7225,0.0554,0.4956,109973833.8,0.4987,0.0171,-0.0147,-0.1772,0.0271,0.4828,30.6965,31.608,-0.0128,-0.0309,-0.0515,-0.0441,0.6008,0.3758,0
2026-01-29,32.14,32.17,31.31,31.85,39892951,-0.0969,-0.1659,-0.3417,32.828,-0.0569,-0.0366,-17.5511,0.0528,0.522,109556411.35,0.3641,-0.0072,-0.0316,-0.1755,0.027,0.6279,33.4197,30.6965,0.0171,-0.0128,-0.054,-0.0515,0.4987,0.6008,1
2026-01-30,31.65,32.85,31.4,32.33,63496645,-0.076,-0.1482,-0.3296,35.3986,-0.0563,-0.0401,-16.3086,0.0511,0.5309,108461731.95,0.5854,0.0151,-0.0194,-0.1631,0.0448,0.6414,32.828,33.4197,-0.0072,0.0171,-0.0569,-0.054,0.3641,0.4987,0
2026-02-02,31.6,31.99,30.46,31.82,40129664,-0.0826,-0.1563,-0.3379,33.9136,-0.0579,-0.0442,-14.5542,0.0502,0.5434,96206907.4,0.4171,-0.0158,-0.0041,-0.1455,0.0481,0.8889,35.3986,32.828,0.0151,-0.0072,-0.0563,-0.0569,0.5854,0.3641,0
2026-02-03,33.55,33.55,30.8,31.03,61221386,-0.0963,-0.1715,-0.3521,31.6955,-0.0614,-0.0485,-13.1542,0.0532,0.5285,83225279.95,0.7356,-0.0248,-0.0162,-0.1315,0.0886,0.0836,33.9136,35.3986,-0.0158,0.0151,-0.0579,-0.0563,0.4171,0.5854,1
2026-02-04,31.0,32.38,30.75,32.15,52258574,-0.058,-0.1368,-0.3265,37.897,-0.0572,-0.0489,-1.2592,0.0521,0.4646,70892130.7,0.7372,0.0361,0.0022,-0.0126,0.0507,0.8589,31.6955,33.9136,-0.0248,-0.0158,-0.0614,-0.0579,0.7356,0.4171,0
2026-02-05,32.3,32.3,31.28,31.45,32116189,-0.0716,-0.1504,-0.3389,35.7145,-0.0581,-0.0516,-4.3782,0.0556,0.4354,66033861.25,0.4864,-0.0218,-0.0126,-0.0438,0.0324,0.1667,37.897,31.6955,0.0361,-0.0248,-0.0572,-0.0614,0.7372,0.7356,1
2026-02-06,31.5,31.8,31.07,31.7,27253249,-0.0584,-0.1388,-0.3315,37.1076,-0.0559,-0.0522,-3.852,0.0515,0.4031,63120223.9,0.4318,0.0079,-0.0195,-0.0385,0.023,0.863,35.7145,37.897,-0.0218,0.0361,-0.0581,-0.0572,0.4864,0.7372,0
2026-02-09,31.8,31.94,31.3,31.54,34846463,-0.0575,-0.1383,-0.3326,36.5615,-0.0547,-0.0529,-1.2833,0.0494,0.3794,60442918.05,0.5765,-0.005,-0.0088,-0.0128,0.0203,0.375,37.1076,35.7145,0.0079,-0.0218,-0.0559,-0.0581,0.4318,0.4864,0
2026-02-10,31.68,32.55,31.0,31.18,57753079,-0.0622,-0.1431,-0.338,35.3027,-0.0544,-0.0537,-1.1414,0.0452,0.3518,58356985.8,0.9897,-0.0114,0.0048,-0.0114,0.0497,0.1161,36.5615,37.1076,-0.005,0.0079,-0.0547,-0.0559,0.5765,0.4318,1
2026-02-11,31.45,31.72,31.09,31.42,26929663,-0.05,-0.1319,-0.3307,36.8634,-0.052,-0.053,-2.0574,0.0419,0.3103,55846070.1,0.4822,0.0077,-0.0227,-0.0206,0.0201,0.5238,35.3027,36.5615,-0.0114,-0.005,-0.0544,-0.0547,0.9897,0.5765,0
2026-02-12,31.51,31.54,30.77,30.97,21471428,-0.0579,-0.1395,-0.338,35.1512,-0.0518,-0.0534,-2.763,0.0414,0.2698,54085914.15,0.397,-0.0143,-0.0153,-0.0276,0.0249,0.2597,36.8634,35.3027,0.0077,-0.0114,-0.052,-0.0544,0.4822,0.9897,0
2026-02-13,30.9,31.43,30.41,30.89,32322179,-0.0549,-0.1369,-0.3375,34.8413,-0.0508,-0.053,-4.4541,0.0402,0.2043,55702023.1,0.5803,-0.0026,-0.0256,-0.0445,0.033,0.4706,35.1512,36.8634,-0.0143,0.0077,-0.0518,-0.052,0.397,0.4822,0
2026-02-16,29.9,29.9,28.7,28.83,85359167,-0.1079,-0.1883,-0.3793,27.998,-0.0585,-0.0571,-9.3966,0.0448,0.1766,56605828.1,1.508,-0.0667,-0.0859,-0.094,0.0416,0.1083,34.8413,35.1512,-0.0026,-0.0143,-0.0508,-0.0518,0.5803,0.397,0
2026-02-17,28.69,28.69,27.36,27.98,137519708,-0.123,-0.2056,-0.3952,25.7505,-0.0653,-0.0601,-9.8292,0.0474,0.1723,60498721.05,2.2731,-0.0295,-0.1026,-0.0983,0.0475,0.4662,27.998,34.8413,-0.0667,-0.0026,-0.0585,-0.0508,1.508,0.5803,1
2026-02-18,27.95,29.35,27.79,28.21,117185846,-0.1059,-0.1927,-0.3879,27.4476,-0.0673,-0.0612,-12.2551,0.0488,0.1951,59403465.95,1.9727,0.0082,-0.1022,-0.1226,0.0553,0.2692,25.7505,27.998,-0.0295,-0.0667,-0.0653,-0.0585,2.2731,1.508,0
2026-02-19,28.21,28.47,27.3,27.51,52518054,-0.1173,-0.2062,-0.4007,25.5347,-0.0723,-0.0647,-12.5278,0.0493,0.2255,54634116.6,0.9613,-0.0248,-0.1117,-0.1253,0.0425,0.1795,27.4476,25.7505,0.0082,-0.0295,-0.0673,-0.0653,1.9727,2.2731,0
2026-02-20,27.35,27.38,26.3,26.55,53351768,-0.136,-0.2268,-0.4191,23.1516,-0.0796,-0.0695,-16.2461,0.0493,0.2659,54851971.55,0.9726,-0.0349,-0.1405,-0.1625,0.0407,0.2315,25.5347,27.4476,-0.0248,0.0082,-0.0723,-0.0673,0.9613,1.9727,0
2026-02-23,26.5,26.78,25.7,25.85,94940789,-0.1458,-0.2398,-0.432,21.5708,-0.0868,-0.0745,-18.0406,0.0461,0.3149,57564625.0,1.6493,-0.0264,-0.1034,-0.1804,0.0418,0.1389,23.1516,25.5347,-0.0349,-0.0248,-0.0796,-0.0723,0.9726,0.9613,0
2026-02-24,25.7,26.4,25.0,25.14,65924049,-0.1557,-0.253,-0.4451,20.0736,-0.0945,-0.0802,-19.3714,0.0467,0.3691,57566668.0,1.1452,-0.0275,-0.1015,-0.1937,0.0557,0.1,21.5708,23.1516,-0.0264,-0.0349,-0.0868,-0.0796,1.6493,0.9726,1
2026-02-25,25.39,25.79,24.82,25.56,72323150,-0.1298,-0.2333,-0.4334,23.458,-0.0947,-0.082,-18.6505,0.0458,0.3864,58440700.05,1.2375,0.0167,-0.0939,-0.1865,0.0379,0.7629,20.0736,21.5708,-0.0275,-0.0264,-0.0945,-0.0868,1.1452,1.6493,0
2026-02-26,25.55,26.12,25.0,25.13,56555709,-0.1325,-0.2389,-0.4405,22.4117,-0.0979,-0.0863,-18.857,0.0477,0.4161,59273837.95,0.9541,-0.0168,-0.0865,-0.1886,0.0446,0.1161,23.458,20.0736,0.0167,-0.0275,-0.0947,-0.0945,1.2375,1.1452,1
2026-02-27,25.12,25.49,24.78,25.22,53882205,-0.1186,-0.229,-0.436,23.184,-0.0974,-0.0883,-18.3555,0.0477,0.4238,58793115.95,0.9165,0.0036,-0.0501,-0.1836,0.0282,0.6197,22.4117,23.458,-0.0168,0.0167,-0.0979,-0.0947,0.9541,1.2375,0
2026-03-02,24.0,24.9,23.62,24.08,63409137,-0.1455,-0.2562,-0.459,20.4123,-0.1045,-0.0949,-16.4759,0.0501,0.4652,59957089.6,1.0576,-0.0452,-0.0685,-0.1648,0.0532,0.3594,23.184,22.4117,0.0036,-0.0168,-0.0974,-0.0979,0.9165,0.9541,1
2026-03-04,24.0,26.1,23.75,24.65,171294984,-0.1147,-0.2314,-0.4437,25.2258,-0.101,-0.0944,-11.9014,0.054,0.4663,65460769.5,2.6168,0.0237,-0.0195,-0.119,0.0953,0.383,20.4123,23.184,-0.0452,0.0036,-0.1045,-0.0974,1.0576,0.9165,0
2026-03-05,25.05,25.2,24.11,24.39,48278492,-0.1136,-0.2323,-0.4471,24.498,-0.1009,-0.0965,-13.5413,0.0555,0.4675,65261765.4,0.7398,-0.0105,-0.0458,-0.1354,0.0447,0.2569,25.2258,20.4123,0.0237,-0.0452,-0.101,-0.1045,2.6168,1.0576,0
2026-03-06,24.39,24.53,23.94,24.07,28412398,-0.1147,-0.2351,-0.4519,23.5956,-0.1012,-0.0984,-12.5045,0.0549,0.473,65076575.85,0.4366,-0.0131,-0.0422,-0.125,0.0245,0.2203,24.498,25.2258,-0.0105,0.0237,-0.1009,-0.101,0.7398,2.6168,0
2026-03-09,23.56,23.81,23.01,23.27,36993403,-0.1322,-0.2528,-0.4676,21.4668,-0.1054,-0.1025,-12.354,0.0533,0.4851,65563583.55,0.5642,-0.0332,-0.0773,-0.1235,0.0344,0.325,23.5956,24.498,-0.0131,-0.0105,-0.1012,-0.1009,0.4366,0.7398,1
2026-03-10,23.5,24.6,23.4,24.22,54237734,-0.0883,-0.2155,-0.4434,29.5905,-0.0975,-0.0983,-6.3056,0.0508,0.4444,66533147.1,0.8152,0.0408,0.0058,-0.0631,0.0495,0.6833,21.4668,23.5956,-0.0332,-0.0131,-0.1054,-0.1012,0.5642,0.4366,0
2026-03-11,24.3,25.04,23.65,23.92,47139026,-0.091,-0.2183,-0.4478,28.5849,-0.0956,-0.0988,-4.8528,0.051,0.4262,66002444.45,0.7142,-0.0124,-0.0296,-0.0485,0.0581,0.1942,29.5905,21.4668,0.0408,-0.0332,-0.0975,-0.1054,0.8152,0.5642,0
2026-03-12,23.89,24.05,23.28,23.7,43853286,-0.0908,-0.2186,-0.4504,27.8378,-0.0937,-0.0985,-7.277,0.0502,0.3918,66848625.6,0.656,-0.0092,-0.0283,-0.0728,0.0325,0.5455,28.5849,29.5905,-0.0124,0.0408,-0.0956,-0.0975,0.7142,0.8152,0
2026-03-13,23.7,23.9,23.0,23.07,32393627,-0.1051,-0.2322,-0.4626,25.7613,-0.0951,-0.1,-8.1974,0.0507,0.363,67394735.55,0.4807,-0.0266,-0.0415,-0.082,0.039,0.0778,27.8378,28.5849,-0.0092,-0.0124,-0.0937,-0.0956,0.656,0.7142,1
2026-03-16,23.18,25.84,22.25,24.31,80291416,-0.0519,-0.1848,-0.4312,35.8965,-0.0843,-0.0927,-3.6082,0.0554,0.2798,69793197.4,1.1504,0.0537,0.0447,-0.0361,0.1477,0.5738,25.7613,27.8378,-0.0266,-0.0092,-0.0951,-0.0937,0.4807,0.656,0
2026-03-17,24.09,24.18,23.4,23.58,38993711,-0.0733,-0.2027,-0.4458,33.037,-0.0835,-0.0932,-2.0764,0.0557,0.2578,67474924.6,0.5779,-0.03,-0.0264,-0.0208,0.0331,0.2308,35.8965,25.7613,0.0537,-0.0266,-0.0843,-0.0951,1.1504,0.4807,1
2026-03-18,23.63,25.12,23.62,24.86,81634949,-0.0208,-0.1542,-0.4133,41.7927,-0.0717,-0.0851,0.8519,0.0544,0.2173,64680686.65,1.2621,0.0543,0.0393,0.0085,0.0603,0.8267,33.037,35.8965,-0.03,0.0537,-0.0835,-0.0843,0.5779,1.1504,0
2026-03-19,24.25,24.46,23.33,23.48,38442639,-0.0685,-0.1948,-0.4434,36.2843,-0.0735,-0.0868,-3.731,0.0589,0.1925,60743526.3,0.6329,-0.0555,-0.0093,-0.0373,0.0481,0.1327,41.7927,33.037,0.0543,-0.03,-0.0717,-0.0835,1.2621,0.5779,1
2026-03-20,24.0,25.35,23.46,24.66,51124656,-0.0197,-0.1491,-0.413,43.1805,-0.0636,-0.0788,2.4512,0.0595,0.1468,60673856.4,0.8426,0.0503,0.0689,0.0245,0.0766,0.6349,36.2843,41.7927,-0.0555,0.0543,-0.0735,-0.0717,0.6329,1.2621,0
2026-03-23,24.47,24.5,23.12,23.32,48421423,-0.0665,-0.1892,-0.4424,38.133,-0.0658,-0.0798,0.2149,0.0627,0.1371,60427339.15,0.8013,-0.0543,-0.0407,0.0021,0.0592,0.1449,43.1805,36.2843,0.0503,-0.0555,-0.0636,-0.0735,0.8426,0.6329,0
2026-03-24,24.0,24.0,23.1,23.25,38234324,-0.0631,-0.1855,-0.4417,37.8839,-0.0643,-0.0769,-4.005,0.0585,0.1286,57592015.9,0.6639,-0.003,-0.014,-0.04,0.0387,0.1667,38.133,43.1805,-0.0543,0.0503,-0.0658,-0.0636,0.8013,0.8426,1
2026-03-25,23.55,24.49,23.45,23.86,60361238,-0.035,-0.1587,-0.4246,41.4722,-0.0586,-0.0717,-0.2508,0.0574,0.1201,57313875.35,1.0532,0.0262,-0.0402,-0.0025,0.0436,0.3942,37.8839,38.133,-0.003,-0.0543,-0.0643,-0.0658,0.6639,0.8013,1
2026-03-27,23.76,25.22,23.6,24.27,109353456,-0.0167,-0.1394,-0.4122,43.8213,-0.0525,-0.0669,2.4051,0.0595,0.1045,59165390.65,1.8483,0.0172,0.0336,0.0241,0.0667,0.4136,41.4722,37.8839,0.0262,-0.003,-0.0586,-0.0643,1.0532,0.6639,0
2026-03-30,24.1,24.12,22.52,22.8,65284041,-0.0695,-0.1854,-0.4454,37.9414,-0.0562,-0.0682,-1.1704,0.0655,0.1127,59601807.25,1.0953,-0.0606,-0.0754,-0.0117,0.0702,0.175,43.8213,41.4722,0.0172,0.0262,-0.0525,-0.0586,1.8483,1.0532,1
2026-04-01,23.99,26.36,23.17,25.89,247154058,0.051,-0.0722,-0.3679,52.3998,-0.0395,-0.0559,6.4994,0.0638,0.1119,69265399.9,3.5682,0.1355,0.1102,0.065,0.1232,0.8527,37.9414,43.8213,-0.0606,0.0172,-0.0562,-0.0525,1.0953,1.8483,1
2026-04-02,25.62,28.62,25.06,28.34,456246744,0.1342,0.0149,-0.3059,60.2979,-0.0217,-0.0452,20.1866,0.0638,0.1715,88907280.25,5.1317,0.0946,0.2189,0.2019,0.1256,0.9213,52.3998,37.9414,0.1355,-0.0606,-0.0395,-0.0562,3.5682,1.0953,1
2026-04-06,28.8,30.4,28.63,29.19,345163844,0.1498,0.0435,-0.2831,62.6155,-0.0076,-0.0366,17.4175,0.0651,0.2262,97600723.25,3.5365,0.03,0.2234,0.1742,0.0606,0.3164,60.2979,52.3998,0.0946,0.1355,-0.0217,-0.0395,5.1317,3.5682,0
2026-04-07,28.69,29.79,28.26,28.83,134261031,0.1211,0.0294,-0.2899,60.9916,0.0022,-0.0292,22.7853,0.0674,0.2667,101899850.2,1.3176,-0.0123,0.1879,0.2279,0.0531,0.3725,62.6155,60.2979,0.03,0.0946,-0.0076,-0.0217,3.5365,5.1317,1
2026-04-08,30.0,31.72,29.23,30.27,260745818,0.1576,0.0774,-0.2525,64.9117,0.0132,-0.0196,22.7494,0.0626,0.3025,113516521.2,2.297,0.0499,0.3276,0.2275,0.0823,0.4177,60.9916,62.6155,-0.0123,0.03,0.0022,-0.0076,1.3176,3.5365,1
2026-04-09,30.5,36.32,30.3,36.32,786402928,0.3393,0.2781,-0.1022,75.8791,0.0314,-0.0068,55.7461,0.0623,0.3725,150986997.45,5.2084,0.1999,0.4029,0.5575,0.1657,1.0,64.9117,60.9916,0.0499,-0.0123,0.0132,0.0022,2.297,1.3176,1
2026-04-10,36.72,41.88,35.7,40.88,1034293039,0.438,0.4142,0.0104,80.7604,0.0507,0.0053,75.828,0.0634,0.4681,199989762.7,5.1717,0.1256,0.4425,0.7583,0.1512,0.8382,75.8791,64.9117,0.1999,0.0499,0.0314,0.0132,5.2084,2.297,0
2026-04-13,39.79,39.79,37.7,38.27,378679869,0.3032,0.3073,-0.0536,71.8037,0.0671,0.0179,60.394,0.0708,0.5665,216566804.85,1.7486,-0.0638,0.3111,0.6039,0.0546,0.2727,80.7604,75.8791,0.1256,0.1999,0.0507,0.0314,5.1717,5.2084,1
2026-04-15,39.14,40.66,38.1,38.59,280787873,0.2759,0.302,-0.0452,72.2106,0.0766,0.0296,59.0029,0.0715,0.6136,228413534.2,1.2293,0.0084,0.3385,0.59,0.0663,0.1914,71.8037,80.7604,-0.0638,0.1256,0.0671,0.0507,1.7486,5.1717,1
2026-04-16,38.7,39.56,37.87,38.68,210213169,0.2458,0.2896,-0.0426,72.3316,0.0836,0.0403,69.6491,0.0716,0.6482,237304511.3,0.8858,0.0023,0.2778,0.6965,0.0437,0.4793,72.2106,71.8037,0.0084,-0.0638,0.0766,0.0671,1.2293,1.7486,1
2026-04-17,38.87,42.0,38.58,40.82,351314724,0.2765,0.342,0.0103,75.1059,0.0878,0.0481,57.6671,0.0723,0.6597,250855676.7,1.4005,0.0553,0.1239,0.5767,0.0838,0.655,72.3316,72.2106,0.0023,0.0084,0.0836,0.0766,0.8858,1.2293,0
2026-04-20,40.9,41.6,39.0,39.22,144974112,0.2006,0.2749,-0.029,69.4951,0.094,0.0589,38.391,0.0777,0.705,256154696.75,0.566,-0.0392,-0.0406,0.3839,0.0663,0.0846,75.1059,72.3316,0.0553,0.0023,0.0878,0.0836,1.4005,0.8858,0
2026-04-21,39.5,39.75,37.1,37.47,142331197,0.1312,0.2077,-0.0717,63.8746,0.0958,0.0684,28.3659,0.0833,0.7437,259189509.15,0.5491,-0.0446,-0.0209,0.2837,0.0707,0.1396,69.4951,75.1059,-0.0392,0.0553,0.094,0.0878,0.566,1.4005,1
2026-04-22,37.69,38.83,37.53,38.43,115307167,0.1427,0.2271,-0.0475,65.5219,0.0923,0.0719,33.2986,0.0805,0.7211,263032735.55,0.4384,0.0256,-0.0041,0.333,0.0338,0.6923,63.8746,69.4951,-0.0446,-0.0392,0.0958,0.094,0.5491,0.566,0
2026-04-23,38.43,38.89,37.03,37.26,76371496,0.0967,0.181,-0.0757,61.8218,0.0908,0.0774,23.0922,0.0797,0.7332,264295077.55,0.289,-0.0304,-0.0367,0.2309,0.0499,0.1237,65.5219,63.8746,0.0256,-0.0446,0.0923,0.0958,0.4384,0.5491,0
2026-04-24,37.7,38.17,35.31,35.79,83360730,0.0481,0.1285,-0.1112,57.4334,0.0865,0.0818,-1.4593,0.0816,0.7297,266042042.9,0.3133,-0.0395,-0.1232,-0.0146,0.0799,0.1678,61.8218,65.5219,-0.0304,0.0256,0.0908,0.0923,0.289,0.4384,1
2026-04-27,36.39,37.58,35.55,36.93,76591268,0.0731,0.1569,-0.0822,59.8157,0.0793,0.0793,-9.6624,0.079,0.6682,267959890.1,0.2858,0.0319,-0.0584,-0.0966,0.055,0.6798,57.4334,61.8218,-0.0395,-0.0304,0.0865,0.0908,0.3133,0.289,0
2026-04-28,37.0,37.08,35.7,35.81,55889463,0.0366,0.1165,-0.109,56.4717,0.0746,0.0803,-6.428,0.0812,0.6411,267736301.35,0.2087,-0.0303,-0.0443,-0.0643,0.0385,0.0797,59.8157,57.4334,0.0319,-0.0395,0.0793,0.0865,0.2858,0.3133,1
2026-04-29,36.24,37.18,35.9,36.21,59769528,0.0434,0.1233,-0.0982,57.388,0.0683,0.0772,-6.1674,0.0773,0.5802,265257104.95,0.2253,0.0112,-0.0578,-0.0617,0.0353,0.2422,56.4717,59.8157,-0.0303,0.0319,0.0746,0.0793,0.2087,0.2858,1
2026-04-30,36.21,36.95,35.57,36.56,59324091,0.0481,0.1282,-0.0886,58.2167,0.0634,0.0739,-5.4809,0.0674,0.4853,264959107.45,0.2239,0.0097,-0.0188,-0.0548,0.0377,0.7174,57.388,56.4717,0.0112,-0.0303,0.0683,0.0746,0.2253,0.2087,0
2026-05-01,36.56,36.56,36.56,36.56,0,0.0433,0.1226,-0.0878,58.2167,0.0594,0.071,-10.4361,0.0554,0.4178,252601404.55,0.0,0.0,0.0215,-0.1044,0.0,0.0,58.2167,57.388,0.0097,0.0112,0.0634,0.0683,0.2239,0.2253,0
2026-05-04,37.49,37.81,36.16,36.41,55675040,0.0352,0.1128,-0.0908,57.6593,0.0554,0.0681,-7.1647,0.0526,0.3696,232572819.35,0.2394,-0.0041,-0.0141,-0.0716,0.0453,0.1515,58.2167,58.2167,0.0,0.0097,0.0594,0.0634,0.0,0.2239,0
2026-05-05,36.49,36.71,33.55,34.54,81718998,-0.0163,0.0534,-0.1363,51.0919,0.05,0.0674,-7.8196,0.0567,0.341,219400577.05,0.3725,-0.0514,-0.0355,-0.0782,0.0915,0.3133,57.6593,58.2167,-0.0041,0.0,0.0554,0.0594,0.2394,0.0,1
2026-05-06,34.99,35.19,33.85,34.81,55246816,-0.0078,0.059,-0.1284,51.943,0.0431,0.0621,-9.4197,0.0555,0.2698,215449866.3,0.2564,0.0078,-0.0387,-0.0942,0.0385,0.7164,51.0919,57.6593,-0.0514,-0.0041,0.05,0.0554,0.3725,0.2394,1
2026-05-07,35.05,35.58,34.52,35.09,48920988,0.0002,0.0647,-0.1203,52.8592,0.0378,0.0569,-5.8239,0.0503,0.2059,204858624.8,0.2388,0.008,-0.0402,-0.0582,0.0302,0.5377,51.943,51.0919,0.0078,-0.0514,0.0431,0.05,0.2564,0.3725,1
2026-05-08,34.6,36.64,34.41,36.08,87200801,0.0256,0.0907,-0.0946,56.0497,0.0348,0.0512,0.8103,0.0482,0.2011,169898518.45,0.5133,0.0282,-0.0131,0.0081,0.0618,0.7489,52.8592,51.943,0.008,0.0078,0.0378,0.0431,0.2388,0.2564,1
2026-05-11,36.35,37.73,35.82,36.97,113599340,0.0459,0.1125,-0.0716,58.7523,0.034,0.0468,0.1083,0.0456,0.1727,123863833.5,0.9171,0.0247,0.0154,0.0011,0.0517,0.6021,56.0497,52.8592,0.0282,0.008,0.0348,0.0378,0.5133,0.2388,0
2026-05-12,36.97,37.34,34.95,35.13,54912648,-0.0056,0.0548,-0.1168,51.6771,0.0312,0.0456,-1.8989,0.0501,0.1846,107675472.45,0.51,-0.0498,0.0171,-0.019,0.068,0.0753,58.7523,56.0497,0.0247,0.0282,0.034,0.0348,0.9171,0.5133,1
2026-05-13,35.17,36.19,34.86,36.02,44235574,0.0177,0.078,-0.0936,54.5294,0.0286,0.0413,-0.5247,0.0478,0.1753,95847857.5,0.4615,0.0253,0.0348,-0.0052,0.0369,0.8722,51.6771,58.7523,-0.0498,0.0247,0.0312,0.034,0.51,0.9171,0
2026-05-14,36.25,36.8,35.02,36.0,59616494,0.0155,0.0742,-0.0932,54.4517,0.0267,0.0384,-1.5317,0.0457,0.1687,88318023.75,0.675,-0.0006,0.0259,-0.0153,0.0494,0.5506,54.5294,51.6771,0.0253,-0.0498,0.0286,0.0312,0.4615,0.51,0
2026-05-15,36.25,36.37,35.46,35.68,47083086,0.0058,0.0619,-0.1004,53.1454,0.0245,0.0359,-2.407,0.0438,0.13,73106441.85,0.644,-0.0089,-0.0111,-0.0241,0.0255,0.2418,54.4517,54.5294,-0.0006,0.0253,0.0267,0.0286,0.675,0.4615,0
2026-05-18,35.67,35.67,34.43,34.93,33867668,-0.0139,0.038,-0.1183,50.1112,0.0211,0.0335,-4.0648,0.0445,0.1127,67551119.65,0.5014,-0.021,-0.0552,-0.0406,0.0355,0.4032,53.1454,54.4517,-0.0089,-0.0006,0.0245,0.0267,0.644,0.675,1
2026-05-19,35.08,38.14,34.95,36.58,131477628,0.0295,0.0833,-0.0759,56.0554,0.0205,0.0297,5.9062,0.0461,0.1028,67008441.2,1.9621,0.0472,0.0413,0.0591,0.0872,0.511,50.1112,53.1454,-0.021,-0.0089,0.0211,0.0245,0.5014,0.644,1
2026-05-20,36.58,37.85,36.02,36.96,93036898,0.0362,0.0906,-0.0657,57.3167,0.0212,0.0278,6.1764,0.0465,0.0858,65894927.75,1.4119,0.0104,0.0261,0.0618,0.0495,0.5137,56.0554,50.1112,0.0472,-0.021,0.0205,0.0211,1.9621,0.5014,0
2026-05-21,35.63,36.1,34.83,35.51,103799544,-0.004,0.0458,-0.1014,51.2695,0.0193,0.027,1.1969,0.0527,0.0838,67266330.15,1.5431,-0.0392,-0.0136,0.012,0.0358,0.5354,57.3167,56.0554,0.0104,0.0472,0.0212,0.0205,1.4119,1.9621,1
2026-05-22,35.89,36.83,35.32,36.01,78171002,0.009,0.058,-0.088,53.1068,0.0177,0.0248,-0.194,0.0517,0.0825,67006843.75,1.1666,0.0141,0.0092,-0.0019,0.0419,0.457,51.2695,57.3167,-0.0392,0.0104,0.0193,0.0212,1.5431,1.4119,1
2026-05-25,36.49,38.15,36.36,37.89,96157095,0.0555,0.1083,-0.04,59.3176,0.0197,0.0228,2.4885,0.0472,0.0882,67985135.1,1.4144,0.0522,0.0847,0.0249,0.0472,0.8547,53.1068,51.2695,0.0141,-0.0392,0.0177,0.0193,1.1666,1.5431,0
2026-05-26,37.89,38.4,37.37,37.58,68553911,0.0422,0.095,-0.0474,57.9545,0.0212,0.0227,6.9741,0.047,0.0965,68618357.5,0.9991,-0.0082,0.0273,0.0697,0.0274,0.2039,59.3176,53.1068,0.0522,0.0141,0.0197,0.0177,1.4144,1.1666,1
2026-05-27,37.62,39.49,37.46,39.24,133987597,0.0792,0.137,-0.0052,62.8742,0.0245,0.0222,8.9395,0.0467,0.1173,72329260.95,1.8525,0.0442,0.0617,0.0894,0.0517,0.8768,57.9545,59.3176,-0.0082,0.0522,0.0212,0.0197,0.9991,1.4144,0
2026-05-28,39.24,39.24,39.24,39.24,0,0.0711,0.1309,-0.0052,62.8742,0.0275,0.0233,9.0,0.0427,0.1359,69363056.4,0.0,0.0,0.105,0.09,0.0,0.0,62.8742,57.9545,0.0442,-0.0082,0.0245,0.0212,1.8525,0.9991,1
2026-05-29,39.7,42.88,39.65,41.49,326178767,0.1184,0.1866,0.0513,68.642,0.0322,0.0241,16.2836,0.0433,0.1696,85671994.75,3.8073,0.0573,0.1522,0.1628,0.0779,0.5697,62.8742,62.8742,0.0,0.0442,0.0275,0.0245,0.0,1.8525,0
2026-06-01,41.87,42.0,39.13,39.53,137812970,0.059,0.1248,0.0016,59.9104,0.0346,0.0271,13.1692,0.0464,0.1898,89778891.25,1.535,-0.0472,0.0433,0.1317,0.0726,0.1394,68.642,62.8742,0.0573,0.0,0.0322,0.0275,3.8073,0.0,1
2026-06-02,38.5,40.0,38.08,39.83,98959590,0.0602,0.1275,0.0091,60.7337,0.0351,0.0286,8.8846,0.0471,0.1926,90640920.85,1.0918,0.0076,0.0599,0.0888,0.0482,0.9115,59.9104,68.642,-0.0472,0.0573,0.0346,0.0322,1.535,3.8073,1
2026-06-03,40.0,43.81,39.14,43.74,266948059,0.1464,0.2267,0.107,69.5199,0.0394,0.0287,18.3442,0.0476,0.216,101225983.0,2.6371,0.0982,0.1147,0.1834,0.1068,0.985,60.7337,59.9104,0.0076,-0.0472,0.0351,0.0346,1.0918,1.535,0
2026-06-04,43.49,45.5,42.82,43.32,251627228,0.1209,0.2048,0.0953,67.7658,0.0443,0.032,21.9938,0.051,0.2425,111361295.0,2.2596,-0.0096,0.104,0.2199,0.0619,0.1866,69.5199,60.7337,0.0982,0.0076,0.0394,0.0351,2.6371,1.0918,1
2026-06-05,43.4,45.1,42.78,44.88,232651366,0.1437,0.2361,0.1333,70.7208,0.0485,0.0344,24.632,0.0509,0.2688,118633823.25,1.9611,0.036,0.0817,0.2463,0.0517,0.9052,67.7658,69.5199,-0.0096,0.0982,0.0443,0.0394,2.2596,2.6371,0
2026-06-08,44.0,46.37,43.28,44.43,254523598,0.1182,0.2131,0.1205,68.7626,0.0522,0.0383,17.2605,0.0512,0.2961,125680036.15,2.0252,-0.01,0.124,0.1726,0.0695,0.3722,70.7208,67.7658,0.036,-0.0096,0.0485,0.0443,1.9611,2.2596,0
